Vehicle_ID,Speed_mps,Speed_kmph,Position_X,Position_Y,Waiting_Time_sec
34753_353_0,6.06,21.83,10836.47,14003.89,0.0
34758_353_0,14.04,50.53,16938.43,12811.33,0.0
34893_353_0,14.6,52.57,11018.78,10484.8,0.0
34931_353_0,13.75,49.5,16873.25,12508.27,0.0
34983_353_0,0.0,0.0,10694.84,16360.0,6.0
35004_353_0,1.98,7.14,8603.73,21705.52,0.0
35145_353_0,14.2,51.1,16951.63,7601.98,0.0
35150_353_0,6.22,22.38,12718.35,20748.1,0.0
35177_353_0,13.21,47.56,8364.59,14557.05,0.0
35252_353_0,13.21,47.56,21031.86,17812.71,0.0
35277_354_0,6.42,23.12,5366.55,14802.53,0.0
35280_354_0,13.46,48.46,17367.3,16672.95,0.0
35290_354_0,12.63,45.48,18574.74,15213.14,0.0
35294_354_0,14.2,51.12,17814.9,17460.27,0.0
35340_354_0,27.98,100.73,18882.21,11452.34,0.0
35360_354_0,15.19,54.68,10530.19,15539.59,0.0
35367_354_0,0.02,0.08,8622.69,21693.52,3.0
35378_354_0,14.42,51.9,16618.81,16954.92,0.0
35380_354_0,11.72,42.2,15071.67,13301.07,0.0
35397_354_0,3.25,11.69,8562.22,21747.77,0.0
35402_354_0,0.17,0.61,20741.95,8000.89,0.0
35440_354_0,12.91,46.48,14090.73,13125.17,0.0
35447_354_0,13.19,47.48,14392.55,10231.9,0.0
35470_354_0,13.77,49.56,13115.31,13163.63,0.0
35471_354_0,0.19,0.7,19424.58,17157.81,0.0
35472_354_0,7.36,26.48,23811.37,11801.05,0.0
35473_354_0,0.05,0.18,12519.56,14503.65,2.0
35498_354_0,8.04,28.95,21023.57,14572.52,0.0
35513_354_0,0.01,0.02,20635.5,8368.58,3.0
35551_354_0,19.99,71.97,18375.33,12051.81,0.0
35554_354_0,22.87,82.35,21637.98,10567.96,0.0
35559_354_0,13.38,48.16,10696.0,14034.77,0.0
35563_354_0,30.97,111.49,9614.04,10432.35,0.0
35584_354_0,13.96,50.26,20885.17,8938.98,0.0
35597_354_0,10.31,37.13,17988.31,17771.75,0.0
35600_354_0,13.62,49.04,14083.44,15298.19,0.0
35607_354_0,0.29,1.06,8527.41,21881.17,0.0
35610_354_0,12.75,45.9,16197.67,14873.64,0.0
35633_354_0,15.24,54.88,9627.79,14084.66,0.0
35644_354_0,0.45,1.61,14651.79,12221.88,0.0
35674_354_0,22.58,81.3,14668.26,6451.35,0.0
35705_354_0,0.0,0.0,8712.7,14177.02,17.0
35723_354_0,12.7,45.71,14067.83,15490.15,0.0
35724_354_0,15.27,54.97,17027.45,16756.87,0.0
35740_354_0,26.82,96.57,22671.42,9458.0,0.0
35745_355_0,9.56,34.4,8900.03,15269.35,0.0
35752_355_0,11.85,42.64,11458.36,15927.09,0.0
35757_355_0,6.97,25.08,14936.52,17958.92,0.0
35759_355_0,14.43,51.94,15608.8,11440.12,0.0
35782_355_0,19.92,71.71,14636.11,15882.62,0.0
35818_355_0,34.75,125.09,20763.57,12921.49,0.0
35828_355_0,26.41,95.06,21529.46,10969.24,0.0
35833_355_0,13.91,50.08,10343.24,15947.27,0.0
35845_355_0,8.81,31.72,20055.63,6133.12,0.0
35864_355_0,0.0,0.0,8688.5,14154.66,10.0
35868_355_0,11.59,41.71,20684.18,8551.0,0.0
35870_355_0,16.25,58.5,10230.26,12555.68,0.0
35891_355_0,14.9,53.65,23549.22,7847.34,0.0
35903_355_0,21.42,77.13,18322.51,12062.93,0.0
35911_355_0,26.74,96.28,20518.55,13312.0,0.0
35923_355_0,14.33,51.59,18652.91,12488.32,0.0
35934_355_0,16.27,58.56,21059.28,15660.41,0.0
35935_355_0,23.04,82.95,12683.48,23262.82,0.0
35957_355_0,17.23,62.01,16843.45,10653.64,0.0
35974_355_0,12.78,46.0,14516.32,9350.28,0.0
35980_355_0,12.81,46.1,13941.0,14865.26,0.0
35982_355_0,13.65,49.13,14975.3,5846.84,0.0
35987_355_0,0.0,0.0,21175.54,10329.48,20.0
35993_355_0,2.55,9.2,20752.2,8197.89,0.0
36002_355_0,11.8,42.49,13496.42,16016.05,0.0
36016_355_0,22.89,82.4,8507.39,22034.22,0.0
36019_355_0,21.7,78.12,10903.59,9419.76,0.0
36028_355_0,30.63,110.28,11941.12,16603.89,0.0
36029_355_0,11.44,41.17,21957.19,10695.47,0.0
36047_355_0,13.33,48.0,9118.78,15200.53,0.0
36052_355_0,12.97,46.7,19177.16,17083.76,0.0
36060_355_0,12.68,45.63,21391.71,16783.83,0.0
36082_355_0,23.43,84.34,18772.33,11765.25,0.0
36085_355_0,21.23,76.41,18205.02,12114.79,0.0
36116_355_0,0.0,0.0,12938.98,14846.93,9.0
36128_355_0,29.75,107.11,19678.56,15202.98,0.0
36134_355_0,12.99,46.75,13242.54,15871.64,0.0
36148_355_0,13.17,47.4,16450.96,14818.81,0.0
36158_355_0,0.08,0.28,21062.03,14567.47,1.0
36165_355_0,0.0,0.0,15682.21,8446.89,25.0
36169_355_0,19.34,69.63,9734.41,22822.83,0.0
36170_355_0,16.18,58.25,5814.77,25727.93,0.0
36174_355_0,14.7,52.91,21231.63,12348.4,0.0
36196_355_0,10.29,37.06,12054.6,11990.79,0.0
36197_355_0,7.58,27.28,14998.78,16899.72,0.0
36199_355_0,26.4,95.06,20466.12,10503.85,0.0
36202_355_0,12.15,43.75,15432.72,10315.14,0.0
36210_356_0,0.92,3.31,17901.15,17631.05,0.0
36211_356_0,0.31,1.12,15630.41,8504.85,0.0
36216_356_0,28.89,104.0,11534.83,17340.98,0.0
36218_356_0,11.3,40.68,8969.56,22230.27,0.0
36225_356_0,17.14,61.72,11686.8,13688.2,0.0
36228_356_0,0.02,0.08,17012.84,13909.45,2.0
36229_356_0,10.99,39.55,14482.93,9541.68,0.0
36234_356_0,4.68,16.86,10197.29,23093.06,0.0
36237_356_0,13.99,50.35,18582.09,18045.0,0.0
36240_356_0,11.11,39.99,12589.97,14533.18,0.0
36244_356_0,28.12,101.24,19357.89,11013.01,0.0
36245_356_0,8.58,30.88,11006.26,15322.91,0.0
36251_356_0,24.41,87.87,6278.41,13408.33,0.0
36255_356_0,26.99,97.15,20874.08,10476.83,0.0
36257_356_0,12.2,43.91,18969.46,15527.1,0.0
36258_356_0,27.25,98.09,19946.36,10640.49,0.0
36267_356_0,11.79,42.44,15944.95,11989.88,0.0
36268_356_0,0.0,0.0,12866.42,13127.38,3.0
36272_356_0,12.02,43.26,11643.67,13884.12,0.0
36274_356_0,17.77,63.96,17683.71,18416.75,0.0
36295_356_0,14.14,50.89,17208.44,16359.12,0.0
36299_356_0,12.55,45.19,15179.74,14213.1,0.0
36301_356_0,24.59,88.53,22478.07,9649.44,0.0
36302_356_0,12.16,43.79,15903.33,13881.03,0.0
36304_356_0,0.0,0.0,19864.45,17280.48,15.0
36306_356_0,19.56,70.42,17774.7,15032.3,0.0
36316_356_0,11.17,40.22,6778.38,17785.64,0.0
36328_356_0,13.08,47.08,11557.86,20296.81,0.0
36332_356_0,13.31,47.92,17500.79,17914.19,0.0
36354_356_0,16.76,60.33,12700.11,8281.26,0.0
36355_356_0,6.16,22.19,20893.81,17476.84,0.0
36357_356_0,3.98,14.32,15778.85,16770.79,0.0
36364_356_0,28.3,101.87,14657.27,6910.17,0.0
36366_356_0,13.71,49.36,17017.4,13876.96,0.0
36370_356_0,0.0,0.0,19844.01,17274.77,22.0
36378_356_0,17.28,62.19,21187.63,12399.18,0.0
36384_356_0,22.45,80.82,11603.65,17172.18,0.0
36390_356_0,0.16,0.58,20518.35,17545.66,0.0
36392_356_0,0.05,0.2,20750.04,8150.73,2.0
36394_356_0,0.0,0.01,16992.09,11006.5,3.0
36395_356_0,12.65,45.55,20518.09,17436.57,0.0
36399_356_0,28.87,103.95,11707.76,17004.79,0.0
36404_356_0,0.0,0.02,18837.36,18806.79,3.0
36405_356_0,13.02,46.86,16937.58,12838.82,0.0
36408_356_0,19.87,71.55,15502.98,15630.14,0.0
36409_356_0,2.65,9.52,14105.22,16522.47,0.0
36416_356_0,27.85,100.26,20835.02,10479.47,0.0
36430_356_0,36.84,132.63,12773.2,8224.34,0.0
36434_356_0,13.47,48.49,12918.34,14307.45,0.0
36439_356_0,0.0,0.0,17214.66,8034.74,12.0
36445_356_0,14.07,50.64,14295.06,13840.41,0.0
36450_356_0,12.17,43.8,9177.55,14115.57,0.0
36462_356_0,37.08,133.48,16428.65,10031.17,0.0
36470_356_0,11.28,40.62,20716.19,7527.83,0.0
36471_356_0,11.08,39.88,15530.52,10200.63,0.0
36482_356_0,0.0,0.0,21171.34,10333.33,21.0
36486_356_0,11.71,42.15,11312.47,24269.11,0.0
36491_356_0,22.36,80.5,18261.39,12083.76,0.0
36492_356_0,0.3,1.09,21228.29,10276.77,0.0
36494_356_0,0.0,0.0,11464.99,24441.89,5.0
36498_356_0,0.0,0.0,19849.12,17276.2,20.0
36503_356_0,0.0,0.0,13974.0,16001.51,5.0
36509_356_0,13.75,49.49,18456.91,15064.21,0.0
36512_356_0,12.07,43.44,8407.46,15204.95,0.0
36515_356_0,13.44,48.4,18500.6,15185.42,0.0
36517_356_0,0.03,0.12,8684.43,14151.6,1.0
36522_356_0,0.05,0.18,15050.41,14213.8,1.0
36527_356_0,0.33,1.18,21282.75,10178.09,0.0
36535_356_0,4.67,16.8,14220.76,11411.78,0.0
36537_356_0,0.98,3.53,21157.99,10351.19,0.0
36539_356_0,14.93,53.74,9380.47,20722.62,0.0
36545_356_0,25.27,90.96,23145.59,8943.3,0.0
36559_356_0,24.9,89.64,19075.32,11199.99,0.0
36568_356_0,14.52,52.26,14542.39,12551.77,0.0
36570_356_0,12.77,45.97,21327.73,17902.51,0.0
36572_356_0,11.29,40.65,9235.0,24281.44,0.0
36575_356_0,1.86,6.7,20747.05,8087.05,0.0
36577_356_0,30.85,111.05,19316.56,16924.13,0.0
36583_356_0,14.24,51.27,16947.59,16802.21,0.0
36588_356_0,0.39,1.41,17072.71,16001.15,0.0
36596_356_0,25.3,91.09,20434.62,11955.49,0.0
36604_356_0,8.26,29.74,11606.71,13954.9,0.0
36612_356_0,10.36,37.29,14404.42,10211.85,0.0
36617_356_0,0.2,0.71,10315.08,20889.81,0.0
36618_356_0,24.57,88.45,11388.11,17771.76,0.0
36630_356_0,0.0,0.0,21196.59,10310.23,11.0
36634_356_0,29.46,106.04,17985.0,20057.23,0.0
36638_356_0,28.67,103.22,16370.8,9921.57,0.0
36651_356_0,14.64,52.71,19126.48,17190.07,0.0
36652_356_0,13.1,47.16,14510.51,9370.52,0.0
36655_356_0,5.98,21.54,16315.6,9228.86,0.0
36656_356_0,8.28,29.8,14533.42,9184.2,0.0
36657_356_0,23.86,85.89,15959.48,15105.72,0.0
36660_356_0,11.33,40.79,9323.8,20057.12,0.0
36669_356_0,13.64,49.11,11231.36,13978.86,0.0
36673_356_0,24.71,88.97,22783.74,9379.86,0.0
36675_356_0,11.07,39.86,19417.18,17287.17,0.0
36690_356_0,11.38,40.95,6808.04,18424.73,0.0
36692_356_0,17.59,63.31,21450.83,10080.83,0.0
36693_356_0,24.12,86.83,23513.88,5935.76,0.0
36722_356_0,6.0,21.6,8783.54,14063.17,0.0
36723_356_0,12.53,45.09,7595.57,15769.42,0.0
36727_356_0,13.65,49.15,16507.15,14202.88,0.0
36740_357_0,13.15,47.34,8168.39,21627.36,0.0
36743_357_0,0.0,0.0,18708.23,14720.8,9.0
36746_357_0,24.25,87.3,21224.55,10445.38,0.0
36747_357_0,11.59,41.72,8900.91,22194.24,0.0
36752_357_0,23.04,82.95,11671.65,22625.7,0.0
36755_357_0,10.5,37.81,17472.66,17996.42,0.0
36756_357_0,32.48,116.94,8982.41,10878.94,0.0
36757_357_0,13.42,48.3,16586.99,12647.01,0.0
36759_357_0,0.01,0.03,14094.14,16495.73,1.0
36764_357_0,3.76,13.53,17008.75,10988.69,0.0
36767_357_0,18.97,68.29,11881.17,13113.64,0.0
36769_357_0,13.21,47.54,10057.29,15958.51,0.0
36771_357_0,20.48,73.71,13935.71,19735.79,0.0
36776_357_0,9.86,35.49,13024.13,12630.76,0.0
36778_357_0,13.11,47.18,16152.98,17013.97,0.0
36783_357_0,0.01,0.02,15771.42,9865.02,1.0
36784_357_0,19.71,70.95,11950.66,12864.32,0.0
36788_357_0,10.28,37.0,6638.0,18337.23,0.0
36792_357_0,17.99,64.78,11961.42,12833.08,0.0
36794_357_0,9.02,32.46,14145.31,16829.25,0.0
36795_357_0,12.5,45.02,11760.52,14349.27,0.0
36797_357_0,17.85,64.26,11544.11,24350.65,0.0
36808_357_0,15.63,56.25,8597.35,21544.25,0.0
36809_357_0,5.07,18.24,23566.64,5165.42,0.0
36816_357_0,13.34,48.03,13696.18,13686.31,0.0
36821_357_0,18.4,66.23,17155.51,18928.23,0.0
36827_357_0,1.64,5.9,18655.01,18596.84,0.0
36829_357_0,13.39,48.19,18640.7,14811.53,0.0
36830_357_0,14.01,50.44,12334.84,15662.63,0.0
36840_357_0,23.08,83.07,23332.46,8528.61,0.0
36848_357_0,27.27,98.19,10968.44,9370.21,0.0
36860_357_0,15.16,54.58,17018.51,12519.41,0.0
36861_357_0,0.0,0.0,12775.43,13300.94,11.0
36862_357_0,0.02,0.07,21221.87,10287.11,3.0
36866_357_0,13.47,48.48,24336.73,4980.89,0.0
36869_357_0,30.32,109.14,21066.33,10461.57,0.0
36873_357_0,11.7,42.13,19422.64,17266.22,0.0
36874_357_0,7.84,28.22,13044.95,10375.57,0.0
36881_357_0,26.29,94.66,20597.67,13180.73,0.0
36883_357_0,16.04,57.75,11933.26,16511.92,0.0
36888_357_0,0.01,0.03,8626.34,21691.21,5.0
36889_357_0,8.72,31.38,10165.81,23351.13,0.0
36890_357_0,11.72,42.19,23109.15,4158.31,0.0
36892_357_0,11.63,41.87,11167.52,14718.74,0.0
36894_357_0,0.21,0.77,21234.83,10275.26,0.0
36896_357_0,26.6,95.76,20453.46,10489.84,0.0
36898_357_0,19.46,70.06,10952.41,9428.93,0.0
36906_357_0,14.37,51.72,14380.16,10311.36,0.0
36908_357_0,15.07,54.24,17014.44,8422.57,0.0
36917_357_0,12.45,44.81,18100.51,15071.18,0.0
36918_357_0,25.13,90.49,10805.52,18991.28,0.0
36925_357_0,20.79,74.85,20539.32,15478.67,0.0
36926_357_0,10.39,37.42,18041.48,18019.28,0.0
36927_357_0,2.58,9.3,14857.99,18889.28,0.0
36932_357_0,0.0,0.0,12767.75,13294.08,7.0
36939_357_0,23.53,84.71,16299.76,14832.72,0.0
36948_357_0,27.26,98.15,9268.97,21052.54,0.0
36952_357_0,13.51,48.64,7984.33,17641.97,0.0
36954_357_0,12.22,44.01,21237.28,14618.38,0.0
36955_357_0,0.0,0.0,19469.07,17170.72,18.0
36959_357_0,21.01,75.62,11540.32,17285.22,0.0
36966_357_0,10.01,36.03,23808.4,11827.57,0.0
36969_357_0,15.66,56.36,12667.69,8224.57,0.0
36982_357_0,3.38,12.17,12867.84,14744.61,0.0
36984_357_0,10.76,38.75,18441.68,12002.89,0.0
36990_357_0,0.0,0.0,11668.95,13954.75,11.0
37008_357_0,18.53,66.71,14625.95,7870.86,0.0
37009_357_0,9.48,34.13,15383.28,17860.59,0.0
37010_357_0,30.35,109.25,19855.38,10695.04,0.0
37011_357_0,0.06,0.23,12215.19,15324.03,1.0
37013_357_0,12.69,45.67,11167.0,13976.99,0.0
37015_357_0,0.0,0.0,17501.58,17166.11,15.0
37024_357_0,19.28,69.4,11768.99,14379.95,0.0
37026_357_0,16.83,60.6,12536.81,20730.86,0.0
37030_357_0,0.0,0.0,19139.17,17098.76,22.0
37032_357_0,16.34,58.84,10460.6,20979.7,0.0
37034_357_0,13.02,46.86,18193.93,14176.1,0.0
37041_357_0,21.67,78.02,12044.84,16275.25,0.0
37043_357_0,11.68,42.07,18261.09,15103.13,0.0
37048_357_0,12.98,46.73,6783.57,14240.42,0.0
37056_357_0,12.06,43.43,18482.64,15029.79,0.0
37064_357_0,16.02,57.67,14583.32,8699.23,0.0
37070_357_0,15.98,57.52,21233.67,10546.1,0.0
37076_357_0,13.39,48.21,16008.97,9587.35,0.0
37077_357_0,12.82,46.16,15616.96,17584.07,0.0
37079_357_0,0.0,0.0,14915.3,13738.37,5.0
37080_357_0,2.82,10.16,8531.44,21907.64,0.0
37084_357_0,0.79,2.85,19418.28,17159.23,0.0
37086_357_0,13.86,49.88,12261.9,14310.49,0.0
37088_357_0,14.77,53.16,9500.76,14090.36,0.0
37089_357_0,6.46,23.26,13756.59,16390.3,0.0
37096_357_0,23.94,86.19,11731.53,22674.22,0.0
37097_357_0,20.74,74.68,14043.8,19622.98,0.0
37099_357_0,25.88,93.18,11501.35,17378.11,0.0
37100_357_0,11.66,41.96,8669.57,15244.08,0.0
37101_357_0,8.45,30.43,11915.01,15520.51,0.0
37104_357_0,12.55,45.17,18333.63,16827.07,0.0
37108_357_0,10.14,36.5,12617.61,13163.95,0.0
37114_357_0,0.0,0.0,13911.04,12274.97,8.0
37119_357_0,37.86,136.29,23707.37,7931.88,0.0
37120_357_0,13.93,50.14,12483.79,13623.18,0.0
37121_357_0,18.63,67.08,11808.53,20900.92,0.0
37125_357_0,29.82,107.34,8607.98,21904.92,0.0
37128_357_0,0.0,0.0,21159.88,10348.57,24.0
37141_357_0,14.07,50.65,18206.11,18145.47,0.0
37142_357_0,25.97,93.48,10556.84,19344.17,0.0
37144_357_0,0.0,0.0,21209.22,10298.68,6.0
37148_357_0,13.46,48.46,10007.9,13322.85,0.0
37151_357_0,9.9,35.63,16002.35,11939.16,0.0
37152_357_0,19.84,71.44,16694.9,14899.97,0.0
37154_357_0,0.0,0.0,16087.55,7963.84,20.0
37155_357_0,16.52,59.47,9523.29,20697.67,0.0
37160_357_0,31.7,114.13,22812.6,9342.82,0.0
37166_357_0,11.83,42.6,14372.02,14125.61,0.0
37173_357_0,5.06,18.2,19140.66,14167.57,0.0
37176_357_0,5.78,20.82,21147.94,10365.72,0.0
37182_357_0,12.38,44.58,11336.82,19718.94,0.0
37184_357_0,2.11,7.61,22964.19,7521.76,0.0
37188_357_0,12.05,43.37,18222.08,14180.79,0.0
37191_357_0,21.78,78.4,14654.11,6985.25,0.0
37203_357_0,13.07,47.04,11436.59,12549.99,0.0
37205_357_0,15.94,57.4,8751.61,21649.1,0.0
37212_357_0,11.35,40.85,14789.76,16570.12,0.0
37214_357_0,13.75,49.52,17050.99,11154.58,0.0
37215_357_0,29.39,105.8,11979.65,22848.02,0.0
37216_357_0,9.56,34.41,19158.49,14171.81,0.0
37223_357_0,17.24,62.06,11773.02,6000.46,0.0
37225_357_0,26.95,97.03,21847.48,10200.77,0.0
37226_357_0,24.63,88.68,23163.25,8913.25,0.0
37227_357_0,4.63,16.66,13604.56,12509.11,0.0
37230_357_0,0.0,0.0,14533.73,9209.04,8.0
37231_357_0,55.39,199.4,7690.9,22982.63,0.0
37234_357_0,15.56,56.02,9398.71,12718.05,0.0
37236_357_0,8.02,28.88,14887.22,5848.69,0.0
37237_357_0,13.58,48.87,12501.0,15500.73,0.0
37244_357_0,23.51,84.64,23407.9,8147.61,0.0
37245_357_0,1.21,4.34,16997.04,11001.27,0.0
37249_357_0,13.23,47.61,16939.87,11062.19,0.0
37255_357_0,10.93,39.35,10939.96,12253.64,0.0
37258_357_0,0.03,0.11,15866.88,14724.81,1.0
37262_357_0,0.0,0.0,12934.7,14832.38,22.0
37264_357_0,6.68,24.05,9612.48,20201.27,0.0
37265_357_0,21.78,78.41,17972.46,12267.85,0.0
37266_357_0,12.31,44.32,6968.77,14230.39,0.0
37269_357_0,12.24,44.07,11403.52,14562.6,0.0
37270_357_0,15.18,54.64,9435.62,23812.27,0.0
37271_357_0,6.63,23.88,14000.44,15959.98,0.0
37275_357_0,9.61,34.59,13571.39,15251.3,0.0
37276_357_0,16.79,60.43,9730.17,22821.97,0.0
37293_357_0,3.89,13.99,17905.16,17637.59,0.0
37298_357_0,15.67,56.4,5806.97,25602.92,0.0
37300_357_0,7.81,28.12,13530.18,14579.97,0.0
37302_357_0,13.17,47.41,23683.4,6654.12,0.0
37307_357_0,0.0,0.0,13979.42,15994.06,11.0
37310_357_0,12.6,45.37,23117.99,4139.68,0.0
37311_357_0,17.13,61.68,18713.77,11540.34,0.0
37317_357_0,0.0,0.0,16914.71,20696.86,13.0
37321_357_0,38.12,137.22,16041.14,9538.64,0.0
37322_357_0,11.81,42.52,13115.46,12815.56,0.0
37327_357_0,12.5,45.01,15391.84,13637.43,0.0
37332_357_0,12.02,43.26,20612.1,14462.33,0.0
37336_357_0,14.05,50.59,13822.7,16148.85,0.0
37341_357_0,14.68,52.84,14384.15,10261.87,0.0
37342_357_0,13.29,47.84,12791.09,14438.75,0.0
37352_357_0,11.33,40.8,14403.46,10147.67,0.0
37353_357_0,11.75,42.29,15423.95,14201.57,0.0
37356_357_0,14.98,53.91,18219.72,12128.01,0.0
37361_357_0,17.39,62.62,9741.53,22841.73,0.0
37362_357_0,11.96,43.06,14815.37,13253.42,0.0
37363_357_0,11.64,41.92,8730.09,13620.68,0.0
37367_357_0,14.19,51.09,16750.87,11794.26,0.0
37368_357_0,35.15,126.55,14557.04,8623.05,0.0
37369_357_0,7.66,27.57,19127.8,9724.28,0.0
37372_357_0,8.4,30.25,13155.57,14973.2,0.0
37381_357_0,15.19,54.69,20189.39,5847.89,0.0
37386_357_0,20.83,74.97,18017.71,12228.83,0.0
37397_357_0,0.0,0.0,14019.04,15856.86,4.0
37398_357_0,13.32,47.97,20218.37,6366.27,0.0
37404_357_0,7.13,25.65,14139.73,13218.23,0.0
37405_357_0,13.03,46.89,19010.3,16121.13,0.0
37408_357_0,3.41,12.28,17508.86,17151.23,0.0
37419_357_0,0.0,0.0,12247.86,13655.53,11.0
37423_357_0,11.72,42.18,11972.14,15480.04,0.0
37425_357_0,10.76,38.75,14178.54,11578.77,0.0
37426_357_0,0.0,0.0,14165.49,11635.45,4.0
37430_357_0,12.46,44.86,11536.72,13966.1,0.0
37433_357_0,14.09,50.73,13036.47,13121.98,0.0
37443_357_0,0.2,0.73,20745.48,8066.09,0.0
37444_357_0,14.55,52.39,9914.11,16435.02,0.0
37445_357_0,13.4,48.23,10649.05,14259.11,0.0
37446_357_0,11.47,41.29,7876.49,17561.24,0.0
37447_357_0,10.93,39.33,17950.54,17711.3,0.0
37448_357_0,13.45,48.43,12859.53,14337.69,0.0
37450_357_0,0.0,0.0,8665.61,21674.02,18.0
37451_357_0,5.4,19.43,11697.72,13904.81,0.0
37458_358_0,13.61,48.98,17294.73,15879.0,0.0
37461_358_0,10.86,39.09,21582.22,16946.09,0.0
37464_358_0,12.07,43.45,14145.22,16807.56,0.0
37467_358_0,15.87,57.12,8132.91,12656.25,0.0
37472_358_0,7.28,26.19,17930.73,17858.84,0.0
37483_358_0,0.06,0.22,14300.67,14621.54,1.0
37489_358_0,10.75,38.71,13592.88,20207.6,0.0
37491_358_0,11.35,40.85,16513.02,14833.74,0.0
37493_358_0,24.55,88.4,14657.41,6347.86,0.0
37494_358_0,13.79,49.63,11124.65,17860.51,0.0
37496_358_0,1.32,4.77,20747.57,8093.92,0.0
37502_358_0,13.65,49.12,7689.12,17104.22,0.0
37507_358_0,11.79,42.44,7595.92,19988.35,0.0
37509_358_0,11.65,41.95,11290.26,11519.25,0.0
37510_358_0,28.41,102.29,9048.54,21337.86,0.0
37511_358_0,10.58,38.1,6595.02,15527.53,0.0
37516_358_0,22.29,80.24,16089.49,14929.41,0.0
37521_358_0,12.06,43.43,21159.91,14716.07,0.0
37524_358_0,31.64,113.89,10152.24,19921.23,0.0
37525_358_0,0.36,1.29,20292.38,17386.78,0.0
37535_358_0,11.94,42.99,14005.13,15941.91,0.0
37537_358_0,11.15,40.13,10901.47,15023.37,0.0
37538_358_0,0.0,0.0,9824.78,15057.03,6.0
37539_358_0,26.05,93.78,6582.87,16843.33,0.0
37544_358_0,5.87,21.13,6947.08,13592.64,0.0
37546_358_0,9.41,33.87,12342.59,15643.72,0.0
37549_358_0,7.96,28.66,15883.15,17658.67,0.0
37552_358_0,0.0,0.02,17462.78,14908.34,2.0
37555_358_0,13.6,48.96,12519.4,17158.29,0.0
37557_358_0,0.01,0.04,10999.11,15316.06,5.0
37558_358_0,0.0,0.0,13577.14,12484.67,9.0
37561_358_0,0.08,0.3,13970.69,16013.85,1.0
37566_358_0,5.22,18.8,21385.26,9731.98,0.0
37567_358_0,0.0,0.02,13818.39,15373.59,3.0
37577_358_0,1.54,5.54,13198.41,12779.76,0.0
37579_358_0,12.39,44.61,16047.71,14942.6,0.0
37584_358_0,0.0,0.0,19863.56,17283.66,13.0
37595_358_0,12.37,44.54,16801.85,19582.05,0.0
37601_358_0,13.73,49.43,11640.56,13979.51,0.0
37605_358_0,54.45,196.01,7417.75,23272.24,0.0
37607_358_0,8.54,30.73,13178.01,13858.04,0.0
37608_358_0,25.5,91.8,8858.66,21609.23,0.0
37613_358_0,4.72,17.0,20618.6,8375.47,0.0
37616_358_0,14.22,51.2,19175.79,17384.45,0.0
37620_358_0,11.7,42.12,13739.54,15336.53,0.0
37635_358_0,0.0,0.0,20225.67,17367.9,20.0
37637_358_0,14.13,50.87,14060.39,16069.98,0.0
37639_358_0,19.21,69.16,15823.47,15317.88,0.0
37643_358_0,0.0,0.0,11750.08,14336.33,20.0
37644_358_0,11.19,40.28,9726.98,16595.17,0.0
37649_358_0,14.11,50.79,19272.65,19791.91,0.0
37651_358_0,7.08,25.48,14012.95,14984.42,0.0
37657_358_0,13.01,46.84,14908.5,18541.53,0.0
37658_358_0,6.76,24.35,9893.61,11975.02,0.0
37663_358_0,12.09,43.53,12296.72,12128.26,0.0
37665_358_0,12.77,45.98,19731.42,9309.87,0.0
37666_358_0,9.12,32.83,6170.09,14209.07,0.0
37672_358_0,7.59,27.32,17215.89,19739.39,0.0
37674_358_0,7.99,28.76,11925.96,15511.99,0.0
37677_358_0,14.01,50.43,16991.81,16779.17,0.0
37678_358_0,15.36,55.29,18054.33,13460.43,0.0
37679_358_0,12.21,43.96,11446.51,14529.52,0.0
37681_358_0,12.09,43.53,10672.45,19855.72,0.0
37684_358_0,7.06,25.42,22608.95,7537.93,0.0
37688_358_0,12.77,45.97,19813.52,17428.88,0.0
37694_358_0,13.27,47.77,8588.36,21521.05,0.0
37702_358_0,7.27,26.16,5678.37,14589.19,0.0
37703_358_0,17.5,62.99,12645.79,9251.33,0.0
37707_358_0,11.07,39.86,11886.57,10961.41,0.0
37709_358_0,14.71,52.96,12720.64,14579.23,0.0
37710_358_0,13.89,50.0,17581.81,16111.5,0.0
37711_358_0,0.0,0.0,9462.73,22590.64,57.0
37716_358_0,11.63,41.86,14087.63,15245.8,0.0
37717_358_0,14.31,51.5,11205.87,13980.05,0.0
37720_358_0,55.35,199.25,7756.2,22911.84,0.0
37722_358_0,0.0,0.0,20296.74,6637.51,13.0
37729_358_0,11.0,39.62,21531.56,18085.94,0.0
37730_358_0,27.64,99.52,14260.75,8093.67,0.0
37735_358_0,10.09,36.33,18716.38,14178.84,0.0
37737_358_0,12.24,44.06,18461.33,11298.07,0.0
37742_358_0,0.0,0.02,10045.89,12842.77,3.0
37743_358_0,0.25,0.91,11416.77,15880.7,0.0
37745_358_0,0.0,0.0,17997.24,15600.21,5.0
37748_358_0,0.0,0.0,17228.75,8025.45,8.0
37754_358_0,15.62,56.24,9451.1,20792.46,0.0
37760_358_0,25.28,90.99,23427.84,8108.47,0.0
37762_358_0,24.41,87.87,10924.29,18800.06,0.0
37770_358_0,12.99,46.75,19033.4,16936.31,0.0
37771_358_0,0.0,0.01,10854.54,13195.94,3.0
37776_358_0,30.2,108.72,18861.16,11518.25,0.0
37779_358_0,14.41,51.88,13962.92,13648.49,0.0
37782_358_0,0.98,3.52,8670.47,21672.68,0.0
37783_358_0,12.74,45.87,11613.1,13592.18,0.0
37787_358_0,18.18,65.43,15161.82,15989.99,0.0
37788_358_0,18.63,67.07,18083.6,12173.65,0.0
37789_358_0,12.64,45.5,12847.26,14693.52,0.0
37797_358_0,22.27,80.17,19571.81,15269.55,0.0
37799_358_0,30.03,108.1,11925.33,16629.22,0.0
37800_358_0,11.77,42.39,13948.24,21241.34,0.0
37803_358_0,14.34,51.61,9027.46,16347.01,0.0
37806_358_0,24.64,88.7,7803.16,19963.94,0.0
37807_358_0,12.87,46.33,24094.22,5001.48,0.0
37813_358_0,0.0,0.0,14494.09,12614.09,20.0
37814_358_0,13.59,48.94,10781.76,13749.35,0.0
37820_358_0,11.97,43.1,20457.43,16704.49,0.0
37823_358_0,14.51,52.22,12691.39,13809.97,0.0
37830_358_0,13.81,49.7,11285.93,13969.55,0.0
37831_358_0,21.0,75.6,18914.7,11376.61,0.0
37839_358_0,18.91,68.09,9347.86,22460.77,0.0
37843_358_0,10.31,37.11,18381.25,16123.22,0.0
37845_358_0,18.22,65.58,11143.77,23772.41,0.0
37846_358_0,9.85,35.46,6136.59,14274.85,0.0
37848_358_0,11.47,41.28,20722.53,17460.64,0.0
37849_358_0,54.76,197.12,5713.98,26786.22,0.0
37850_358_0,19.51,70.22,22288.26,16136.96,0.0
37862_358_0,7.99,28.77,10372.45,23589.75,0.0
37865_358_0,18.87,67.94,9167.48,22345.06,0.0
37885_358_0,11.71,42.16,24279.71,7823.1,0.0
37889_358_0,12.28,44.2,19218.42,5149.21,0.0
37890_358_0,8.77,31.58,14039.01,13736.33,0.0
37891_358_0,7.64,27.52,14599.86,12108.69,0.0
37896_358_0,13.7,49.32,14176.77,13806.59,0.0
37899_358_0,14.19,51.08,19341.98,17864.84,0.0
37900_358_0,26.19,94.28,21535.33,10928.15,0.0
37901_358_0,2.44,8.79,15091.89,9106.5,0.0
37905_358_0,10.92,39.3,20906.95,16800.09,0.0
37911_358_0,11.21,40.34,12338.04,12241.12,0.0
37913_358_0,14.44,51.97,12733.39,13616.24,0.0
37917_358_0,12.37,44.52,13941.0,13157.78,0.0
37921_358_0,14.99,53.98,14107.91,12345.69,0.0
37927_358_0,12.42,44.73,14204.4,14677.14,0.0
37928_358_0,2.28,8.2,20746.5,8079.74,0.0
37929_358_0,26.41,95.07,10977.98,18676.68,0.0
37934_358_0,10.83,38.97,13625.39,16053.65,0.0
37935_358_0,0.0,0.0,14017.14,15851.53,7.0
37938_358_0,12.1,43.56,6602.67,15058.74,0.0
37939_358_0,0.0,0.0,12523.09,11948.13,20.0
37941_358_0,13.55,48.78,16854.3,12047.37,0.0
37944_358_0,20.6,74.15,14628.13,7581.55,0.0
37947_358_0,0.01,0.03,14061.1,14821.53,2.0
37949_358_0,33.26,119.74,11546.29,8972.36,0.0
37952_358_0,0.0,0.0,15176.12,12959.69,4.0
37953_358_0,13.78,49.61,14578.12,18061.2,0.0
37961_358_0,0.0,0.0,14493.38,8982.74,4.0
37964_358_0,12.76,45.95,10658.42,14265.57,0.0
37966_358_0,13.09,47.14,20103.04,12976.22,0.0
37971_358_0,14.16,50.99,20442.26,14392.47,0.0
37976_358_0,7.42,26.72,15982.92,13035.05,0.0
37978_358_0,0.0,0.0,17010.12,10927.29,23.0
37979_358_0,0.0,0.0,12918.01,13003.22,12.0
37981_358_0,3.42,12.3,19407.22,17152.17,0.0
37982_358_0,17.33,62.4,9646.53,23482.05,0.0
37988_358_0,7.34,26.44,7199.88,13752.71,0.0
37990_358_0,12.0,43.19,10131.91,15017.25,0.0
37991_358_0,20.87,75.12,12132.47,12377.72,0.0
37992_358_0,34.16,122.98,11027.8,9324.92,0.0
37994_358_0,28.39,102.21,11771.05,8789.24,0.0
37996_358_0,15.33,55.21,6495.38,12352.32,0.0
37997_358_0,8.07,29.06,7172.99,27390.29,0.0
38004_358_0,12.96,46.65,10975.1,19266.15,0.0
38013_358_0,14.43,51.93,21022.21,15363.48,0.0
38014_358_0,13.46,48.46,12168.44,12150.68,0.0
38018_358_0,0.0,0.0,11284.01,17643.5,2.0
38021_358_0,9.97,35.89,17270.05,13967.67,0.0
38022_358_0,12.83,46.19,15453.73,18129.04,0.0
38024_358_0,14.61,52.58,16564.23,15196.78,0.0
38028_358_0,11.86,42.69,17092.37,6647.91,0.0
38032_358_0,0.0,0.0,12933.37,14850.42,16.0
38033_358_0,10.66,38.37,17141.89,16705.4,0.0
38038_358_0,6.03,21.7,21025.15,12926.04,0.0
38041_358_0,0.14,0.51,20745.06,8060.51,0.0
38042_358_0,13.59,48.92,15728.22,14624.35,0.0
38048_358_0,26.24,94.46,19343.92,11025.93,0.0
38049_358_0,13.55,48.77,11570.83,15788.15,0.0
38052_358_0,0.0,0.0,14103.01,16506.28,3.0
38053_358_0,13.47,48.48,17171.79,16225.26,0.0
38056_358_0,14.93,53.75,20493.11,7082.49,0.0
38060_358_0,3.61,13.0,13787.66,17258.31,0.0
38065_358_0,0.0,0.0,20631.55,8372.32,4.0
38066_358_0,0.0,0.0,20292.69,6675.55,24.0
38069_358_0,13.42,48.31,22018.69,10711.66,0.0
38070_358_0,13.31,47.9,17566.38,17657.69,0.0
38071_358_0,0.0,0.0,19854.63,12956.34,6.0
38082_359_0,0.0,0.0,20619.68,8383.52,11.0
38084_359_0,0.0,0.01,20729.28,7683.06,5.0
38088_359_0,12.81,46.1,19255.58,14170.33,0.0
38090_359_0,13.42,48.33,13669.19,13975.92,0.0
38094_359_0,18.14,65.32,15749.31,15370.81,0.0
38096_359_0,12.49,44.97,8677.24,13598.58,0.0
38098_359_0,13.87,49.94,20239.79,6427.53,0.0
38100_359_0,12.06,43.41,9141.72,15792.29,0.0
38101_359_0,12.78,46.0,15552.05,13133.07,0.0
38104_359_0,0.0,0.0,8076.92,18482.85,29.0
38107_359_0,9.47,34.08,9942.44,14087.34,0.0
38108_359_0,13.2,47.51,13599.41,14563.22,0.0
38109_359_0,13.67,49.22,22098.23,7507.82,0.0
38110_359_0,6.87,24.72,16586.62,8858.04,0.0
38112_359_0,13.18,47.44,7173.96,14217.16,0.0
38113_359_0,32.13,115.65,8036.35,20073.84,0.0
38118_359_0,26.4,95.04,11156.76,18350.35,0.0
38120_359_0,0.0,0.0,14516.37,12602.29,13.0
38124_359_0,0.0,0.0,12934.27,14826.49,15.0
38131_359_0,0.0,0.0,10043.47,12847.38,5.0
38133_359_0,0.39,1.41,15289.06,10594.27,0.0
38134_359_0,0.0,0.0,14143.05,11882.77,1.0
38136_359_0,0.0,0.0,10037.47,12855.87,8.0
38141_359_0,21.74,78.26,16190.65,14874.29,0.0
38143_359_0,14.6,52.56,9224.58,17930.3,0.0
38148_359_0,9.36,33.69,10448.51,25402.57,0.0
38150_359_0,12.74,45.87,19506.41,13613.58,0.0
38160_359_0,18.85,67.87,20054.44,15594.15,0.0
38167_359_0,27.82,100.16,20575.41,13213.54,0.0
38170_359_0,13.29,47.86,21019.69,10611.3,0.0
38171_359_0,0.01,0.02,17308.59,7972.79,3.0
38172_359_0,26.51,95.43,22960.6,9197.38,0.0
38174_359_0,12.13,43.66,21560.83,9141.76,0.0
38176_359_0,12.03,43.3,14929.16,17770.55,0.0
38181_359_0,9.97,35.91,14596.14,12370.36,0.0
38182_359_0,18.55,66.78,12078.19,16223.23,0.0
38191_359_0,11.59,41.72,10513.31,14954.08,0.0
38192_359_0,9.97,35.9,13861.14,16468.49,0.0
38193_359_0,15.75,56.68,11624.48,8734.4,0.0
38196_359_0,17.33,62.38,12563.06,20724.63,0.0
38200_359_0,10.74,38.66,5336.45,17275.76,0.0
38204_359_0,0.01,0.02,7359.57,14210.42,3.0
38205_359_0,10.42,37.5,13279.18,14657.51,0.0
38212_359_0,11.81,42.52,18705.47,14176.12,0.0
38218_359_0,14.33,51.58,9632.32,19945.49,0.0
38219_359_0,12.59,45.32,20087.22,14295.67,0.0
38221_359_0,0.02,0.07,8445.97,21422.6,3.0
38223_359_0,21.25,76.48,14549.04,8807.04,0.0
38227_359_0,13.6,48.98,16009.11,16914.54,0.0
38229_359_0,0.1,0.38,12737.47,12392.68,0.0
38231_359_0,14.66,52.77,15510.65,5986.32,0.0
38232_359_0,0.0,0.01,20725.11,7666.19,3.0
38233_359_0,13.73,49.43,9561.36,16725.42,0.0
38234_359_0,12.21,43.97,5811.01,14143.68,0.0
38239_359_0,5.94,21.39,16567.34,12918.0,0.0
38240_359_0,0.13,0.48,20751.26,8177.45,0.0
38241_359_0,29.77,107.18,21922.6,10160.82,0.0
38242_359_0,0.0,0.0,20293.0,6653.97,18.0
38244_359_0,12.68,45.66,10510.82,13707.65,0.0
38247_359_0,12.49,44.98,13770.08,16112.29,0.0
38252_359_0,5.01,18.03,13283.05,18496.54,0.0
38260_359_0,0.0,0.0,19858.45,17282.23,15.0
38261_359_0,8.95,32.21,23285.05,12253.87,0.0
38267_359_0,12.08,43.48,18974.4,5188.14,0.0
38268_359_0,23.85,85.86,23543.49,5391.04,0.0
38276_359_0,0.11,0.38,10048.32,12838.15,0.0
38278_359_0,14.72,53.01,10184.56,14051.36,0.0
38279_359_0,13.57,48.85,12809.27,14587.08,0.0
38281_359_0,13.93,50.15,12127.91,16659.7,0.0
38288_359_0,13.08,47.09,19564.42,20175.29,0.0
38290_359_0,13.36,48.08,9153.93,20567.2,0.0
38292_359_0,4.85,17.48,20743.02,8040.07,0.0
38293_359_0,0.0,0.0,11668.79,13951.45,13.0
38295_359_0,0.0,0.0,15448.7,13919.03,17.0
38301_359_0,13.35,48.04,23669.54,4988.07,0.0
38302_359_0,7.21,25.97,14065.96,18086.03,0.0
38303_359_0,2.48,8.91,9460.57,22554.41,0.0
38305_359_0,25.94,93.4,21913.26,10174.91,0.0
38308_359_0,15.58,56.09,12840.57,15963.49,0.0
38314_359_0,12.2,43.9,17014.51,12067.93,0.0
38315_359_0,12.53,45.11,14085.42,15221.92,0.0
38316_359_0,27.88,100.36,19250.51,17077.73,0.0
38317_359_0,24.86,89.49,20655.86,10492.13,0.0
38325_359_0,13.34,48.03,14388.87,10233.4,0.0
38330_359_0,14.19,51.09,22548.24,7875.39,0.0
38334_359_0,12.19,43.87,15444.92,5960.76,0.0
38336_359_0,9.05,32.59,9564.36,18578.3,0.0
38337_359_0,0.0,0.0,18825.58,18793.04,4.0
38338_359_0,12.08,43.48,12539.99,13096.3,0.0
38345_359_0,1.3,4.68,18914.12,18893.53,0.0
38346_359_0,0.0,0.0,21192.38,10314.08,13.0
38348_359_0,0.0,0.0,10964.29,10341.27,11.0
38349_359_0,14.18,51.04,13448.63,15179.65,0.0
38355_359_0,17.25,62.09,18325.9,12065.42,0.0
38356_359_0,0.0,0.0,17010.75,13924.27,7.0
38357_359_0,24.32,87.55,14658.16,6312.81,0.0
38359_359_0,28.42,102.33,19591.02,10863.44,0.0
38361_359_0,22.49,80.96,20347.51,13577.52,0.0
38363_359_0,13.99,50.35,13002.59,12948.88,0.0
38364_359_0,10.61,38.18,14783.0,16539.38,0.0
38365_359_0,26.82,96.54,21952.95,10130.24,0.0
38367_359_0,11.24,40.48,15906.47,12035.45,0.0
38368_359_0,0.0,0.0,19797.66,17234.28,14.0
38370_359_0,1.25,4.51,20639.48,8364.83,0.0
38371_359_0,12.57,45.26,10002.25,13469.21,0.0
38372_359_0,0.07,0.25,12509.16,14493.62,1.0
38373_359_0,12.33,44.38,13472.36,15189.59,0.0
38375_359_0,0.0,0.0,17489.44,16915.75,17.0
38378_359_0,25.61,92.19,14663.93,6418.83,0.0
38381_359_0,16.66,59.99,13293.2,18532.1,0.0
38382_359_0,5.62,20.25,14291.86,15636.35,0.0
38384_359_0,12.45,44.82,12900.86,20595.27,0.0
38385_359_0,18.2,65.53,12198.47,7178.17,0.0
38386_359_0,20.29,73.04,18102.77,12156.52,0.0
38391_359_0,19.74,71.07,11551.43,9598.64,0.0
38393_359_0,10.15,36.55,8668.33,17275.07,0.0
38394_359_0,13.38,48.15,7738.47,17742.41,0.0
38395_359_0,4.84,17.44,20740.39,7976.12,0.0
38397_359_0,7.31,26.32,19225.76,9702.76,0.0
38398_359_0,11.07,39.84,20559.52,17562.74,0.0
38399_359_0,0.19,0.67,18875.21,18849.56,0.0
38402_359_0,13.49,48.56,20681.86,7426.23,0.0
38403_359_0,1.35,4.86,13842.96,16493.68,0.0
38404_359_0,0.0,0.0,20731.16,7711.09,15.0
38405_359_0,13.63,49.06,8332.93,23496.78,0.0
38409_359_0,0.0,0.0,15581.75,12378.16,6.0
38410_359_0,12.93,46.56,13118.84,17669.09,0.0
38414_359_0,11.24,40.48,13960.83,15414.08,0.0
38417_359_0,13.74,49.47,17897.09,15043.19,0.0
38419_359_0,4.57,16.44,13027.51,14772.54,0.0
38425_359_0,0.0,0.0,11841.92,14644.52,13.0
38426_359_0,0.71,2.55,8587.87,21718.45,0.0
38432_359_0,0.0,0.0,12671.56,11831.67,5.0
38436_359_0,4.9,17.65,16107.12,6125.35,0.0
38437_359_0,27.53,99.12,20902.14,10471.62,0.0
38440_359_0,0.0,0.0,20296.16,6659.23,20.0
38443_359_0,11.55,41.58,16250.29,13837.57,0.0
38446_359_0,10.91,39.29,19308.83,19901.58,0.0
38447_359_0,15.5,55.79,19317.79,23649.02,0.0
38449_359_0,15.01,54.04,16875.55,12201.29,0.0
38452_359_0,13.43,48.35,10005.37,13347.28,0.0
38453_359_0,13.39,48.22,21606.89,10480.99,0.0
38458_359_0,31.12,112.02,16583.96,10183.41,0.0
38460_359_0,10.52,37.89,13693.35,15434.8,0.0
38461_359_0,0.07,0.26,8618.99,21695.86,1.0
38467_359_0,4.31,15.52,14534.32,9204.25,0.0
38469_359_0,9.32,33.56,13347.91,12922.62,0.0
38473_359_0,14.82,53.36,16266.93,13397.55,0.0
38475_359_0,25.87,93.14,22752.03,9409.95,0.0
38477_359_0,14.75,53.09,8882.13,21542.07,0.0
38479_359_0,0.0,0.0,21266.54,17944.76,18.0
38480_359_0,13.92,50.11,8208.03,15249.38,0.0
38486_359_0,19.78,71.21,18536.54,11992.34,0.0
38488_359_0,7.64,27.49,7187.04,27414.69,0.0
38491_359_0,18.61,66.98,14918.67,25031.3,0.0
38494_359_0,12.06,43.4,17127.26,14954.69,0.0
38496_359_0,11.08,39.88,13792.28,13243.12,0.0
38497_359_0,18.75,67.51,13768.45,19915.69,0.0
38501_359_0,0.1,0.35,14147.32,16903.45,1.0
38505_359_0,12.82,46.16,8809.84,22147.91,0.0
38507_359_0,1.41,5.09,14102.01,16523.34,0.0
38511_359_0,28.16,101.38,22339.7,9771.23,0.0
38513_359_0,10.62,38.22,21152.92,10023.07,0.0
38514_359_0,0.04,0.14,17485.9,17179.34,2.0
38518_359_0,28.58,102.9,15220.02,8565.24,0.0
38520_359_0,12.2,43.9,23776.3,14906.93,0.0
38522_359_0,13.39,48.2,18202.51,15086.23,0.0
38527_359_0,5.56,20.03,16594.18,8847.65,0.0
38535_359_0,20.2,72.74,14091.18,9050.24,0.0
38540_359_0,0.13,0.48,19524.07,17186.25,0.0
38546_359_0,29.51,106.23,19933.05,14385.86,0.0
38548_359_0,0.0,0.0,18822.92,18789.87,7.0
38554_359_0,20.91,75.28,23407.56,8173.15,0.0
38557_359_0,0.79,2.85,23812.07,4990.63,0.0
38558_359_0,12.67,45.62,13769.28,13717.43,0.0
38559_359_0,33.82,121.76,15101.39,8474.59,0.0
38564_359_0,5.25,18.92,14995.61,16211.14,0.0
38565_359_0,0.0,0.0,16736.66,22113.73,8.0
38567_359_0,12.08,43.5,14537.02,9153.0,0.0
38572_359_0,13.19,47.48,13481.8,14866.73,0.0
38573_359_0,14.21,51.15,20153.33,6245.84,0.0
38576_359_0,12.67,45.62,13952.96,13040.83,0.0
38578_359_0,11.81,42.52,14459.16,16416.38,0.0
38588_359_0,14.27,51.38,14687.84,16376.57,0.0
38590_359_0,7.49,26.95,19346.15,17540.69,0.0
38594_359_0,10.81,38.91,16525.16,8650.61,0.0
38595_359_0,26.07,93.86,8349.76,20210.43,0.0
38598_359_0,13.09,47.11,14220.46,13135.08,0.0
38600_359_0,12.66,45.57,17271.3,18313.53,0.0
38602_359_0,14.27,51.36,6605.12,15607.59,0.0
38603_359_0,10.13,36.47,8132.51,17652.78,0.0
38605_359_0,26.34,94.84,19964.08,14259.51,0.0
38607_359_0,12.65,45.54,7857.58,15464.21,0.0
38608_359_0,0.01,0.05,21217.64,10290.98,4.0
38609_359_0,0.0,0.0,11694.16,15715.57,8.0
38610_359_0,13.44,48.38,15413.62,5946.87,0.0
38615_359_0,25.35,91.26,9752.23,20425.48,0.0
38621_359_0,12.36,44.48,15861.46,9746.44,0.0
38622_359_0,18.14,65.29,13226.57,23614.46,0.0
38623_359_0,13.44,48.4,10869.26,22158.73,0.0
38624_359_0,13.21,47.54,13072.01,13144.6,0.0
38627_359_0,10.15,36.54,21505.91,16868.07,0.0
38637_359_0,13.25,47.71,21032.98,14928.06,0.0
38642_359_0,2.28,8.23,5692.27,14450.57,0.0
38643_359_0,11.93,42.93,6627.64,27491.3,0.0
38646_359_0,0.0,0.0,11772.21,9422.22,5.0
38650_359_0,23.46,84.46,17551.83,15031.66,0.0
38652_359_0,9.55,34.38,24206.33,7794.72,0.0
38653_359_0,28.95,104.21,23278.13,8665.35,0.0
38655_359_0,0.02,0.07,11755.9,15650.2,1.0
38656_359_0,15.56,56.03,21179.6,15412.1,0.0
38657_359_0,12.42,44.7,9730.77,20332.95,0.0
38661_359_0,18.3,65.87,7931.69,17748.78,0.0
38662_359_0,14.63,52.68,22310.65,12243.43,0.0
38664_359_0,0.1,0.37,14086.17,10672.99,0.0
38666_359_0,0.72,2.58,5361.06,14834.09,0.0
38668_359_0,26.85,96.66,20586.69,13249.88,0.0
38670_359_0,18.1,65.16,16861.91,15616.15,0.0
38671_359_0,0.0,0.0,20292.85,6659.36,19.0
38672_359_0,12.82,46.15,13513.33,15217.11,0.0
38675_359_0,17.25,62.09,14623.54,7980.54,0.0
38677_359_0,11.22,40.39,14175.03,11674.26,0.0
38678_359_0,20.76,74.75,8467.28,19574.95,0.0
38679_359_0,15.52,55.89,11842.84,16824.47,0.0
38685_359_0,6.98,25.12,19819.12,23680.36,0.0
38687_359_0,0.0,0.01,13048.91,14766.09,2.0
38694_359_0,35.62,128.24,16096.46,9604.06,0.0
38699_359_0,3.91,14.08,18709.75,14748.46,0.0
38706_359_0,31.82,114.54,21598.08,10347.64,0.0
38707_359_0,10.45,37.62,16462.7,8738.43,0.0
38712_359_0,18.78,67.62,19326.43,23644.59,0.0
38716_359_0,2.0,7.19,8434.59,21424.61,0.0
38718_359_0,11.13,40.07,14919.92,5889.34,0.0
38722_359_0,0.0,0.0,15271.33,14220.19,19.0
38723_359_0,14.51,52.22,12429.37,25490.28,0.0
38724_359_0,55.35,199.27,7265.31,23430.2,0.0
38726_359_0,25.96,93.44,22045.92,10033.04,0.0
38728_359_0,13.17,47.42,18259.97,14178.44,0.0
38730_359_0,17.81,64.11,11526.34,24369.35,0.0
38735_359_0,31.42,113.11,11423.16,17602.24,0.0
38738_359_0,20.44,73.57,18039.45,12203.31,0.0
38741_359_0,35.08,126.29,16267.34,9828.11,0.0
38742_359_0,13.83,49.79,22195.94,7493.86,0.0
38748_359_0,29.09,104.72,11686.43,17039.34,0.0
38751_359_0,0.0,0.0,11840.0,14648.64,11.0
38752_359_0,29.74,107.08,23030.51,11718.7,0.0
38756_359_0,12.62,45.42,11667.54,5709.09,0.0
38758_359_0,8.79,31.64,12985.67,20160.61,0.0
38761_359_0,20.3,73.08,20131.46,15567.78,0.0
38764_359_0,11.12,40.03,21473.59,16837.08,0.0
38766_359_0,20.95,75.43,12047.68,16249.82,0.0
38769_359_0,11.57,41.64,14378.12,15728.92,0.0
38771_359_0,11.49,41.38,22656.13,5709.54,0.0
38774_359_0,0.0,0.0,17895.13,17621.22,5.0
38775_359_0,12.76,45.95,20864.39,8841.84,0.0
38782_359_0,6.63,23.88,21720.73,18327.19,0.0
38789_359_0,13.35,48.05,12846.9,15936.52,0.0
38790_359_0,11.66,41.96,17539.7,18236.5,0.0
38792_359_0,1.46,5.25,20741.21,7989.17,0.0
38793_359_0,31.95,115.01,7560.09,11993.68,0.0
38796_359_0,1.29,4.64,22288.87,17778.34,0.0
38797_359_0,22.44,80.8,6562.91,16497.78,0.0
38798_359_0,13.17,47.42,8612.73,22032.31,0.0
38799_359_0,11.12,40.05,18423.96,12004.13,0.0
38801_359_0,13.53,48.71,6900.63,17797.81,0.0
38802_359_0,10.21,36.75,6087.86,26100.7,0.0
38805_359_0,13.09,47.11,6397.88,15729.99,0.0
38806_359_0,19.18,69.04,9959.95,11272.84,0.0
38808_359_0,12.03,43.31,19853.23,17103.17,0.0
38810_359_0,0.0,0.0,13899.16,13741.6,4.0
38811_359_0,12.72,45.81,22171.42,17129.98,0.0
38815_359_0,11.65,41.95,21832.43,17084.81,0.0
38818_359_0,0.0,0.0,20251.45,17373.76,12.0
38820_359_0,0.04,0.15,11636.63,18012.19,1.0
38821_359_0,12.01,43.22,16874.3,5993.09,0.0
38822_359_0,6.14,22.09,10573.89,9859.22,0.0
38823_359_0,1.41,5.07,14172.04,17210.43,0.0
38833_359_0,11.81,42.53,21705.81,17034.67,0.0
38834_359_0,0.01,0.03,15624.42,8510.98,3.0
38835_359_0,28.45,102.41,6654.11,12602.59,0.0
38837_359_0,27.69,99.67,23099.99,9010.18,0.0
38839_359_0,12.11,43.6,13320.84,17117.16,0.0
38845_359_0,11.3,40.67,14750.97,16321.02,0.0
38846_359_0,22.32,80.36,19942.8,10646.28,0.0
38850_359_0,11.86,42.7,18587.2,14339.1,0.0
38855_359_0,31.86,114.71,9708.09,10361.46,0.0
38859_359_0,15.36,55.29,12835.69,13846.26,0.0
38860_359_0,13.42,48.3,12976.95,12951.93,0.0
38863_359_0,18.06,65.02,18078.93,19902.22,0.0
38864_359_0,24.95,89.82,21438.83,10405.32,0.0
38867_359_0,4.5,16.19,9956.47,14098.5,0.0
38869_359_0,0.0,0.0,9572.9,23836.28,3.0
38871_359_0,12.74,45.87,19473.03,17157.38,0.0
38881_359_0,5.27,18.96,11024.68,15289.71,0.0
38882_359_0,0.0,0.0,15241.65,14212.39,6.0
38883_359_0,13.94,50.2,11382.61,23332.41,0.0
38884_359_0,7.18,25.85,15153.52,24563.87,0.0
38886_359_0,14.96,53.87,21058.34,9615.17,0.0
38893_359_0,13.67,49.22,18229.24,15350.92,0.0
38895_359_0,13.6,48.96,14975.13,3749.99,0.0
38898_359_0,14.44,51.99,14836.93,16288.79,0.0
38899_359_0,1.81,6.53,15641.78,8493.22,0.0
38906_359_0,12.47,44.89,19199.72,13328.66,0.0
38908_359_0,14.27,51.37,14976.23,13924.76,0.0
38909_359_0,15.21,54.77,9833.8,20353.48,0.0
38913_359_0,24.86,89.51,9753.33,20418.44,0.0
38914_359_0,12.21,43.97,8595.04,22017.98,0.0
38915_359_0,14.28,51.4,15571.52,16580.68,0.0
38916_359_0,6.8,24.48,23019.01,18163.54,0.0
38922_359_0,10.79,38.83,20131.78,14305.82,0.0
38923_359_0,14.0,50.4,12729.2,15046.37,0.0
38924_359_0,11.54,41.54,19360.52,17493.7,0.0
38928_359_0,9.49,34.15,21012.63,8538.28,0.0
38933_359_0,9.69,34.87,14269.91,18095.59,0.0
38935_359_0,11.84,42.61,21187.89,10064.14,0.0
38936_359_0,18.72,67.38,15108.02,9150.18,0.0
38939_359_0,14.41,51.87,13216.11,11540.16,0.0
38941_359_0,4.39,15.81,22390.25,8733.94,0.0
38942_359_0,0.0,0.0,15575.06,12386.07,13.0
38944_359_0,18.03,64.91,12246.72,15239.08,0.0
38948_359_0,12.51,45.04,14041.35,15490.49,0.0
38952_359_0,9.8,35.29,20923.04,16801.71,0.0
38956_359_0,12.75,45.9,18008.62,15055.2,0.0
38958_359_0,12.01,43.22,10696.37,12720.83,0.0
38961_359_0,0.0,0.0,12326.72,14690.7,5.0
38967_359_0,11.09,39.92,21198.73,17909.11,0.0
38968_359_0,26.43,95.15,18892.43,11413.38,0.0
38969_359_0,0.0,0.0,9458.11,22599.47,55.0
38972_359_0,12.87,46.32,18676.06,15248.53,0.0
38974_359_0,8.25,29.7,23452.12,3437.66,0.0
38976_359_0,0.0,0.0,18956.77,14167.68,6.0
38980_359_0,11.15,40.12,11693.64,11436.36,0.0
38981_359_0,21.08,75.89,10773.83,24367.84,0.0
38982_359_0,5.67,20.42,21369.73,17161.93,0.0
38984_359_0,12.31,44.32,14360.16,12865.5,0.0
38988_359_0,5.66,20.36,13779.24,5294.36,0.0
38994_359_0,28.64,103.09,23485.13,6582.18,0.0
38996_359_0,14.99,53.98,16938.06,10816.36,0.0
38999_359_0,21.01,75.63,16831.81,14944.34,0.0
39001_359_0,0.0,0.0,22609.44,7557.7,10.0
39002_359_0,11.88,42.77,13577.27,10280.12,0.0
39003_359_0,11.44,41.18,11638.84,13865.48,0.0
39004_359_0,11.47,41.3,12590.23,15469.21,0.0
39006_360_0,12.37,44.55,11644.67,11188.11,0.0
39007_360_0,12.11,43.59,17197.95,16342.99,0.0
39008_360_0,14.13,50.88,20330.14,9803.08,0.0
39009_360_0,19.07,68.66,21782.2,9769.2,0.0
39012_360_0,1.42,5.12,16193.04,13317.37,0.0
39014_360_0,19.48,70.12,16367.65,6193.3,0.0
39015_360_0,25.18,90.64,19637.9,10837.21,0.0
39018_360_0,0.0,0.0,13455.15,12093.09,11.0
39019_360_0,13.2,47.52,16017.02,14875.23,0.0
39022_360_0,13.84,49.83,16109.13,16976.82,0.0
39023_360_0,19.45,70.02,9143.39,22330.08,0.0
39025_360_0,17.96,64.64,9814.18,23147.17,0.0
39026_360_0,25.75,92.71,11770.25,16886.04,0.0
39027_360_0,0.0,0.0,19833.79,17271.92,25.0
39029_360_0,19.44,70.0,9706.04,23396.69,0.0
39031_360_0,0.0,0.0,20623.64,8379.8,7.0
39032_360_0,18.57,66.84,14628.22,7846.64,0.0
39034_360_0,11.05,39.79,12087.33,18571.17,0.0
39036_360_0,1.39,5.0,20751.83,8189.92,0.0
39037_360_0,13.04,46.93,8653.84,22061.42,0.0
39040_360_0,14.44,51.98,16714.74,12567.72,0.0
39044_360_0,10.39,37.4,10486.86,15633.28,0.0
39045_360_0,13.87,49.94,21360.38,17991.15,0.0
39049_360_0,18.53,66.71,17672.23,12485.68,0.0
39052_360_0,29.88,107.58,24050.52,7816.15,0.0
39055_360_0,2.46,8.86,18012.96,7113.16,0.0
39056_360_0,7.4,26.64,13344.17,19422.6,0.0
39058_360_0,10.6,38.17,17543.58,17716.42,0.0
39063_360_0,0.0,0.0,19464.43,17169.75,18.0
39066_360_0,13.44,48.37,18692.99,17867.09,0.0
39071_360_0,0.14,0.5,20753.09,8224.91,0.0
39074_360_0,14.68,52.86,16495.75,14286.84,0.0
39077_360_0,14.05,50.6,9885.32,16457.11,0.0
39079_360_0,1.44,5.2,16901.68,6359.71,0.0
39081_360_0,12.84,46.22,8604.47,21518.7,0.0
39085_360_0,13.25,47.7,12628.82,15487.45,0.0
39089_360_0,27.03,97.3,20503.58,15467.54,0.0
39094_360_0,13.41,48.26,16578.34,15213.08,0.0
39096_360_0,12.53,45.1,21779.05,10628.94,0.0
39098_360_0,8.78,31.62,11903.27,22505.96,0.0
39099_360_0,1.73,6.23,18657.33,18594.48,0.0
39101_360_0,9.8,35.27,18868.68,16281.87,0.0
39102_360_0,15.06,54.23,21098.37,12506.43,0.0
39103_360_0,7.36,26.5,9959.52,22055.38,0.0
39104_360_0,16.07,57.86,16818.04,10520.88,0.0
39106_360_0,12.06,43.41,16818.97,19589.75,0.0
39108_360_0,20.46,73.65,18018.05,12223.89,0.0
39109_360_0,13.23,47.63,7628.47,14213.75,0.0
39111_360_0,12.96,46.65,22073.18,9038.15,0.0
39114_360_0,26.92,96.93,16146.1,9678.31,0.0
39117_360_0,14.93,53.76,16718.47,16906.45,0.0
39118_360_0,15.56,56.01,23499.37,7840.32,0.0
39120_360_0,3.61,12.99,22593.88,7224.29,0.0
39122_360_0,11.52,41.46,9807.42,23085.07,0.0
39124_360_0,11.18,40.25,11488.09,12567.1,0.0
39125_360_0,1.54,5.54,23994.12,5281.61,0.0
39131_360_0,13.5,48.59,9319.62,23611.99,0.0
39132_360_0,14.4,51.84,12393.86,7734.63,0.0
39138_360_0,16.12,58.02,23375.38,7849.03,0.0
39147_360_0,12.45,44.82,19739.94,9514.16,0.0
39149_360_0,5.67,20.41,14194.66,13714.05,0.0
39152_360_0,0.0,0.0,9819.4,15057.96,4.0
39155_360_0,5.55,19.98,10865.01,14001.49,0.0
39156_360_0,27.39,98.61,19282.05,17084.33,0.0
39157_360_0,17.01,61.22,12014.71,20852.23,0.0
39158_360_0,11.4,41.06,15548.12,10168.79,0.0
39159_360_0,0.87,3.15,8680.09,14151.89,0.0
39164_360_0,12.6,45.36,20108.01,16721.98,0.0
39166_360_0,13.35,48.08,17362.95,7257.03,0.0
39167_360_0,0.0,0.0,20293.43,6632.41,12.0
39168_360_0,11.51,41.45,22568.0,10898.15,0.0
39170_360_0,7.8,28.09,11662.19,15730.76,0.0
39175_360_0,15.62,56.24,10538.79,13083.54,0.0
39177_360_0,0.37,1.32,18909.98,18888.85,0.0
39178_360_0,8.6,30.94,20884.46,17475.24,0.0
39180_360_0,28.59,102.93,9019.9,21364.45,0.0
39181_360_0,11.75,42.3,13258.61,15861.78,0.0
39182_360_0,13.3,47.88,18591.84,15216.45,0.0
39184_360_0,10.63,38.28,12892.41,12983.44,0.0
39186_360_0,13.34,48.03,22189.51,17126.01,0.0
39187_360_0,18.46,66.47,17740.65,12462.51,0.0
39190_360_0,13.13,47.26,12036.97,16544.05,0.0
39191_360_0,14.19,51.08,5035.36,16593.63,0.0
39192_360_0,0.0,0.0,19799.74,17229.61,12.0
39193_360_0,28.62,103.03,23204.18,8837.74,0.0
39196_360_0,15.28,55.02,18589.17,16911.26,0.0
39198_360_0,0.02,0.07,16886.72,20703.34,1.0
39199_360_0,0.0,0.0,9450.07,22612.12,50.0
39204_360_0,13.66,49.16,21081.55,9697.25,0.0
39205_360_0,12.13,43.69,21345.37,17986.87,0.0
39207_360_0,12.87,46.32,10511.42,15451.14,0.0
39208_360_0,0.0,0.0,10857.64,14929.17,5.0
39210_360_0,16.49,59.37,14730.39,8342.22,0.0
39214_360_0,12.3,44.27,9109.37,14144.78,0.0
39215_360_0,0.02,0.09,14951.16,16210.92,2.0
39216_360_0,13.42,48.3,16980.12,12516.1,0.0
39218_360_0,9.22,33.19,5827.89,14142.42,0.0
39221_360_0,0.0,0.0,19791.45,17248.28,20.0
39222_360_0,10.62,38.22,11411.53,13254.03,0.0
39223_360_0,15.04,54.15,14513.88,13842.13,0.0
39225_360_0,0.0,0.0,19140.29,17092.28,18.0
39226_360_0,14.92,53.72,15127.45,16174.34,0.0
39228_360_0,11.17,40.23,11598.38,15771.35,0.0
39229_360_0,11.7,42.11,18666.94,15248.41,0.0
39232_360_0,14.76,53.14,11466.08,15543.29,0.0
39233_360_0,6.23,22.42,21498.42,13828.98,0.0
39234_360_0,11.28,40.62,17373.71,19270.76,0.0
39235_360_0,7.24,26.06,16883.71,16669.27,0.0
39239_360_0,12.68,45.64,10644.63,13912.5,0.0
39240_360_0,13.16,47.38,7128.77,19955.56,0.0
39241_360_0,0.42,1.52,12474.09,13040.59,0.0
39245_360_0,14.24,51.27,18931.57,11688.17,0.0
39248_360_0,27.84,100.22,21407.81,11688.37,0.0
39249_360_0,9.28,33.4,12166.54,21991.59,0.0
39252_360_0,12.94,46.59,14045.57,14199.65,0.0
39254_360_0,17.24,62.07,4619.28,30977.49,0.0
39257_360_0,27.53,99.11,19454.83,16156.08,0.0
39258_360_0,31.49,113.37,22851.01,9305.48,0.0
39259_360_0,15.21,54.76,13480.71,14407.41,0.0
39261_360_0,24.0,86.39,21897.49,10167.13,0.0
39263_360_0,12.5,44.99,13133.7,17707.15,0.0
39266_360_0,4.9,17.65,11171.36,15501.33,0.0
39268_360_0,11.71,42.16,10058.69,23187.2,0.0
39269_360_0,10.79,38.84,13931.32,16158.3,0.0
39272_360_0,34.64,124.7,17679.24,11223.76,0.0
39275_360_0,26.89,96.81,23176.3,8883.83,0.0
39276_360_0,6.31,22.72,24229.81,15312.06,0.0
39279_360_0,9.94,35.79,17101.14,13943.63,0.0
39282_360_0,1.59,5.74,18991.68,14168.66,0.0
39286_360_0,11.27,40.58,14127.99,7408.18,0.0
39287_360_0,31.48,113.31,19727.57,10775.91,0.0
39289_360_0,11.03,39.69,17562.87,4181.6,0.0
39291_360_0,11.01,39.65,23091.47,9269.02,0.0
39292_360_0,24.33,87.58,9956.07,20153.9,0.0
39293_360_0,17.11,61.6,12464.93,15316.96,0.0
39294_360_0,8.19,29.5,11442.62,14954.73,0.0
39299_360_0,28.61,103.0,15746.75,9111.77,0.0
39307_360_0,3.92,14.12,19058.27,9651.35,0.0
39309_360_0,0.0,0.0,9508.46,16749.14,2.0
39310_360_0,25.83,92.98,23366.05,8395.15,0.0
39313_360_0,14.06,50.61,18717.53,18662.32,0.0
39314_360_0,7.95,28.61,13512.84,16172.44,0.0
39316_360_0,0.03,0.11,19905.87,17292.18,2.0
39317_360_0,21.45,77.23,17977.28,18774.63,0.0
39318_360_0,14.28,51.43,24402.38,11532.54,0.0
39319_360_0,14.27,51.37,14749.02,11869.22,0.0
39323_360_0,13.61,49.01,15319.84,16328.23,0.0
39324_360_0,13.22,47.58,14347.69,12963.95,0.0
39326_360_0,11.25,40.52,10943.43,6996.29,0.0
39328_360_0,19.78,71.21,17057.64,19915.72,0.0
39331_360_0,19.26,69.34,14336.44,9011.86,0.0
39332_360_0,13.56,48.83,13133.09,15857.98,0.0
39334_360_0,4.21,15.17,10826.7,14001.66,0.0
39335_360_0,0.0,0.0,14494.44,12620.23,3.0
39341_360_0,21.07,75.86,20132.88,15564.37,0.0
39343_360_0,23.25,83.72,17707.85,15038.32,0.0
39344_360_0,7.97,28.69,8028.29,15610.39,0.0
39347_360_0,43.02,154.87,6018.29,25173.48,0.0
39352_360_0,8.25,29.71,20107.59,19567.37,0.0
39353_360_0,11.69,42.07,8382.02,21183.31,0.0
39354_360_0,0.0,0.0,20726.3,7687.95,5.0
39357_360_0,0.0,0.0,14497.02,12615.61,5.0
39358_360_0,26.33,94.8,10837.32,18934.43,0.0
39359_360_0,0.06,0.2,20749.86,8145.34,1.0
39361_360_0,16.23,58.43,11700.35,8691.17,0.0
39363_360_0,12.18,43.84,9421.7,14097.1,0.0
39364_360_0,13.45,48.41,20277.01,17416.54,0.0
39365_360_0,9.88,35.57,11988.88,12728.26,0.0
39366_360_0,9.55,34.39,13280.92,14673.17,0.0
39368_360_0,20.73,74.65,9642.03,23494.18,0.0
39370_360_0,29.61,106.6,19235.92,17147.34,0.0
39373_360_0,34.87,125.55,18147.87,11371.94,0.0
39374_360_0,17.09,61.53,16256.83,12847.64,0.0
39375_360_0,14.32,51.57,11864.7,9624.06,0.0
39376_360_0,19.58,70.5,14421.1,3902.2,0.0
39377_360_0,20.73,74.64,18697.44,11868.41,0.0
39379_360_0,12.2,43.92,12075.72,24850.95,0.0
39380_360_0,30.65,110.33,14666.71,6464.15,0.0
39384_360_0,0.0,0.0,13301.81,14647.7,3.0
39385_360_0,11.63,41.85,18991.87,5192.51,0.0
39388_360_0,17.13,61.67,16677.25,15379.07,0.0
39389_360_0,15.22,54.79,21061.01,15685.55,0.0
39391_360_0,26.16,94.19,21882.25,10174.73,0.0
39392_360_0,10.82,38.97,22653.43,6303.95,0.0
39393_360_0,32.97,118.69,7305.75,12149.72,0.0
39396_360_0,0.0,0.0,11419.05,15879.31,17.0
39397_360_0,14.02,50.47,14866.83,6452.43,0.0
39401_360_0,18.46,66.46,14609.78,8034.1,0.0
39403_360_0,12.94,46.6,12478.53,15465.53,0.0
39405_360_0,11.5,41.4,20760.6,7524.88,0.0
39407_360_0,17.9,64.44,6810.14,19055.85,0.0
39409_360_0,14.49,52.16,6757.57,18915.67,0.0
39410_360_0,13.29,47.85,7606.38,14212.14,0.0
39411_360_0,11.69,42.07,21202.98,14609.05,0.0
39412_360_0,0.02,0.08,18828.25,18796.21,2.0
39413_360_0,20.73,74.64,14915.78,16050.09,0.0
39415_360_0,10.19,36.69,14701.78,11997.36,0.0
39416_360_0,13.2,47.52,6909.11,13306.02,0.0
39417_360_0,7.04,25.34,12482.29,15171.4,0.0
39424_360_0,16.2,58.34,18745.98,15276.68,0.0
39425_360_0,16.88,60.76,18549.23,23554.32,0.0
39426_360_0,2.62,9.42,6166.74,14294.63,0.0
39428_360_0,10.53,37.92,16091.78,9505.55,0.0
39430_360_0,5.94,21.38,7347.09,14204.96,0.0
39432_360_0,12.04,43.34,7273.29,14210.49,0.0
39434_360_0,33.48,120.53,17125.49,10838.49,0.0
39440_360_0,1.09,3.93,20743.09,8025.18,0.0
39443_360_0,12.75,45.92,13066.33,13166.76,0.0
39446_360_0,9.18,33.05,20377.17,17413.59,0.0
39451_360_0,13.24,47.66,13704.94,23516.79,0.0
39452_360_0,13.59,48.92,13671.5,14481.49,0.0
39455_360_0,12.46,44.87,13954.65,14875.8,0.0
39456_360_0,15.32,55.16,11291.17,22651.1,0.0
39458_360_0,0.06,0.21,12232.66,15312.74,6.0
39459_360_0,9.97,35.89,12805.95,15833.02,0.0
39460_360_0,13.88,49.96,22601.3,12719.32,0.0
39462_360_0,6.8,24.49,19273.15,19571.91,0.0
39465_360_0,11.75,42.31,14127.54,16261.48,0.0
39467_360_0,38.57,138.86,10762.65,21688.73,0.0
39468_360_0,14.04,50.55,17349.06,18378.12,0.0
39469_360_0,23.35,84.08,23176.47,7969.95,0.0
39470_360_0,13.49,48.58,13226.75,11567.7,0.0
39471_360_0,22.59,81.32,12000.98,16427.47,0.0
39472_360_0,25.36,91.28,20853.96,12057.34,0.0
39473_360_0,17.23,62.01,17088.86,19360.88,0.0
39474_360_0,13.88,49.99,21188.39,12403.35,0.0
39478_360_0,14.13,50.87,24133.68,11689.22,0.0
39479_360_0,13.54,48.73,8445.33,14176.6,0.0
39480_360_0,28.72,103.38,17208.04,10947.19,0.0
39482_360_0,11.83,42.58,13669.66,13764.66,0.0
39484_360_0,12.7,45.73,17599.89,17203.19,0.0
39486_360_0,28.01,100.84,6580.25,17498.64,0.0
39490_360_0,9.29,33.44,10771.79,12582.05,0.0
39493_360_0,13.63,49.09,18755.26,9871.9,0.0
39500_360_0,10.49,37.76,17306.62,13982.71,0.0
39501_360_0,0.0,0.0,15241.75,4145.53,5.0
39504_360_0,13.27,47.77,20413.11,8576.4,0.0
39505_360_0,3.45,12.4,14147.54,16909.74,0.0
39506_360_0,0.0,0.0,19801.81,17224.94,10.0
39507_360_0,13.38,48.18,15965.03,11974.55,0.0
39508_360_0,14.5,52.2,19112.81,19176.95,0.0
39509_360_0,15.11,54.41,21029.02,15036.22,0.0
39511_360_0,26.0,93.6,21824.35,10222.22,0.0
39512_360_0,13.6,48.96,9684.07,20263.38,0.0
39513_360_0,0.0,0.0,20293.43,6637.8,13.0
39515_360_0,13.74,49.47,11155.15,11157.17,0.0
39517_360_0,0.34,1.22,8607.59,21703.08,0.0
39520_360_0,0.86,3.09,20742.26,8006.58,0.0
39526_360_0,18.04,64.96,11192.0,10043.38,0.0
39528_360_0,0.28,0.99,13785.81,17274.44,0.0
39529_360_0,35.39,127.41,16946.6,10637.72,0.0
39530_360_0,14.59,52.52,8576.12,17442.45,0.0
39531_360_0,16.86,60.69,12993.19,8786.2,0.0
39532_360_0,11.6,41.75,8918.15,24927.03,0.0
39533_360_0,12.08,43.5,13301.03,20390.72,0.0
39534_360_0,12.09,43.54,16076.53,9520.23,0.0
39535_360_0,26.92,96.91,6925.99,19247.15,0.0
39539_360_0,12.3,44.28,13817.84,13122.62,0.0
39542_360_0,0.0,0.0,11754.8,14285.22,15.0
39543_360_0,2.97,10.68,14135.48,15405.98,0.0
39544_360_0,13.85,49.87,22005.32,17300.45,0.0
39546_360_0,12.35,44.47,11131.53,14743.27,0.0
39547_360_0,12.5,44.99,22578.62,7670.85,0.0
39549_360_0,7.46,26.86,23796.37,4770.57,0.0
39550_360_0,0.0,0.0,11761.15,14283.41,21.0
39551_360_0,10.11,36.38,21092.49,9742.92,0.0
39552_360_0,0.06,0.21,15627.39,8507.94,1.0
39553_360_0,1.09,3.94,17014.15,10982.67,0.0
39555_360_0,7.25,26.09,19816.5,23299.76,0.0
39562_360_0,15.02,54.07,10698.72,21020.15,0.0
39567_360_0,12.41,44.68,6091.04,26173.8,0.0
39569_360_0,0.43,1.54,8580.53,21724.74,0.0
39570_360_0,7.5,27.0,11092.38,4244.18,0.0
39572_360_0,14.27,51.36,12048.03,15965.63,0.0
39573_360_0,10.74,38.67,16505.38,13860.2,0.0
39577_360_0,17.9,64.45,9263.72,22409.22,0.0
39584_360_0,12.99,46.76,17793.21,14110.0,0.0
39589_360_0,12.87,46.33,18023.7,15897.31,0.0
39592_360_0,27.94,100.58,21590.55,10683.08,0.0
39594_360_0,21.93,78.96,16053.39,14966.68,0.0
39597_360_0,0.0,0.0,13849.98,16653.01,6.0
39598_360_0,25.19,90.7,22847.65,9317.95,0.0
39602_360_0,14.41,51.89,19282.13,14047.8,0.0
39605_360_0,13.17,47.41,19405.93,19669.03,0.0
39608_360_0,16.0,57.59,21057.62,15636.19,0.0
39609_360_0,11.48,41.34,9997.31,13817.58,0.0
39610_360_0,14.04,50.53,13823.99,13114.12,0.0
39611_360_0,0.0,0.0,8657.49,21676.88,15.0
39613_360_0,0.77,2.78,19434.6,17223.36,0.0
39614_360_0,13.07,47.04,20624.94,7358.54,0.0
39615_360_0,0.5,1.81,20751.52,8183.22,0.0
39621_360_0,11.3,40.67,18562.38,11976.99,0.0
39622_360_0,13.43,48.36,12002.78,16548.99,0.0
39626_360_0,0.0,0.0,21177.53,10323.19,16.0
39627_360_0,15.03,54.1,14659.4,12193.62,0.0
39629_360_0,13.86,49.91,6567.7,18603.14,0.0
39631_360_0,20.46,73.67,17635.27,12498.54,0.0
39632_360_0,0.0,0.0,12086.67,15405.28,5.0
39633_360_0,0.02,0.06,13923.95,12265.34,4.0
39635_360_0,14.41,51.89,15626.04,10053.82,0.0
39636_360_0,14.98,53.92,11688.8,13871.19,0.0
39641_360_0,28.3,101.87,10755.48,9564.31,0.0
39645_360_0,0.0,0.0,16873.38,13947.0,8.0
39647_360_0,10.81,38.91,8839.3,18533.5,0.0
39650_360_0,14.93,53.75,8597.73,21598.33,0.0
39654_360_0,14.72,52.98,6022.36,25829.4,0.0
39657_360_0,26.85,96.67,8242.98,20183.38,0.0
39658_360_0,0.0,0.0,16093.66,7955.78,5.0
39661_360_0,11.35,40.85,16144.21,9456.92,0.0
39662_360_0,0.0,0.01,10193.73,19079.08,4.0
39664_360_0,21.25,76.51,23509.37,6043.32,0.0
39667_360_0,13.16,47.39,9490.89,23720.88,0.0
39668_360_0,14.33,51.58,14121.3,12005.88,0.0
39669_360_0,11.78,42.41,12990.25,10379.19,0.0
39670_360_0,21.34,76.84,18132.81,12137.53,0.0
39672_360_0,13.43,48.33,22066.69,9056.13,0.0
39673_360_0,12.78,46.02,22217.67,17119.81,0.0
39674_360_0,15.69,56.47,14766.73,16482.31,0.0
39678_360_0,16.08,57.88,23381.38,7533.53,0.0
39681_360_0,20.33,73.19,17283.47,14980.33,0.0
39682_360_0,20.78,74.82,14270.42,19386.49,0.0
39684_360_0,11.86,42.71,16862.22,6008.59,0.0
39687_360_0,13.43,48.35,13929.25,10402.68,0.0
39691_360_0,15.48,55.72,12839.14,10282.34,0.0
39694_360_0,10.45,37.62,20581.2,7299.02,0.0
39695_360_0,3.49,12.57,15636.19,14411.92,0.0
39698_360_0,10.9,39.26,16048.72,9547.22,0.0
39703_360_0,12.36,44.5,11872.67,11691.12,0.0
39708_360_0,12.25,44.09,20772.21,18348.02,0.0
39711_360_0,0.0,0.0,21162.46,10350.64,25.0
39712_360_0,11.26,40.52,19238.27,19665.61,0.0
39715_360_0,7.51,27.03,5988.23,14339.42,0.0
39717_360_0,11.6,41.77,18355.65,18857.84,0.0
39719_360_0,14.92,53.7,13808.92,13198.59,0.0
39722_360_0,0.14,0.49,14380.86,12218.62,0.0
39723_360_0,22.23,80.04,23322.68,8560.51,0.0
39725_360_0,13.04,46.93,9375.7,23920.8,0.0
39726_360_0,0.0,0.0,17152.54,6419.67,18.0
39728_360_0,0.0,0.0,8633.62,21686.6,6.0
39730_360_0,9.94,35.8,8443.07,21425.78,0.0
39731_360_0,8.81,31.72,20417.83,17425.32,0.0
39733_360_0,7.41,26.69,19043.56,9659.75,0.0
39736_360_0,0.71,2.55,12304.73,14698.8,0.0
39737_360_0,0.39,1.39,15774.02,9861.4,0.0
39740_360_0,13.58,48.9,7949.73,14196.84,0.0
39741_360_0,3.78,13.6,14102.94,16530.11,0.0
39742_360_0,11.79,42.45,20998.59,16799.6,0.0
39743_360_0,26.03,93.7,19402.48,16538.95,0.0
39746_360_0,7.22,25.98,18545.18,12421.17,0.0
39748_360_0,28.06,101.0,23445.2,7739.57,0.0
39751_360_0,13.66,49.17,17355.3,15568.71,0.0
39761_360_0,8.92,32.1,19326.67,20779.39,0.0
39762_360_0,35.38,127.37,12043.37,8573.34,0.0
39764_360_0,6.67,24.01,16372.92,9155.98,0.0
39765_360_0,0.0,0.0,10629.11,12101.84,11.0
39772_360_0,14.61,52.61,10947.17,24074.0,0.0
39773_360_0,14.52,52.26,15797.15,12154.65,0.0
39774_360_0,12.51,45.03,6652.6,26559.23,0.0
39776_360_0,0.0,0.01,20725.99,7683.28,4.0
39778_360_0,14.26,51.34,13755.95,15341.35,0.0
39780_360_0,3.05,10.98,13570.7,15247.12,0.0
39781_360_0,13.32,47.95,13005.32,23553.59,0.0
39784_360_0,22.51,81.03,18374.14,12048.71,0.0
39787_360_0,12.49,44.95,12438.13,15433.51,0.0
39788_360_0,14.64,52.7,16554.71,17006.99,0.0
39789_360_0,12.33,44.38,13799.66,17152.95,0.0
39792_360_0,13.42,48.33,21351.98,3094.68,0.0
39793_360_0,14.02,50.47,20252.62,5811.6,0.0
39794_360_0,10.83,38.99,12892.14,14317.96,0.0
39795_360_0,12.59,45.34,13535.74,12515.19,0.0
39798_360_0,0.0,0.0,6022.86,14287.41,4.0
39800_360_0,0.0,0.0,17710.16,10513.85,17.0
39802_360_0,0.0,0.0,20295.12,6610.41,5.0
39807_360_0,10.09,36.31,17109.79,13389.45,0.0
39808_360_0,13.69,49.3,14982.59,13970.91,0.0
39809_360_0,14.2,51.12,6925.73,15789.02,0.0
39815_360_0,12.74,45.88,19876.89,14249.32,0.0
39816_360_0,1.15,4.16,13078.83,12844.53,0.0
39819_360_0,13.32,47.97,9770.34,21043.22,0.0
39822_360_0,8.37,30.13,14633.3,12280.4,0.0
39829_360_0,31.04,111.75,17763.37,11281.34,0.0
39830_360_0,15.13,54.45,18946.44,11672.05,0.0
39831_360_0,9.41,33.89,14108.19,23736.69,0.0
39833_360_0,19.97,71.91,13175.35,23680.88,0.0
39834_360_0,15.13,54.46,8403.12,28185.35,0.0
39837_360_0,12.42,44.7,19267.39,19784.54,0.0
39838_360_0,10.29,37.04,14192.35,13704.64,0.0
39840_360_0,11.66,41.96,11581.46,11320.02,0.0
39841_360_0,13.19,47.47,14889.93,18527.63,0.0
39842_360_0,13.94,50.18,11907.33,13039.48,0.0
39844_360_0,1.4,5.05,11449.03,15868.12,0.0
39845_360_0,14.49,52.17,5660.67,14153.96,0.0
39846_360_0,22.34,80.41,21540.05,10918.44,0.0
39847_360_0,0.0,0.0,15107.58,16126.02,20.0
39850_360_0,11.44,41.18,18406.21,12002.42,0.0
39852_360_0,19.42,69.91,14626.67,7617.24,0.0
39855_360_0,0.0,0.0,13667.85,14463.69,13.0
39859_360_0,22.45,80.81,23310.58,8586.81,0.0
39860_360_0,13.23,47.64,12724.06,14987.71,0.0
39864_360_0,15.5,55.78,12621.15,8144.25,0.0
39867_360_0,29.04,104.53,23551.6,5209.85,0.0
39871_360_0,12.7,45.71,15018.89,13895.55,0.0
39875_360_0,6.13,22.07,16227.96,14903.0,0.0
39878_360_0,16.51,59.45,18314.61,10170.16,0.0
39879_360_0,0.0,0.0,6944.31,13578.1,7.0
39880_360_0,9.92,35.73,7012.67,28324.74,0.0
39881_360_0,0.0,0.02,14274.23,11015.88,2.0
39886_360_0,11.14,40.1,13710.79,14126.46,0.0
39888_360_0,12.61,45.4,19769.26,13073.67,0.0
39889_360_0,13.7,49.33,13457.44,18220.24,0.0
39893_360_0,14.18,51.04,16707.69,8694.82,0.0
39896_360_0,12.28,44.2,14480.67,12231.73,0.0
39899_360_0,10.11,36.39,20129.87,16815.5,0.0
39900_360_0,13.22,47.6,10074.79,12003.14,0.0
39901_360_0,11.82,42.54,16559.1,13482.51,0.0
39902_360_0,13.26,47.74,9850.25,23934.6,0.0
39907_360_0,14.86,53.5,17359.39,16679.28,0.0
39909_360_0,13.59,48.91,20924.89,7726.23,0.0
39914_360_0,14.58,52.49,6795.44,26631.74,0.0
39916_360_0,11.57,41.67,14164.03,7453.56,0.0
39918_360_0,0.0,0.0,13471.04,12131.3,22.0
39920_360_0,21.77,78.36,15897.81,15173.8,0.0
39922_360_0,12.95,46.61,12638.0,12788.02,0.0
39928_360_0,11.3,40.68,12980.26,16306.26,0.0
39931_360_0,14.07,50.65,8846.7,20317.95,0.0
39936_360_0,9.63,34.68,14118.41,14473.18,0.0
39937_360_0,16.74,60.25,12586.83,20718.98,0.0
39940_360_0,0.51,1.84,15626.36,14425.61,0.0
39942_360_0,14.32,51.54,16434.92,14819.4,0.0
39943_360_0,0.06,0.23,12219.6,15321.17,2.0
39945_360_0,0.0,0.0,21140.99,17875.11,8.0
39946_360_0,0.0,0.0,12771.59,13297.51,8.0
39947_360_0,13.38,48.17,11390.5,14993.22,0.0
39949_360_0,12.28,44.21,9124.96,15434.01,0.0
39951_360_0,12.61,45.39,16919.75,14505.87,0.0
39953_360_0,14.27,51.38,19225.89,9484.12,0.0
39955_360_0,0.0,0.0,7506.65,15851.85,6.0
39958_360_0,13.05,46.98,13570.47,14569.2,0.0
39961_360_0,26.36,94.9,19403.59,16375.07,0.0
39964_360_0,11.53,41.5,6090.11,15504.67,0.0
39967_360_0,0.0,0.0,11786.11,13334.9,8.0
39968_360_0,6.5,23.39,21577.26,13988.33,0.0
39969_360_0,10.31,37.12,19314.3,17124.59,0.0
39970_360_0,11.24,40.48,18999.01,15681.46,0.0
39971_360_0,8.68,31.23,13621.73,13270.13,0.0
39979_360_0,13.83,49.8,12462.74,15308.13,0.0
39980_360_0,1.4,5.03,19273.68,19427.74,0.0
39983_360_0,0.0,0.0,22819.76,7989.98,11.0
39984_360_0,11.05,39.79,12458.02,10593.21,0.0
39988_360_0,3.7,13.33,14945.97,18065.11,0.0
39994_360_0,12.6,45.35,12079.42,10830.72,0.0
39996_360_0,12.24,44.05,13982.6,10224.03,0.0
39998_360_0,9.97,35.88,13111.73,11551.63,0.0
40001_360_0,13.77,49.57,11367.31,15800.09,0.0
40003_360_0,13.11,47.19,22304.27,14323.35,0.0
40004_360_0,0.0,0.0,9445.52,18592.43,12.0
40008_360_0,12.07,43.44,20297.48,17674.9,0.0
40009_360_0,13.55,48.79,12339.81,16973.51,0.0
40010_360_0,3.69,13.28,17726.99,16241.46,0.0
40011_360_0,11.73,42.22,10088.19,12865.62,0.0
40015_360_0,10.5,37.81,13838.32,16495.13,0.0
40017_360_0,13.46,48.45,18594.8,15214.09,0.0
40019_360_0,0.01,0.02,18894.32,18871.16,5.0
40021_360_0,10.52,37.86,14517.93,9337.12,0.0
40022_360_0,12.15,43.75,13010.43,12935.07,0.0
40023_360_0,10.99,39.56,15444.06,14198.71,0.0
40024_360_0,19.55,70.39,9659.93,22717.4,0.0
40025_360_0,26.89,96.82,19979.25,10622.52,0.0
40027_360_0,9.44,34.0,9040.03,24786.6,0.0
40031_360_0,18.31,65.92,23443.07,7967.54,0.0
40034_360_0,0.0,0.0,16904.24,20699.29,8.0
40035_360_0,53.19,191.49,23593.01,8006.81,0.0
40037_360_0,13.47,48.48,11914.67,13018.96,0.0
40038_360_0,18.89,68.02,10638.82,10716.84,0.0
40039_360_0,0.03,0.09,6049.46,14272.05,2.0
40041_360_0,13.83,49.8,20181.18,18530.84,0.0
40045_360_0,3.95,14.21,23322.11,4967.36,0.0
40046_360_0,14.0,50.41,14917.58,17900.58,0.0
40048_360_0,0.0,0.0,16897.29,6362.08,7.0
40049_360_0,13.76,49.53,12823.83,4316.69,0.0
40050_360_0,18.48,66.54,14325.83,19328.65,0.0
40052_360_0,12.11,43.61,10524.11,15549.08,0.0
40053_360_0,12.79,46.03,9829.86,23005.21,0.0
40054_360_0,13.41,48.27,13850.75,13056.33,0.0
40055_360_0,13.13,47.26,15953.32,9644.37,0.0
40056_360_0,13.49,48.56,9974.36,20756.27,0.0
40061_360_0,1.33,4.77,19433.02,17164.02,0.0
40062_360_0,0.59,2.11,18849.33,18820.32,0.0
40063_360_0,12.02,43.25,8536.01,21789.93,0.0
40064_360_0,0.17,0.6,17294.3,7982.15,0.0
40065_360_0,13.13,47.27,17368.53,18333.84,0.0
40066_360_0,8.08,29.07,14535.34,9195.94,0.0
40072_360_0,23.03,82.92,15371.48,15769.55,0.0
40073_360_0,25.62,92.24,11346.88,17916.01,0.0
40074_360_0,14.46,52.06,11590.06,20212.17,0.0
40076_360_0,13.97,50.3,16064.7,14009.83,0.0
40078_360_0,23.64,85.09,16585.67,14893.39,0.0
40082_360_0,12.43,44.74,8775.35,12692.95,0.0
40086_360_0,7.62,27.43,19125.74,17069.44,0.0
40088_360_0,0.0,0.0,22131.17,8828.97,18.0
40091_360_0,12.27,44.16,7241.91,18519.01,0.0
40095_360_0,8.45,30.43,11662.32,13978.52,0.0
40097_360_0,27.58,99.28,9244.29,21079.23,0.0
40098_360_0,14.35,51.66,14722.68,11959.91,0.0
40100_360_0,12.29,44.23,10796.88,14025.44,0.0
40101_360_0,17.17,61.81,16877.52,10744.33,0.0
40103_360_0,12.97,46.7,13525.93,10269.3,0.0
40104_360_0,13.93,50.16,9582.38,22751.1,0.0
40105_360_0,10.75,38.7,17528.31,17816.78,0.0
40106_360_0,0.0,0.0,17180.69,10786.31,10.0
40107_360_0,2.16,7.78,11756.18,14278.24,0.0
40108_360_0,14.45,52.03,16560.51,14850.9,0.0
40109_360_0,5.67,20.42,13252.23,9226.41,0.0
40110_360_0,0.0,0.0,21163.12,10344.08,19.0
40114_360_0,1.4,5.04,18727.97,14726.61,0.0
40116_360_0,31.8,114.48,11237.32,9197.35,0.0
40117_360_0,12.97,46.68,13713.72,13381.87,0.0
40120_360_0,32.51,117.04,18387.3,11432.59,0.0
40121_360_0,12.39,44.61,21600.98,16964.25,0.0
40122_360_0,12.86,46.3,20863.73,15403.77,0.0
40123_360_0,12.18,43.84,16814.62,11176.38,0.0
40125_360_0,4.07,14.66,20732.94,7741.99,0.0
40126_360_0,14.32,51.54,10994.73,19495.05,0.0
40127_360_0,12.96,46.67,10189.6,15700.0,0.0
40129_360_0,15.98,57.52,23527.14,4861.86,0.0
40132_360_0,0.0,0.0,21173.32,10327.04,19.0
40133_360_0,3.93,14.14,9337.68,23643.75,0.0
40140_360_0,7.39,26.59,19178.05,15385.33,0.0
40144_360_0,12.87,46.34,14371.23,13862.46,0.0
40145_360_0,14.88,53.57,16842.14,10566.81,0.0
40148_360_0,21.53,77.51,11867.2,16733.56,0.0
40151_360_0,11.23,40.43,20448.64,17430.92,0.0
40152_360_0,14.62,52.64,11911.89,14783.85,0.0
40153_360_0,13.81,49.72,5853.97,25667.91,0.0
40158_360_0,10.55,38.0,13061.01,14753.12,0.0
40160_360_0,19.28,69.42,16865.33,14945.53,0.0
40161_360_0,13.46,48.46,13432.92,12039.39,0.0
40162_360_0,14.39,51.8,12125.02,12357.5,0.0
40164_360_0,11.88,42.76,14091.51,15247.92,0.0
40166_360_0,26.99,97.18,20247.14,10530.43,0.0
40167_360_0,23.45,84.43,23428.18,7980.52,0.0
40169_360_0,13.07,47.04,24419.63,11517.49,0.0
40170_360_0,13.84,49.84,5145.55,16906.74,0.0
40173_360_0,24.85,89.45,23397.91,8217.16,0.0
40175_360_0,17.86,64.31,9069.15,22286.11,0.0
40178_360_0,7.09,25.53,14169.45,11646.43,0.0
40179_360_0,12.07,43.44,11092.91,11806.16,0.0
40182_360_0,0.0,0.0,20730.85,7706.42,14.0
40183_360_0,9.19,33.1,20432.57,17428.82,0.0
40184_360_0,11.52,41.47,18940.89,17014.09,0.0
40186_360_0,40.28,145.0,5998.12,25224.6,0.0
40187_360_0,6.89,24.79,14016.57,14998.76,0.0
40188_360_0,13.63,49.08,24245.22,7527.4,0.0
40191_360_0,19.34,69.61,8031.86,18193.0,0.0
40193_360_0,0.02,0.08,22042.2,18369.67,1.0
40194_360_0,12.36,44.5,10753.14,12615.8,0.0
40195_360_0,20.85,75.05,19901.07,15563.48,0.0
40199_360_0,1.73,6.23,20742.58,8012.93,0.0
40202_360_0,14.57,52.47,13483.98,9627.86,0.0
40204_360_0,10.99,39.57,17352.3,16636.2,0.0
40206_360_0,12.73,45.82,14042.09,13111.26,0.0
40207_360_0,7.95,28.61,17892.07,15799.33,0.0
40208_360_0,12.84,46.21,10426.06,12945.04,0.0
40209_360_0,2.32,8.34,20752.5,8206.0,0.0
40213_360_0,14.5,52.21,15150.06,14232.13,0.0
40217_360_0,0.28,1.01,12685.23,13799.95,0.0
40218_360_0,12.5,45.0,11102.79,15215.83,0.0
40219_360_0,28.73,103.43,19554.24,15820.66,0.0
40225_360_0,0.0,0.01,17012.14,13914.4,4.0
40230_360_0,36.56,131.61,16178.75,9675.0,0.0
40232_360_0,12.79,46.06,11495.65,13280.66,0.0
40233_360_0,11.75,42.31,12028.23,20645.55,0.0
40234_360_0,15.0,54.01,12973.64,11627.16,0.0
40239_360_0,14.23,51.23,15999.57,16882.75,0.0
40240_360_0,20.47,73.68,17336.51,14987.95,0.0
40241_360_0,7.18,25.84,21156.39,10347.76,0.0
40242_360_0,11.16,40.17,23938.02,5184.52,0.0
40245_360_0,11.95,43.03,5853.64,17607.9,0.0
40248_360_0,18.43,66.33,17129.25,19008.74,0.0
40252_360_0,25.43,91.56,23529.37,5601.47,0.0
40254_360_0,26.91,96.89,23288.43,8647.42,0.0
40259_360_0,16.08,57.89,18094.95,16758.88,0.0
40264_360_0,29.07,104.64,19312.51,16782.95,0.0
40267_360_0,31.99,115.17,10170.49,19880.37,0.0
40268_360_0,0.0,0.0,12472.89,15155.87,11.0
40269_360_0,24.81,89.3,19918.04,14351.61,0.0
40271_360_0,15.1,54.36,13368.24,23535.5,0.0
40272_360_0,14.11,50.78,14404.9,17286.22,0.0
40273_360_0,25.35,91.25,6482.34,15665.02,0.0
40274_360_0,0.0,0.0,21167.13,10337.18,24.0
40279_360_0,7.37,26.54,17738.18,14302.69,0.0
40282_360_0,13.97,50.28,11090.69,11823.66,0.0
40283_360_0,10.05,36.17,13792.21,17206.9,0.0
40284_360_0,0.0,0.0,19838.9,17273.34,23.0
40285_360_0,8.62,31.02,14043.15,13736.71,0.0
40286_360_0,14.02,50.47,19896.6,16148.58,0.0
40288_360_0,11.9,42.85,10757.56,12600.98,0.0
40289_360_0,20.72,74.61,17033.26,14961.14,0.0
40292_360_0,16.26,58.53,16893.89,10764.12,0.0
40293_360_0,1.13,4.06,20309.37,17392.15,0.0
40294_360_0,9.16,32.99,13586.19,20347.39,0.0
40295_360_0,12.6,45.36,21068.25,16795.94,0.0
40296_360_0,12.29,44.23,10300.76,14062.61,0.0
40297_360_0,0.57,2.06,14104.4,16516.4,0.0
40298_360_0,12.59,45.34,16476.15,7183.01,0.0
40299_360_0,15.0,54.01,17505.63,17018.47,0.0
40300_360_0,2.3,8.28,20293.02,6694.09,0.0
40302_360_0,12.49,44.95,14791.64,16586.15,0.0
40304_360_0,13.97,50.29,5982.61,12767.73,0.0
40308_360_0,13.54,48.76,22051.36,9106.07,0.0
40312_360_0,8.2,29.52,23926.08,4994.88,0.0
40321_360_0,15.03,54.11,18692.39,16937.06,0.0
40322_360_0,11.86,42.7,12358.76,15228.92,0.0
40325_360_0,12.81,46.12,21030.42,10589.73,0.0
40327_360_0,0.0,0.0,7798.25,12564.05,5.0
40328_360_0,5.82,20.97,19442.57,17196.81,0.0
40330_360_0,14.5,52.19,12073.62,22166.65,0.0
40332_360_0,13.9,50.03,19279.82,19188.52,0.0
40333_360_0,0.23,0.83,5262.49,14352.3,0.0
40336_360_0,13.25,47.69,14439.91,9868.16,0.0
40337_360_0,11.46,41.25,9018.98,14128.02,0.0
40338_360_0,12.0,43.2,16829.07,11925.45,0.0
40339_360_0,14.27,51.39,22505.92,15445.57,0.0
40340_360_0,9.88,35.57,18673.86,18619.21,0.0
40341_360_0,14.81,53.31,9415.35,20837.68,0.0
40344_360_0,22.07,79.44,18120.72,18894.21,0.0
40347_360_0,0.29,1.05,11777.39,13355.06,0.0
40353_360_0,21.19,76.27,16387.08,14825.26,0.0
40354_360_0,51.27,184.58,6072.72,25043.0,0.0
40358_360_0,14.11,50.79,10569.18,14075.65,0.0
40361_360_0,25.55,91.97,17868.05,12369.87,0.0
40363_360_0,15.67,56.42,13528.89,14415.35,0.0
40365_360_0,11.22,40.38,13403.79,13802.66,0.0
40367_360_0,14.04,50.55,17444.08,14012.78,0.0
40368_360_0,11.43,41.15,19997.46,9177.7,0.0
40370_360_0,15.43,55.56,10585.1,24814.68,0.0
40374_360_0,12.68,45.65,15176.7,16164.09,0.0
40375_360_0,15.07,54.27,11309.53,17863.5,0.0
40378_360_0,9.11,32.8,23810.96,11806.21,0.0
40379_360_0,4.03,14.51,13788.83,17248.05,0.0
40389_360_0,34.67,124.83,23815.0,11451.47,0.0
40393_360_0,15.06,54.22,11530.97,23025.34,0.0
40394_360_0,11.73,42.21,10927.12,15390.55,0.0
40396_360_0,3.5,12.62,21389.99,9721.87,0.0
40402_360_0,12.0,43.2,22642.66,9153.53,0.0
40403_360_0,7.29,26.24,20289.3,6597.58,0.0
40406_360_0,30.24,108.85,20533.09,13336.96,0.0
40407_360_0,10.29,37.06,14283.07,12334.89,0.0
40409_360_0,13.07,47.04,18457.79,18366.71,0.0
40411_360_0,8.51,30.63,14485.59,9547.12,0.0
40412_360_0,21.14,76.12,21504.26,11184.88,0.0
40415_360_0,14.75,53.11,18189.22,14179.08,0.0
40416_360_0,14.6,52.55,10507.39,13370.48,0.0
40419_360_0,33.51,120.64,18214.89,11391.77,0.0
40420_360_0,14.03,50.51,18428.9,15158.09,0.0
40427_360_0,13.71,49.35,17048.42,7900.08,0.0
40429_360_0,11.49,41.35,11499.56,13966.35,0.0
40431_360_0,12.93,46.54,11298.88,24255.44,0.0
40434_360_0,13.28,47.81,15384.33,13604.9,0.0
40438_360_0,27.91,100.46,19262.31,17021.48,0.0
40440_360_0,14.29,51.43,7221.38,14304.98,0.0
40441_360_0,13.13,47.27,16093.97,16963.49,0.0
40443_360_0,20.11,72.38,18562.03,11987.63,0.0
40444_360_0,23.46,84.46,9447.23,20815.89,0.0
40446_360_0,29.77,107.18,6562.53,17001.64,0.0
40447_360_0,12.55,45.17,15466.03,18111.15,0.0
40449_360_0,11.6,41.76,16613.96,16961.19,0.0
40450_360_0,10.49,37.78,12288.52,15293.37,0.0
40452_360_0,23.59,84.94,20533.53,13282.4,0.0
40454_360_0,31.01,111.64,19694.93,15141.87,0.0
40455_360_0,13.57,48.87,17356.51,12775.17,0.0
40458_360_0,0.0,0.0,11617.14,14836.97,6.0
40459_360_0,4.83,17.38,23805.08,4693.74,0.0
40460_360_0,13.68,49.24,8264.62,17620.59,0.0
40464_360_0,14.87,53.55,10422.17,14971.86,0.0
40466_360_0,3.04,10.95,6181.59,14293.7,0.0
40470_360_0,13.62,49.03,20288.12,9753.54,0.0
40474_360_0,6.01,21.65,12937.76,14851.01,0.0
40480_360_0,25.26,90.95,21417.37,11838.56,0.0
40481_360_0,13.89,50.0,13441.35,14404.17,0.0
40484_360_0,14.91,53.67,11298.18,19692.39,0.0
40486_360_0,9.24,33.26,17620.61,17291.78,0.0
40487_360_0,12.12,43.63,9995.21,13933.17,0.0
40489_360_0,0.0,0.0,6634.53,15765.29,4.0
40493_360_0,12.55,45.18,8005.13,14192.04,0.0
40495_360_0,14.43,51.95,9346.3,12703.49,0.0
40496_360_0,27.44,98.78,24089.73,7797.51,0.0
40498_360_0,2.79,10.06,17488.13,16912.73,0.0
40502_360_0,3.65,13.14,10003.9,20614.14,0.0
40503_360_0,13.59,48.93,8950.0,16545.41,0.0
40505_360_0,15.98,57.52,14921.98,18225.04,0.0
40508_360_0,8.13,29.27,10262.32,25744.96,0.0
40510_360_0,0.0,0.0,19847.02,12962.63,20.0
40511_360_0,6.64,23.91,17517.2,14780.26,0.0
40513_360_0,0.54,1.96,8552.06,21966.33,0.0
40516_360_0,12.92,46.52,16875.22,14931.35,0.0
40517_360_0,0.0,0.0,8692.38,14154.5,21.0
40522_360_0,14.61,52.59,21216.54,12365.81,0.0
40525_360_0,8.44,30.38,22154.28,8467.64,0.0
40527_360_0,10.64,38.31,14358.69,7668.19,0.0
40529_360_0,25.3,91.06,11120.89,18421.61,0.0
40531_360_0,16.09,57.94,24447.58,11310.28,0.0
40535_360_0,13.86,49.88,11744.41,13953.27,0.0
40536_360_0,13.61,49.0,14410.12,15758.95,0.0
40540_360_0,3.32,11.97,15613.29,14375.4,0.0
40543_360_0,15.99,57.56,20974.56,12659.02,0.0
40544_360_0,9.33,33.6,23802.54,11864.41,0.0
40545_360_0,7.9,28.42,10479.86,25135.15,0.0
40546_360_0,10.09,36.33,10322.64,20919.06,0.0
40547_360_0,13.09,47.13,21638.79,10282.17,0.0
40549_360_0,5.28,19.0,18348.62,14054.73,0.0
40550_360_0,8.52,30.66,22514.69,4703.65,0.0
40559_360_0,12.38,44.59,6499.33,28198.0,0.0
40562_360_0,14.17,51.0,13325.35,14680.98,0.0
40563_360_0,11.95,43.02,15332.42,14214.79,0.0
40571_360_0,23.39,84.2,11156.15,22136.91,0.0
40572_360_0,13.39,48.21,9228.16,24368.22,0.0
40573_360_0,11.98,43.14,20880.69,8906.95,0.0
40575_360_0,12.71,45.74,13612.92,15239.77,0.0
40576_360_0,10.19,36.67,18095.8,6287.74,0.0
40579_360_0,13.9,50.04,14018.48,14894.47,0.0
40580_360_0,13.11,47.21,13745.96,6905.89,0.0
40581_360_0,22.46,80.86,12719.49,23831.35,0.0
40583_360_0,13.87,49.93,15250.77,10667.05,0.0
40585_360_0,12.88,46.38,10776.31,14934.26,0.0
40593_360_0,11.74,42.26,17113.52,16714.95,0.0
40594_360_0,0.0,0.0,14033.18,7318.47,4.0
40595_360_0,17.41,62.68,11712.29,14138.36,0.0
40597_360_0,13.03,46.92,12838.31,14699.61,0.0
40600_360_0,11.28,40.61,20768.73,18348.55,0.0
40602_360_0,13.1,47.15,18814.92,5059.88,0.0
40604_360_0,12.59,45.32,10682.1,14014.86,0.0
40609_360_0,7.91,28.46,7612.56,28870.6,0.0
40612_360_0,14.76,53.15,12838.34,16240.22,0.0
40614_360_0,5.48,19.73,13195.62,13820.57,0.0
40617_360_0,12.27,44.18,20280.14,6566.56,0.0
40624_360_0,13.32,47.94,12355.63,15635.12,0.0
40625_360_0,11.67,42.02,17003.48,15271.84,0.0
40626_360_0,12.32,44.36,16491.81,19563.67,0.0
40627_360_0,11.29,40.64,8910.74,12679.47,0.0
40634_360_0,9.01,32.42,10945.26,17250.35,0.0
40635_360_0,12.47,44.89,20908.03,14538.25,0.0
40636_360_0,34.36,123.71,15296.46,8597.92,0.0
40641_360_0,13.29,47.85,16688.12,20755.82,0.0
40644_360_0,30.97,111.49,18574.09,18648.52,0.0
40645_360_0,11.94,42.98,12732.78,14159.06,0.0
40646_360_0,16.43,59.15,16437.75,7441.38,0.0
40647_360_0,33.57,120.85,9722.83,10321.28,0.0
40650_360_0,13.35,48.07,20145.31,14299.64,0.0
40656_360_0,14.93,53.76,16629.63,13147.6,0.0
40661_360_0,11.63,41.88,13688.84,13585.7,0.0
40663_360_0,8.07,29.06,7103.61,27269.68,0.0
40666_360_0,0.0,0.0,15276.28,14219.48,8.0
40667_360_0,14.19,51.09,5786.31,14145.41,0.0
40668_360_0,13.21,47.57,19241.09,5174.08,0.0
40669_360_0,11.67,42.0,12327.28,13502.69,0.0
40670_360_0,11.56,41.6,14392.79,15740.74,0.0
40672_360_0,0.0,0.0,14060.91,16250.97,6.0
40675_360_0,10.29,37.06,11005.9,13277.62,0.0
40677_360_0,13.15,47.34,17225.79,16663.74,0.0
40678_360_0,28.62,103.05,9202.34,21137.94,0.0
40680_360_0,55.14,198.51,6785.21,23941.64,0.0
40682_360_0,11.36,40.88,14407.59,10142.62,0.0
40684_360_0,25.33,91.2,20541.51,10498.57,0.0
40685_360_0,7.51,27.04,19136.46,5101.01,0.0
40686_360_0,0.0,0.0,17109.97,15331.46,17.0
40687_360_0,7.86,28.29,16454.59,9042.31,0.0
40689_360_0,0.0,0.0,18865.07,13253.44,5.0
40690_360_0,7.51,27.05,7427.68,27663.53,0.0
40691_360_0,12.1,43.57,17392.38,4008.21,0.0
40692_360_0,0.03,0.09,11779.18,13350.96,2.0
40693_360_0,14.53,52.33,17213.48,16370.88,0.0
40694_360_0,13.39,48.19,12965.34,12597.08,0.0
40695_360_0,11.69,42.07,21477.85,9502.79,0.0
40698_360_0,13.0,46.81,7516.3,21114.18,0.0
40701_360_0,0.07,0.27,14099.74,16506.73,2.0
40703_360_0,13.12,47.24,11901.45,12694.89,0.0
40704_360_0,13.36,48.09,17493.52,17028.02,0.0
40708_360_0,13.51,48.62,8529.47,14852.57,0.0
40712_360_0,11.75,42.29,18470.4,15271.78,0.0
40713_360_0,0.0,0.0,14119.44,16630.16,26.0
40716_360_0,14.04,50.54,14237.16,16360.6,0.0
40720_360_0,15.28,55.0,13303.48,17898.15,0.0
40721_360_0,13.33,47.97,22601.9,6147.57,0.0
40723_360_0,12.22,44.0,12177.69,21978.09,0.0
40727_360_0,23.55,84.79,6239.2,13316.92,0.0
40730_360_0,8.99,32.36,6088.43,26113.58,0.0
40731_360_0,3.4,12.24,20727.95,7654.87,0.0
40732_360_0,20.99,75.56,10691.38,10025.69,0.0
40734_360_0,0.0,0.0,19873.78,17286.51,11.0
40738_360_0,15.86,57.1,13072.89,11087.37,0.0
40739_360_0,12.29,44.26,10889.23,26599.75,0.0
40742_360_0,17.59,63.31,9350.42,22466.55,0.0
40743_360_0,0.0,0.0,17522.69,17270.42,5.0
40745_360_0,11.72,42.19,14021.74,15731.31,0.0
40746_360_0,7.15,25.72,13252.15,12766.25,0.0
40747_360_0,17.88,64.36,9816.51,23113.89,0.0
40748_360_0,22.56,81.22,17775.84,18539.25,0.0
40750_360_0,0.0,0.01,20728.4,7666.05,4.0
40751_360_0,1.86,6.68,14606.07,8979.35,0.0
40753_360_0,1.81,6.52,15637.36,8497.74,0.0
40756_360_0,0.0,0.0,10572.16,14046.25,2.0
40761_360_0,12.97,46.68,21017.26,16798.61,0.0
40762_360_0,0.84,3.03,19528.74,17187.56,0.0
40763_360_0,22.22,80.0,20356.55,13627.73,0.0
40764_360_0,13.46,48.45,23438.25,4972.09,0.0
40768_360_0,0.0,0.0,16090.6,7959.81,11.0
40769_360_0,27.87,100.32,20348.55,13634.38,0.0
40773_360_0,12.35,44.45,20637.48,7373.24,0.0
40774_360_0,12.81,46.12,14767.84,16423.32,0.0
40775_360_0,11.27,40.56,14898.74,18426.37,0.0
40779_360_0,14.37,51.73,19370.42,13863.21,0.0
40781_360_0,12.88,46.36,14468.32,3961.8,0.0
40782_360_0,10.2,36.73,11924.91,13939.28,0.0
40783_360_0,0.78,2.8,20752.91,8219.19,0.0
40785_360_0,11.58,41.69,13923.56,15395.76,0.0
40786_360_0,13.73,49.42,17472.42,4119.84,0.0
40794_360_0,6.27,22.56,13180.03,19179.69,0.0
40797_360_0,14.35,51.67,8581.28,21712.67,0.0
40800_360_0,12.55,45.19,16577.98,16242.88,0.0
40805_360_0,9.61,34.58,17831.87,6747.75,0.0
40807_360_0,13.05,46.97,12749.18,13558.04,0.0
40808_360_0,14.89,53.62,12366.54,17016.59,0.0
40812_360_0,0.0,0.0,17511.39,17186.21,10.0
40818_360_0,0.0,0.01,20291.84,6610.89,6.0
40819_360_0,1.43,5.16,8569.85,21735.52,0.0
40823_360_0,0.01,0.02,9435.72,22635.05,3.0
40825_360_0,13.18,47.44,16400.12,11459.62,0.0
40833_360_0,11.32,40.74,14153.85,13744.78,0.0
40836_360_0,6.5,23.4,8152.55,17090.23,0.0
40837_360_0,12.61,45.39,11452.99,15912.66,0.0
40838_360_0,0.02,0.08,13766.01,12781.75,2.0
40841_360_0,13.4,48.24,18526.79,11611.27,0.0
40843_360_0,6.88,24.78,8430.42,21404.7,0.0
40847_360_0,28.22,101.59,21004.47,12463.28,0.0
40851_360_0,13.71,49.35,10828.7,12461.81,0.0
40852_360_0,27.46,98.84,6353.19,13740.98,0.0
40855_360_0,13.3,47.87,13434.58,13784.19,0.0
40860_360_0,0.0,0.0,8637.3,21684.37,8.0
40861_360_0,13.03,46.92,14768.78,16450.08,0.0
40862_360_0,4.7,16.93,22815.22,4845.49,0.0
40863_360_0,12.07,43.45,20148.05,12977.83,0.0
40864_360_0,0.0,0.0,12748.42,20672.12,7.0
40866_360_0,13.97,50.28,12571.23,8059.02,0.0
40868_360_0,10.63,38.25,19712.79,17630.64,0.0
40871_360_0,8.01,28.85,18461.93,15095.82,0.0
40873_360_0,16.37,58.92,9401.91,20855.76,0.0
40874_360_0,13.89,50.0,13724.59,12428.89,0.0
40876_360_0,8.15,29.35,5862.37,14441.7,0.0
40878_360_0,8.86,31.88,13689.49,12663.21,0.0
40881_360_0,5.96,21.44,16572.43,8877.55,0.0
40888_360_0,0.0,0.0,20266.64,17378.59,5.0
40890_360_0,11.55,41.58,17355.83,18351.24,0.0
40894_360_0,0.23,0.83,12741.72,14170.06,0.0
40902_360_0,55.52,199.87,14620.37,7229.23,0.0
40906_360_0,12.97,46.68,16343.2,7645.6,0.0
40908_360_0,4.84,17.42,14076.2,16239.76,0.0
40909_361_0,6.23,22.44,13324.36,17765.0,0.0
40911_361_0,54.49,196.18,7545.32,23140.19,0.0
40915_361_0,16.16,58.16,5828.11,25582.41,0.0
40916_361_0,12.92,46.5,9228.81,24345.57,0.0
40917_361_0,13.98,50.31,9043.04,17065.82,0.0
40920_361_0,13.01,46.85,7450.36,22359.47,0.0
40921_361_0,7.44,26.77,12728.67,17439.43,0.0
40924_361_0,0.46,1.67,16883.13,20704.17,0.0
40926_361_0,0.0,0.0,17967.2,15952.92,7.0
40928_361_0,12.96,46.66,18717.64,15265.27,0.0
40929_361_0,8.89,32.02,6090.33,26157.12,0.0
40931_361_0,12.06,43.42,5601.65,16215.59,0.0
40932_361_0,16.03,57.71,12649.65,8193.26,0.0
40933_361_0,0.0,0.0,19874.67,17283.33,13.0
40934_361_0,0.45,1.61,8539.43,21935.77,0.0
40937_361_0,12.51,45.03,14097.98,13738.36,0.0
40940_361_0,5.08,18.31,23343.98,4706.65,0.0
40941_361_0,14.97,53.89,7335.55,27850.88,0.0
40942_361_0,12.16,43.78,10373.87,14036.54,0.0
40944_361_0,12.75,45.89,11120.05,20444.93,0.0
40945_361_0,14.25,51.31,18350.84,10138.65,0.0
40946_361_0,22.04,79.35,21141.39,15319.66,0.0
40947_361_0,13.6,48.96,13681.34,14729.03,0.0
40949_361_0,0.0,0.0,10554.71,13004.81,10.0
40950_361_0,12.56,45.23,17394.32,6511.15,0.0
40953_361_0,8.95,32.21,20352.9,14729.11,0.0
40955_361_0,10.66,38.39,12339.25,7322.98,0.0
40956_361_0,11.8,42.49,14987.48,14038.32,0.0
40961_361_0,2.46,8.87,17890.58,6685.83,0.0
40962_361_0,0.0,0.0,14971.35,15835.41,6.0
40964_361_0,11.97,43.08,6961.38,12576.88,0.0
40965_361_0,12.7,45.74,12484.9,15175.81,0.0
40966_361_0,0.0,0.0,16573.61,8305.99,5.0
40967_361_0,10.74,38.66,12526.42,25255.95,0.0
40968_361_0,13.01,46.84,14145.68,13134.59,0.0
40969_361_0,25.02,90.08,20506.71,10501.01,0.0
40971_361_0,11.74,42.26,17469.67,16943.65,0.0
40972_361_0,7.39,26.61,19354.71,18937.22,0.0
40973_361_0,3.08,11.08,12246.63,13811.6,0.0
40975_361_0,12.71,45.77,15535.5,16568.64,0.0
40977_361_0,0.0,0.0,10679.86,16348.04,5.0
40979_361_0,11.05,39.77,24355.31,6489.27,0.0
40980_361_0,16.81,60.52,11106.86,23823.81,0.0
40982_361_0,0.0,0.0,9464.66,22586.03,58.0
40985_361_0,8.46,30.46,10473.05,13743.86,0.0
40988_361_0,8.4,30.25,17350.67,3939.57,0.0
40989_361_0,12.3,44.29,23401.02,13039.32,0.0
40991_361_0,13.47,48.48,23732.74,14904.17,0.0
40992_361_0,7.97,28.68,7935.07,16933.39,0.0
40993_361_0,17.92,64.5,16889.63,14952.16,0.0
40994_361_0,13.84,49.84,16770.69,11851.1,0.0
40995_361_0,0.0,0.0,19487.36,17175.7,11.0
40998_361_0,0.0,0.01,20467.78,14423.55,2.0
40999_361_0,6.74,24.25,7166.73,27377.99,0.0
41000_361_0,3.4,12.25,20744.63,8054.8,0.0
41001_361_0,7.56,27.21,10150.51,16279.57,0.0
41003_361_0,0.0,0.0,14513.4,12600.88,10.0
41004_361_0,25.35,91.26,10583.07,19332.57,0.0
41008_361_0,0.0,0.0,19832.9,17275.1,22.0
41009_361_0,10.21,36.76,19721.04,17240.56,0.0
41011_361_0,15.12,54.43,17650.99,12496.87,0.0
41012_361_0,7.56,27.22,10495.07,25065.95,0.0
41013_361_0,13.92,50.11,13283.77,13214.94,0.0
41015_361_0,10.82,38.95,15725.17,13138.7,0.0
41016_361_0,11.87,42.73,20804.33,7571.97,0.0
41017_361_0,6.16,22.18,5667.12,14597.81,0.0
41021_361_0,27.93,100.55,19062.1,11205.19,0.0
41022_361_0,0.08,0.27,10000.04,20615.05,1.0
41024_361_0,8.48,30.52,11912.9,11612.24,0.0
41025_361_0,26.19,94.28,21653.27,10527.26,0.0
41027_361_0,5.67,20.42,16487.56,8999.32,0.0
41030_361_0,0.0,0.0,14015.84,15856.03,5.0
41032_361_0,0.0,0.0,17088.83,16093.67,11.0
41033_361_0,13.46,48.44,11098.09,13342.39,0.0
41034_361_0,23.08,83.1,8878.15,20447.66,0.0
41035_361_0,11.24,40.45,7222.33,26311.05,0.0
41038_361_0,0.04,0.15,24221.85,7631.52,1.0
41041_361_0,7.52,27.07,13349.87,9892.16,0.0
41042_361_0,14.94,53.79,19106.84,17281.89,0.0
41046_361_0,15.38,55.38,14044.99,5507.04,0.0
41049_361_0,12.54,45.16,18671.82,14619.3,0.0
41051_361_0,8.65,31.14,13096.8,16437.03,0.0
41057_361_0,12.63,45.47,12455.81,16144.77,0.0
41058_361_0,13.85,49.86,15114.25,13289.87,0.0
41061_361_0,14.12,50.84,21025.29,14946.72,0.0
41062_361_0,10.9,39.22,6522.4,28124.61,0.0
41065_361_0,12.65,45.52,13688.58,15455.12,0.0
41066_361_0,0.0,0.0,12803.89,14483.55,5.0
41069_361_0,18.81,67.72,15385.98,8994.75,0.0
41070_361_0,0.0,0.0,6165.12,14291.43,45.0
41071_361_0,0.0,0.0,6177.12,14293.98,29.0
41072_361_0,12.12,43.63,16164.55,17028.0,0.0
41073_361_0,4.41,15.86,10970.31,17281.04,0.0
41076_361_0,5.91,21.29,14102.24,15398.21,0.0
41077_361_0,14.92,53.71,10092.55,12544.95,0.0
41078_361_0,16.04,57.74,18641.36,12418.06,0.0
41079_361_0,14.44,51.97,11812.26,12222.82,0.0
41080_361_0,7.3,26.29,13329.99,18463.21,0.0
41081_361_0,12.5,44.99,8529.67,21808.53,0.0
41082_361_0,12.09,43.53,14388.43,10197.9,0.0
41083_361_0,13.0,46.81,12441.38,12547.26,0.0
41086_361_0,8.31,29.9,12660.76,13915.28,0.0
41087_361_0,12.11,43.6,24293.9,7292.41,0.0
41088_361_0,14.06,50.62,20903.51,12751.86,0.0
41089_361_0,0.0,0.0,21161.5,10346.32,21.0
41090_361_0,24.97,89.89,22072.09,10013.83,0.0
41091_361_0,12.18,43.85,14231.93,12195.31,0.0
41094_361_0,8.55,30.77,10965.85,11623.21,0.0
41095_361_0,28.35,102.05,20493.2,13351.71,0.0
41097_361_0,5.14,18.49,13678.8,23439.11,0.0
41098_361_0,12.89,46.4,11704.0,18273.52,0.0
41099_361_0,13.83,49.77,12862.63,8562.75,0.0
41106_361_0,0.0,0.0,19869.56,17281.91,14.0
41107_361_0,4.26,15.34,13470.79,18947.32,0.0
41108_361_0,4.36,15.68,5621.3,14633.1,0.0
41109_361_0,0.26,0.93,16492.85,13718.08,0.0
41110_361_0,13.85,49.88,12404.6,15473.37,0.0
41112_361_0,20.79,74.83,19971.16,10630.31,0.0
41114_361_0,0.0,0.0,18852.28,13251.53,3.0
41115_361_0,7.74,27.86,4997.19,15826.49,0.0
41117_361_0,13.24,47.65,13302.33,18420.81,0.0
41118_361_0,12.44,44.8,22580.53,7677.51,0.0
41119_361_0,11.22,40.39,13453.19,18013.16,0.0
41120_361_0,13.74,49.46,14746.23,10290.53,0.0
41122_361_0,21.67,78.01,23293.85,8642.4,0.0
41123_361_0,9.99,35.95,5403.01,17418.05,0.0
41125_361_0,16.34,58.84,14950.96,13817.7,0.0
41126_361_0,13.0,46.81,13497.27,24707.71,0.0
41127_361_0,0.0,0.0,17892.2,17616.45,7.0
41128_361_0,15.1,54.36,5972.26,17638.13,0.0
41131_361_0,19.98,71.94,17412.96,10638.91,0.0
41132_361_0,12.99,46.77,11671.56,13830.77,0.0
41133_361_0,8.76,31.53,10980.64,17283.61,0.0
41134_361_0,10.67,38.41,24218.22,15252.12,0.0
41135_361_0,0.0,0.0,19910.69,5876.39,9.0
41139_361_0,11.04,39.76,12421.21,13590.01,0.0
41142_361_0,20.22,72.81,23151.03,7974.19,0.0
41143_361_0,0.0,0.02,19544.72,17193.8,2.0
41144_361_0,13.3,47.89,16982.97,16315.69,0.0
41146_361_0,11.63,41.88,9893.35,15790.46,0.0
41147_361_0,0.0,0.0,13666.55,14407.98,4.0
41149_361_0,7.28,26.22,13464.44,20247.18,0.0
41150_361_0,0.0,0.0,13869.27,13714.51,2.0
41152_361_0,11.2,40.33,23327.01,11689.34,0.0
41154_361_0,12.61,45.4,23757.0,14905.71,0.0
41156_361_0,13.86,49.89,19182.28,19464.27,0.0
41157_361_0,10.44,37.59,17531.26,17799.93,0.0
41164_361_0,12.97,46.7,13360.38,14552.4,0.0
41165_361_0,14.34,51.63,14115.26,11986.76,0.0
41169_361_0,13.82,49.74,19233.69,13911.06,0.0
41170_361_0,12.53,45.11,14132.69,7990.66,0.0
41171_361_0,0.0,0.0,7198.77,18438.1,5.0
41174_361_0,13.76,49.53,18951.74,15046.88,0.0
41177_361_0,0.0,0.0,10208.29,23395.37,0.0
41178_361_0,0.02,0.06,12223.95,15318.36,2.0
41180_361_0,0.0,0.0,20236.24,17369.02,18.0
41181_361_0,0.01,0.05,12791.54,13318.0,2.0
41185_361_0,3.1,11.15,8527.09,21836.05,0.0
41190_361_0,0.0,0.0,11763.94,9429.73,2.0
41193_361_0,26.77,96.37,13508.01,22813.44,0.0
41195_361_0,8.33,29.98,21532.88,14222.95,0.0
41200_361_0,16.07,57.85,15398.9,8891.23,0.0
41202_361_0,29.52,106.28,11612.22,22577.56,0.0
41203_361_0,0.0,0.0,16871.91,13925.95,26.0
41204_361_0,55.55,199.98,7645.85,23036.33,0.0
41205_361_0,27.64,99.49,23292.11,8628.32,0.0
41206_361_0,0.0,0.0,6172.98,14290.94,4.0
41210_361_0,13.82,49.75,19197.65,17089.5,0.0
41211_361_0,11.02,39.67,13640.19,21249.89,0.0
41212_361_0,7.18,25.85,15710.54,13941.6,0.0
41213_361_0,23.88,85.97,19573.01,15731.97,0.0
41215_361_0,0.06,0.23,14935.22,11348.79,1.0
41217_361_0,10.04,36.16,8878.88,21059.66,0.0
41218_361_0,26.92,96.9,7582.76,19876.7,0.0
41219_361_0,1.96,7.05,12221.18,12172.15,0.0
41220_361_0,27.77,99.96,20631.84,13185.14,0.0
41221_361_0,18.28,65.81,19011.52,23657.23,0.0
41223_361_0,0.49,1.78,6428.17,14272.77,0.0
41224_361_0,11.29,40.64,19365.85,17476.3,0.0
41225_361_0,14.79,53.24,11454.48,20989.76,0.0
41227_361_0,12.1,43.55,14565.23,13865.66,0.0
41228_361_0,11.76,42.35,23578.92,5112.8,0.0
41229_361_0,12.84,46.23,14824.69,3819.22,0.0
41233_361_0,6.65,23.94,12373.27,17230.48,0.0
41237_361_0,11.53,41.5,10728.22,13113.73,0.0
41238_361_0,9.48,34.12,19151.05,17076.48,0.0
41239_361_0,12.45,44.81,9018.48,24978.36,0.0
41245_361_0,11.91,42.88,19596.72,17208.54,0.0
41248_361_0,12.4,44.64,17064.16,8169.16,0.0
41250_361_0,0.69,2.47,20734.9,8295.2,0.0
41254_361_0,0.07,0.25,12271.58,15287.59,2.0
41255_361_0,35.38,127.38,15937.54,9367.59,0.0
41256_361_0,7.47,26.89,14685.78,10679.45,0.0
41257_361_0,8.26,29.75,13964.79,5586.15,0.0
41258_361_0,2.26,8.15,13777.98,12791.67,0.0
41262_361_0,8.35,30.06,13339.14,13882.6,0.0
41265_361_0,0.46,1.65,14921.53,18088.78,0.0
41267_361_0,0.0,0.0,15694.09,8434.28,19.0
41268_361_0,3.76,13.53,10482.94,13743.67,0.0
41269_361_0,15.8,56.87,15847.5,20604.88,0.0
41270_361_0,12.75,45.91,17277.86,16476.03,0.0
41271_361_0,12.89,46.41,8594.59,21672.55,0.0
41272_361_0,13.1,47.16,16502.1,14227.96,0.0
41273_361_0,15.51,55.84,7633.69,14220.59,0.0
41274_361_0,5.66,20.37,17519.84,16820.82,0.0
41275_361_0,1.67,6.03,17117.42,16337.1,0.0
41277_361_0,16.04,57.74,17697.91,12475.55,0.0
41281_361_0,14.01,50.42,14822.23,18067.55,0.0
41282_361_0,11.98,43.14,20000.78,17320.32,0.0
41284_361_0,3.43,12.33,10825.71,14005.1,0.0
41286_361_0,25.85,93.06,23119.21,8986.53,0.0
41288_361_0,11.94,42.99,13227.51,19705.23,0.0
41290_361_0,23.1,83.14,23370.78,8375.1,0.0
41291_361_0,7.57,27.23,15093.17,16141.69,0.0
41292_361_0,11.41,41.07,21968.85,9394.01,0.0
41294_361_0,7.56,27.2,14017.44,15719.97,0.0
41295_361_0,13.5,48.58,7616.43,15820.24,0.0
41298_361_0,25.9,93.25,22258.48,9841.21,0.0
41299_361_0,12.52,45.07,11013.79,12079.24,0.0
41300_361_0,14.31,51.52,11231.13,19043.74,0.0
41301_361_0,11.94,42.98,20759.32,11142.97,0.0
41304_361_0,0.03,0.09,10995.65,15319.62,2.0
41308_361_0,14.88,53.56,21100.78,12498.86,0.0
41310_361_0,12.36,44.51,15759.6,17606.09,0.0
41312_361_0,21.66,77.96,16253.75,14846.6,0.0
41316_361_0,11.53,41.49,8045.98,13561.88,0.0
41319_361_0,30.43,109.55,23495.46,6296.67,0.0
41320_361_0,2.19,7.89,22951.99,7524.46,0.0
41322_361_0,0.87,3.12,20724.67,7655.34,0.0
41324_361_0,15.77,56.76,11886.14,13099.57,0.0
41326_361_0,16.51,59.44,17100.65,19661.67,0.0
41327_361_0,19.68,70.86,9747.09,22844.71,0.0
41330_361_0,7.28,26.2,17545.26,16787.42,0.0
41331_361_0,25.66,92.39,22052.42,11847.18,0.0
41333_361_0,1.15,4.15,5991.99,14131.0,0.0
41334_361_0,27.72,99.81,23537.45,5440.14,0.0
41338_361_0,6.28,22.62,10183.97,23155.71,0.0
41340_361_0,0.0,0.0,11757.97,14284.32,14.0
41341_361_0,12.97,46.7,12999.16,12478.21,0.0
41342_361_0,12.48,44.94,9641.4,14080.76,0.0
41343_361_0,12.75,45.9,13176.46,9099.83,0.0
41346_361_0,12.33,44.38,10409.68,22812.87,0.0
41348_361_0,19.59,70.51,16702.29,14857.94,0.0
41350_361_0,11.36,40.88,20658.16,16722.99,0.0
41351_361_0,8.35,30.07,16832.47,16545.25,0.0
41353_361_0,18.63,67.07,15504.68,8630.72,0.0
41354_361_0,8.22,29.6,23445.21,12327.3,0.0
41356_361_0,5.26,18.93,21150.97,10367.1,0.0
41359_361_0,14.04,50.53,16846.73,10588.18,0.0
41361_361_0,11.72,42.19,14172.16,11671.3,0.0
41362_361_0,24.62,88.65,7600.8,19860.67,0.0
41363_361_0,10.39,37.4,17388.53,16744.77,0.0
41364_361_0,0.0,0.0,9465.78,22581.2,59.0
41367_361_0,12.2,43.91,19352.57,19978.84,0.0
41368_361_0,0.0,0.0,13975.1,15997.41,7.0
41372_361_0,13.99,50.36,19154.63,14154.16,0.0
41373_361_0,12.94,46.59,15958.75,11976.05,0.0
41376_361_0,13.78,49.62,15209.43,13301.21,0.0
41380_361_0,13.91,50.07,17417.92,6519.78,0.0
41382_361_0,13.41,48.29,20588.32,17442.02,0.0
41383_361_0,10.34,37.23,17119.24,13945.32,0.0
41385_361_0,0.0,0.0,17164.38,15963.08,10.0
41386_361_0,0.0,0.0,22612.34,7554.34,8.0
41387_361_0,8.1,29.14,13871.29,13140.87,0.0
41388_361_0,4.47,16.08,12815.06,11727.63,0.0
41389_361_0,6.5,23.41,16672.61,13106.11,0.0
41391_361_0,11.98,43.13,15445.96,14092.18,0.0
41393_361_0,9.22,33.17,10840.62,14036.39,0.0
41397_361_0,10.7,38.53,12967.72,15018.49,0.0
41401_361_0,0.14,0.5,17252.46,8009.81,0.0
41403_361_0,0.0,0.0,12931.15,13020.02,15.0
41404_361_0,10.36,37.28,9945.24,27268.56,0.0
41405_361_0,24.67,88.79,17503.79,12521.92,0.0
41406_361_0,0.0,0.0,24424.17,4037.97,0.0
41411_361_0,0.0,0.0,14871.36,18934.21,6.0
41413_361_0,14.22,51.2,20890.16,12770.46,0.0
41414_361_0,14.17,51.01,13715.26,14205.78,0.0
41415_361_0,10.3,37.09,17208.69,16368.08,0.0
41416_361_0,0.0,0.0,18646.18,12477.25,15.0
41418_361_0,7.65,27.55,11610.59,15763.29,0.0
41420_361_0,11.16,40.18,6533.65,28088.78,0.0
41424_361_0,6.64,23.92,24393.83,4059.82,0.0
41425_361_0,0.0,0.0,15502.19,14188.31,9.0
41427_361_0,13.14,47.31,21056.33,14841.61,0.0
41428_361_0,13.75,49.5,9273.63,16945.5,0.0
41429_361_0,16.71,60.16,9162.39,20567.16,0.0
41433_361_0,0.0,0.0,12517.23,14498.42,21.0
41436_361_0,13.83,49.79,12782.25,14431.16,0.0
41438_361_0,13.76,49.55,16437.34,17049.97,0.0
41439_361_0,14.12,50.85,14698.64,3881.17,0.0
41441_361_0,21.36,76.88,9179.31,27314.59,0.0
41442_361_0,0.0,0.01,18886.72,18862.57,7.0
41445_361_0,14.15,50.92,13495.94,12547.25,0.0
41446_361_0,11.48,41.32,22241.64,17114.48,0.0
41449_361_0,14.33,51.59,14824.84,11654.83,0.0
41450_361_0,7.1,25.57,9899.75,23328.13,0.0
41451_361_0,0.51,1.85,10002.35,20612.68,0.0
41452_361_0,3.78,13.61,8713.24,21660.91,0.0
41453_361_0,13.08,47.08,5948.09,25694.34,0.0
41455_361_0,12.65,45.55,11406.54,17756.07,0.0
41456_361_0,8.09,29.12,5904.68,14407.21,0.0
41458_361_0,13.0,46.82,6425.32,26543.87,0.0
41461_361_0,7.05,25.36,13303.25,13887.0,0.0
41463_361_0,11.61,41.79,13231.88,9192.79,0.0
41468_361_0,12.05,43.38,17366.02,18320.36,0.0
41469_361_0,15.64,56.3,12925.79,8669.42,0.0
41471_361_0,11.78,42.41,20009.55,11932.83,0.0
41474_361_0,15.68,56.45,11720.26,14330.76,0.0
41478_361_0,2.67,9.6,22960.35,7516.91,0.0
41479_361_0,4.59,16.54,8435.04,15199.51,0.0
41480_361_0,30.65,110.34,16505.51,10088.87,0.0
41481_361_0,11.51,41.43,13527.25,13751.11,0.0
41482_361_0,0.0,0.0,17112.61,15310.42,12.0
41483_361_0,0.64,2.32,17724.93,10518.65,0.0
41484_361_0,12.74,45.85,19046.27,19042.72,0.0
41488_361_0,0.0,0.0,16525.28,14117.31,9.0
41489_361_0,4.4,15.83,15780.3,16767.8,0.0
41495_361_0,31.5,113.42,8821.43,11031.68,0.0
41497_361_0,11.51,41.42,14099.63,14471.98,0.0
41498_361_0,16.94,60.99,9724.55,20774.05,0.0
41499_361_0,33.6,120.96,15890.13,9342.46,0.0
41507_361_0,12.63,45.48,6091.87,26193.45,0.0
41508_361_0,12.67,45.61,17482.93,7862.06,0.0
41509_361_0,9.86,35.51,18433.68,15065.23,0.0
41513_361_0,13.34,48.01,14861.08,18803.07,0.0
41516_361_0,13.99,50.37,19373.19,17463.6,0.0
41517_361_0,10.64,38.3,7226.98,28343.83,0.0
41519_361_0,6.1,21.95,21503.52,10399.01,0.0
41522_361_0,7.74,27.86,21275.74,9284.86,0.0
41523_361_0,11.77,42.35,12811.51,14545.56,0.0
41525_361_0,11.34,40.84,14888.79,18929.29,0.0
41526_361_0,17.72,63.8,14147.49,19538.8,0.0
41530_361_0,12.76,45.95,13059.9,17495.92,0.0
41531_361_0,12.36,44.51,14355.18,12925.31,0.0
41533_361_0,9.12,32.85,19095.38,14271.65,0.0
41534_361_0,0.0,0.0,8641.34,21682.87,9.0
41535_361_0,13.78,49.61,21394.91,10295.41,0.0
41537_361_0,14.92,53.71,19729.23,20380.73,0.0
41540_361_0,11.37,40.92,17638.17,7749.2,0.0
41541_361_0,23.29,83.84,16850.91,14943.59,0.0
41542_361_0,12.54,45.15,11421.56,13251.63,0.0
41543_361_0,13.75,49.5,9846.21,14958.67,0.0
41548_361_0,0.0,0.01,19372.02,18126.19,2.0
41549_361_0,14.39,51.82,12401.68,14618.97,0.0
41551_361_0,11.99,43.17,14173.39,17228.5,0.0
41552_361_0,11.68,42.04,9974.97,23828.82,0.0
41555_361_0,11.8,42.47,9402.96,22502.7,0.0
41556_361_0,27.74,99.87,19258.0,11080.91,0.0
41559_361_0,9.38,33.75,9723.02,20052.36,0.0
41561_361_0,0.01,0.02,17202.87,10784.74,3.0
41564_361_0,15.88,57.16,6436.48,14534.35,0.0
41568_361_0,13.03,46.91,13351.61,9397.27,0.0
41571_361_0,0.0,0.0,21188.17,10317.93,15.0
41574_361_0,12.18,43.85,17410.77,15257.46,0.0
41575_361_0,12.97,46.7,17044.41,13636.91,0.0
41577_361_0,11.6,41.76,21174.29,8182.11,0.0
41578_361_0,28.04,100.96,14818.8,8275.21,0.0
41579_361_0,15.55,55.97,21229.07,10466.18,0.0
41581_361_0,29.2,105.11,17333.51,11041.34,0.0
41582_361_0,16.19,58.3,12425.75,14594.05,0.0
41583_361_0,13.66,49.16,19383.9,18321.88,0.0
41585_361_0,12.58,45.29,21002.52,17623.68,0.0
41594_361_0,8.24,29.66,17148.7,19709.22,0.0
41596_361_0,4.15,14.94,8557.22,21755.79,0.0
41597_361_0,12.63,45.46,14864.82,18813.55,0.0
41599_361_0,12.66,45.59,14954.9,5289.72,0.0
41601_361_0,0.0,0.0,12716.71,20686.61,7.0
41603_361_0,0.0,0.0,14171.2,17199.27,10.0
41605_361_0,21.18,76.26,20846.6,18616.01,0.0
41606_361_0,7.88,28.35,17125.84,15016.09,0.0
41610_361_0,14.84,53.41,12351.28,9977.68,0.0
41614_361_0,10.4,37.44,21732.97,8616.84,0.0
41615_361_0,6.53,23.51,11056.35,11801.76,0.0
41617_361_0,2.44,8.77,21322.94,10196.41,0.0
41618_361_0,14.33,51.58,20879.75,8916.89,0.0
41620_361_0,0.0,0.0,8696.16,14151.07,23.0
41621_361_0,11.21,40.34,17643.49,16339.97,0.0
41623_361_0,20.17,72.61,17996.76,12244.59,0.0
41625_361_0,11.71,42.15,15939.98,13220.72,0.0
41627_361_0,15.59,56.13,10947.01,21995.2,0.0
41631_361_0,23.97,86.28,21603.23,10656.6,0.0
41634_361_0,21.46,77.26,12850.02,9214.13,0.0
41635_361_0,14.39,51.79,14279.54,10920.24,0.0
41637_361_0,15.69,56.49,20477.2,7056.53,0.0
41642_361_0,30.21,108.74,20730.92,12967.5,0.0
41645_361_0,13.15,47.34,10434.69,12946.3,0.0
41647_361_0,12.35,44.47,6802.82,14239.45,0.0
41649_361_0,0.0,0.0,8688.34,14151.36,19.0
41653_361_0,10.54,37.95,13675.39,14007.0,0.0
41654_361_0,0.04,0.15,21219.65,10284.67,1.0
41655_361_0,15.16,54.57,12048.27,13950.73,0.0
41656_361_0,15.51,55.84,15825.24,16799.94,0.0
41657_361_0,7.27,26.17,9259.41,25739.26,0.0
41658_361_0,11.91,42.88,15230.34,18314.33,0.0
41661_361_0,17.04,61.33,16993.15,20314.96,0.0
41662_361_0,2.27,8.17,8961.37,23662.12,0.0
41663_361_0,15.19,54.7,13221.3,20423.04,0.0
41665_361_0,20.14,72.5,17930.47,24737.55,0.0
41666_361_0,17.68,63.66,9585.06,22643.13,0.0
41667_361_0,13.8,49.69,13714.68,18155.16,0.0
41668_361_0,3.91,14.06,17846.21,14121.88,0.0
41669_361_0,8.35,30.05,12822.85,15835.75,0.0
41670_361_0,3.02,10.89,17730.58,10508.39,0.0
41672_361_0,12.63,45.48,14400.21,12227.46,0.0
41673_361_0,10.99,39.56,21610.18,8193.19,0.0
41674_361_0,7.8,28.07,20930.2,12961.87,0.0
41675_361_0,8.11,29.2,13869.49,6836.65,0.0
41676_361_0,11.54,41.55,19723.14,17237.77,0.0
41678_361_0,0.01,0.03,22594.05,7230.33,1.0
41679_361_0,12.25,44.08,11381.01,15903.26,0.0
41682_361_0,0.0,0.0,20241.32,17370.54,15.0
41683_361_0,12.44,44.8,11272.74,15062.3,0.0
41684_361_0,16.99,61.18,21945.08,3295.59,0.0
41687_361_0,17.51,63.02,9280.93,22420.49,0.0
41692_361_0,18.39,66.22,20754.86,15427.3,0.0
41693_361_0,21.62,77.82,22435.22,15670.86,0.0
41695_361_0,12.8,46.09,6827.36,18609.98,0.0
41697_361_0,1.77,6.38,18870.2,18843.9,0.0
41698_361_0,13.65,49.13,21559.82,5159.18,0.0
41700_361_0,4.62,16.62,13087.75,12867.01,0.0
41702_361_0,22.68,81.65,22996.99,9161.11,0.0
41705_361_0,12.36,44.48,15516.18,11616.13,0.0
41708_361_0,7.36,26.48,8921.18,23051.61,0.0
41711_361_0,12.46,44.85,14348.59,10529.94,0.0
41712_361_0,19.01,68.43,15000.21,16166.51,0.0
41715_361_0,13.85,49.85,19654.7,18230.42,0.0
41716_361_0,14.62,52.64,12367.54,11658.36,0.0
41717_361_0,14.4,51.83,13468.36,9600.1,0.0
41722_361_0,30.07,108.24,10906.88,18799.9,0.0
41723_361_0,15.04,54.13,5483.53,17476.78,0.0
41724_361_0,13.65,49.14,12082.15,18258.85,0.0
41726_361_0,13.1,47.16,17475.52,16034.61,0.0
41727_361_0,13.61,49.01,10587.76,14655.16,0.0
41728_361_0,11.65,41.95,6520.45,27834.21,0.0
41730_361_0,1.26,4.55,15650.44,8484.35,0.0
41731_361_0,7.17,25.81,13507.83,16286.72,0.0
41734_361_0,6.58,23.68,7036.97,22676.78,0.0
41735_361_0,12.2,43.93,18341.26,15128.58,0.0
41737_361_0,16.67,60.0,9546.65,20667.34,0.0
41741_361_0,9.26,33.34,11585.71,14697.15,0.0
41742_361_0,12.89,46.39,23390.34,13255.51,0.0
41746_361_0,12.63,45.48,22818.29,14760.82,0.0
41748_361_0,13.45,48.43,13493.14,14078.67,0.0
41749_361_0,11.47,41.28,11688.79,22777.7,0.0
41750_361_0,25.26,90.95,21573.97,10361.8,0.0
41751_361_0,13.07,47.06,12765.5,7153.88,0.0
41753_361_0,13.19,47.48,16921.82,11341.08,0.0
41754_361_0,2.98,10.73,20734.89,8295.24,0.0
41755_361_0,16.42,59.11,10355.42,22879.05,0.0
41756_361_0,9.53,34.31,14066.34,12171.96,0.0
41758_361_0,4.76,17.14,17565.09,17474.88,0.0
41760_361_0,11.75,42.29,8493.26,21460.13,0.0
41761_361_0,18.45,66.44,18617.47,9955.83,0.0
41762_361_0,6.8,24.48,16472.53,9019.72,0.0
41763_361_0,0.0,0.0,11763.22,14278.78,15.0
41765_361_0,27.64,99.52,10994.12,18649.8,0.0
41766_361_0,7.7,27.73,15110.03,16398.22,0.0
41768_361_0,5.06,18.2,15505.18,14210.38,0.0
41778_361_0,9.77,35.18,8952.35,22221.23,0.0
41779_361_0,12.02,43.26,10855.12,11898.91,0.0
41780_361_0,12.54,45.15,16446.27,20870.31,0.0
41781_361_0,12.43,44.76,13662.1,13796.03,0.0
41782_361_0,7.28,26.21,20124.27,9525.92,0.0
41783_361_0,13.11,47.19,18632.58,15151.79,0.0
41785_361_0,30.58,110.09,15874.16,9279.19,0.0
41786_361_0,12.26,44.14,6795.32,24753.34,0.0
41787_361_0,14.53,52.29,13755.38,10258.74,0.0
41788_361_0,7.43,26.75,19229.02,19563.54,0.0
41789_361_0,11.76,42.34,23693.48,4989.02,0.0
41790_361_0,30.03,108.1,15694.85,9047.29,0.0
41791_361_0,9.19,33.08,8229.0,21313.62,0.0
41792_361_0,10.25,36.9,19349.17,17973.07,0.0
41796_361_0,15.9,57.25,16603.69,6252.83,0.0
41799_361_0,8.64,31.1,15572.44,10132.09,0.0
41800_361_0,12.78,46.0,12781.17,14369.12,0.0
41801_361_0,13.41,48.28,12210.17,15887.46,0.0
41803_361_0,12.6,45.35,9454.76,14094.47,0.0
41805_361_0,13.92,50.1,17686.98,15513.46,0.0
41807_361_0,10.07,36.26,13947.08,16098.67,0.0
41808_361_0,22.61,81.39,18755.09,11791.83,0.0
41812_361_0,14.08,50.69,10169.02,14049.12,0.0
41813_361_0,15.09,54.31,12866.37,13067.65,0.0
41818_361_0,13.85,49.85,11747.82,12274.18,0.0
41819_361_0,8.69,31.29,22478.38,11485.85,0.0
41820_361_0,13.26,47.73,15398.95,13220.37,0.0
41821_361_0,1.67,6.01,20550.68,15747.48,0.0
41823_361_0,12.66,45.57,13517.48,10266.81,0.0
41828_361_0,11.73,42.22,17339.18,18409.65,0.0
41829_361_0,15.66,56.36,12578.68,8071.51,0.0
41834_361_0,0.0,0.0,21312.71,10201.23,9.0
41838_361_0,14.04,50.53,20967.95,8027.61,0.0
41839_361_0,0.27,0.96,22329.82,8885.64,0.0
41842_361_0,10.56,38.0,14592.7,8961.52,0.0
41848_361_0,0.0,0.0,7662.07,17863.53,7.0
41850_361_0,12.29,44.23,21380.51,18001.87,0.0
41852_361_0,14.45,52.01,23670.93,7125.28,0.0
41854_361_0,14.87,53.55,21359.52,17900.08,0.0
41855_361_0,4.04,14.55,19738.69,13135.31,0.0
41856_361_0,12.52,45.08,8730.27,19780.23,0.0
41860_361_0,12.67,45.61,9896.74,20499.99,0.0
41861_361_0,0.0,0.0,19848.23,17279.38,18.0
41863_361_0,2.43,8.76,12682.57,12856.08,0.0
41868_361_0,8.26,29.72,19177.88,14179.39,0.0
41870_361_0,11.74,42.26,20534.27,14437.86,0.0
41871_361_0,0.0,0.0,9437.56,22632.09,11.0
41872_361_0,0.0,0.0,20296.32,6626.67,10.0
41873_361_0,9.47,34.09,20725.4,7592.15,0.0
41874_361_0,0.0,0.0,15379.46,12650.91,5.0
41877_361_0,0.25,0.91,22411.97,9189.66,0.0
41882_361_0,14.44,51.99,17008.5,16766.75,0.0
41884_361_0,12.52,45.06,11085.75,21356.27,0.0
41891_361_0,14.33,51.6,15558.89,14277.02,0.0
41893_361_0,10.29,37.06,13470.81,12139.32,0.0
41894_361_0,12.66,45.56,21528.5,14359.89,0.0
41895_361_0,26.82,96.57,10617.16,19249.46,0.0
41898_361_0,0.0,0.0,13976.1,16006.44,5.0
41899_361_0,16.11,57.98,22763.05,7991.28,0.0
41900_361_0,0.0,0.0,8649.42,21679.88,12.0
41901_361_0,0.0,0.0,12712.52,12308.28,0.0
41902_361_0,54.48,196.11,5008.66,29744.72,0.0
41903_361_0,0.15,0.54,20808.43,11027.57,0.0
41906_361_0,16.42,59.11,21066.06,15758.96,0.0
41907_361_0,5.01,18.02,13018.27,14778.75,0.0
41911_361_0,11.45,41.22,14850.96,16974.95,0.0
41913_361_0,12.06,43.41,13327.55,24833.18,0.0
41914_361_0,0.02,0.06,10721.52,14305.38,2.0
41915_361_0,0.0,0.0,19740.8,13145.7,2.0
41916_361_0,13.59,48.93,12491.36,25207.59,0.0
41917_361_0,7.21,25.96,16136.1,9463.24,0.0
41922_361_0,0.89,3.2,8534.86,21923.28,0.0
41923_361_0,11.17,40.2,13858.19,13451.28,0.0
41924_361_0,0.0,0.01,16804.1,7891.89,3.0
41926_361_0,13.78,49.61,11608.55,13984.21,0.0
41927_361_0,12.23,44.04,10622.01,14556.77,0.0
41931_361_0,15.48,55.71,9842.9,14958.83,0.0
41933_361_0,14.47,52.11,15665.52,14502.01,0.0
41939_361_0,7.49,26.98,16527.89,8939.2,0.0
41940_361_0,5.82,20.94,23564.54,5174.99,0.0
41942_361_0,10.85,39.08,12445.1,13466.45,0.0
41943_361_0,14.17,51.01,14711.76,13854.71,0.0
41948_361_0,7.03,25.3,20708.42,9060.74,0.0
41949_361_0,7.87,28.32,18449.21,12999.65,0.0
41950_361_0,12.69,45.67,13539.93,10264.61,0.0
41952_361_0,26.0,93.6,15941.21,15097.7,0.0
41954_361_0,8.16,29.39,6089.06,26127.71,0.0
41955_361_0,13.68,49.24,20963.5,15378.48,0.0
41956_361_0,7.62,27.44,14151.74,15331.87,0.0
41958_361_0,13.09,47.14,6612.72,15755.92,0.0
41959_361_0,14.39,51.79,13058.84,8904.1,0.0
41960_361_0,20.02,72.08,17998.62,10435.34,0.0
41965_361_0,5.44,19.57,15510.83,14190.79,0.0
41966_361_0,12.57,45.24,15525.85,11598.22,0.0
41967_361_0,12.29,44.26,12411.23,15407.93,0.0
41970_361_0,7.43,26.76,16446.07,9053.04,0.0
41971_361_0,0.0,0.0,18820.27,18786.71,9.0
41973_361_0,20.81,74.92,23203.65,8845.85,0.0
41974_361_0,13.95,50.21,15524.8,17667.02,0.0
41975_361_0,23.77,85.59,17890.07,12346.45,0.0
41977_361_0,27.29,98.26,10048.44,20029.75,0.0
41978_361_0,12.53,45.09,17587.12,16774.74,0.0
41979_361_0,27.88,100.36,21272.94,10438.89,0.0
41980_361_0,10.3,37.09,17832.34,4379.22,0.0
41981_361_0,0.44,1.58,8598.9,21709.0,0.0
41987_361_0,13.91,50.08,10653.1,21036.26,0.0
41993_361_0,12.6,45.35,12739.62,14585.92,0.0
41995_361_0,8.9,32.05,24234.18,15752.1,0.0
41998_361_0,26.94,96.99,21349.13,12169.09,0.0
42001_361_0,12.02,43.28,13492.1,13243.67,0.0
42006_361_0,12.18,43.85,23879.49,4993.24,0.0
42010_361_0,30.92,111.3,7140.82,12305.72,0.0
42018_361_0,2.26,8.12,17106.18,16098.48,0.0
42019_361_0,11.52,41.49,17523.93,17836.0,0.0
42020_361_0,12.5,45.02,18000.55,16727.05,0.0
42024_361_0,13.74,49.46,11625.86,13957.22,0.0
42025_361_0,15.21,54.76,8923.4,17636.52,0.0
42027_361_0,10.78,38.8,6951.94,28755.25,0.0
42028_361_0,3.78,13.6,11568.13,13968.45,0.0
42029_361_0,10.21,36.74,12241.39,14747.81,0.0
42030_361_0,6.62,23.82,17254.32,14513.18,0.0
42031_361_0,10.89,39.2,14185.54,13752.25,0.0
42033_361_0,0.0,0.0,17233.45,8022.35,5.0
42034_361_0,12.7,45.71,16296.48,17173.09,0.0
42035_361_0,12.19,43.88,15811.86,14676.65,0.0
42037_361_0,13.55,48.77,6718.36,27194.07,0.0
42039_361_0,10.66,38.37,16413.03,6956.71,0.0
42043_361_0,13.7,49.32,19870.03,17171.31,0.0
42044_361_0,10.6,38.17,13408.42,11988.9,0.0
42045_361_0,18.49,66.58,12522.91,21249.21,0.0
42046_361_0,0.16,0.58,13969.57,16018.03,0.0
42047_361_0,21.59,77.72,10466.4,19467.26,0.0
42052_361_0,12.43,44.74,18564.82,11987.46,0.0
42054_361_0,14.67,52.82,18713.91,16943.31,0.0
42055_361_0,17.43,62.74,18190.92,10278.91,0.0
42059_361_0,13.21,47.57,10068.34,14054.8,0.0
42060_361_0,0.8,2.89,18788.83,14164.25,0.0
42061_361_0,15.65,56.33,16560.43,13931.98,0.0
42062_361_0,6.11,21.99,6695.94,18661.17,0.0
42063_361_0,12.33,44.39,13343.85,11813.06,0.0
42064_361_0,3.25,11.7,21155.31,10354.91,0.0
42068_361_0,25.49,91.78,22102.53,9986.22,0.0
42070_361_0,12.7,45.73,12846.85,12281.35,0.0
42073_361_0,12.08,43.47,9835.02,15183.28,0.0
42074_361_0,11.78,42.41,9869.8,16309.34,0.0
42075_361_0,20.41,73.46,15739.35,15405.97,0.0
42076_361_0,12.45,44.83,15196.7,13391.07,0.0
42077_361_0,14.58,52.5,14904.34,18355.41,0.0
42080_361_0,0.0,0.0,20627.6,8376.06,6.0
42081_361_0,13.3,47.87,12018.71,12046.21,0.0
42082_361_0,0.0,0.0,21185.95,10315.49,14.0
42086_361_0,0.0,0.0,24282.49,7330.34,8.0
42089_361_0,14.93,53.73,18961.52,11672.1,0.0
42095_361_0,0.0,0.0,8653.45,21678.38,14.0
42097_361_0,12.64,45.51,21554.31,9167.48,0.0
42102_361_0,0.0,0.0,12941.7,14850.96,7.0
42106_361_0,17.14,61.69,14550.3,8187.62,0.0
42108_361_0,7.24,26.07,14077.59,16256.95,0.0
42109_361_0,34.23,123.24,14985.66,8370.39,0.0
42111_361_0,12.58,45.3,13474.81,18209.47,0.0
42115_361_0,10.32,37.14,11937.88,15982.71,0.0
42116_361_0,0.05,0.17,19514.73,17183.6,1.0
42117_361_0,11.25,40.49,12426.37,13590.14,0.0
42119_361_0,11.69,42.08,5785.64,14300.24,0.0
42120_361_0,26.01,93.63,12029.58,16321.26,0.0
42122_361_0,0.13,0.48,19395.6,17150.39,0.0
42128_361_0,15.36,55.3,9145.52,24659.02,0.0
42129_361_0,21.91,78.88,23379.62,8351.98,0.0
42130_361_0,12.49,44.95,19887.11,23535.69,0.0
42132_361_0,11.38,40.96,19535.69,13557.17,0.0
42133_361_0,30.57,110.04,10254.52,19761.03,0.0
42136_361_0,17.82,64.17,21299.68,12260.54,0.0
42137_361_0,0.39,1.4,16995.33,11003.08,0.0
42139_361_0,13.49,48.57,12503.83,25435.08,0.0
42140_361_0,14.8,53.29,9604.03,14634.94,0.0
42142_361_0,14.76,53.14,23570.01,7883.63,0.0
42144_361_0,30.68,110.45,12059.35,8559.32,0.0
42148_361_0,15.57,56.04,18420.27,10079.0,0.0
42150_361_0,0.0,0.02,14182.03,11629.19,2.0
42152_361_0,55.19,198.67,7319.21,23374.34,0.0
42161_361_0,13.12,47.24,17200.41,14979.8,0.0
42162_361_0,11.4,41.03,14258.41,13797.03,0.0
42164_361_0,2.46,8.85,10494.12,25199.69,0.0
42167_361_0,14.17,51.0,19124.05,19222.85,0.0
42168_361_0,0.0,0.0,14514.08,12607.04,21.0
42170_361_0,12.39,44.62,23560.51,5201.31,0.0
42171_361_0,0.86,3.09,8530.37,21901.02,0.0
42172_361_0,12.5,45.02,11974.37,11840.75,0.0
42173_361_0,0.0,0.0,11638.69,14820.53,17.0
42176_361_0,12.37,44.53,6970.49,13384.38,0.0
42182_361_0,0.0,0.0,21525.23,9284.9,13.0
42185_361_0,0.0,0.0,10533.02,13013.06,14.0
42186_361_0,6.45,23.21,22936.68,7673.5,0.0
42187_361_0,14.29,51.43,12641.91,17322.55,0.0
42191_361_0,10.92,39.33,6086.41,26067.87,0.0
42192_361_0,6.09,21.92,20000.47,19857.1,0.0
42193_361_0,11.48,41.32,22021.66,9228.16,0.0
42198_361_0,0.0,0.0,20752.59,8235.61,3.0
42199_361_0,10.6,38.15,5475.34,14303.12,0.0
42201_361_0,0.0,0.0,10852.42,14915.65,16.0
42202_361_0,0.0,0.0,13461.11,12107.42,15.0
42204_361_0,13.07,47.04,12110.72,13820.02,0.0
42205_361_0,0.67,2.42,13733.55,17616.79,0.0
42206_361_0,18.11,65.19,4700.34,21397.59,0.0
42208_361_0,13.72,49.37,5932.75,13886.28,0.0
42209_361_0,0.0,0.0,20726.61,7692.62,7.0
42210_361_0,13.06,47.0,5371.85,17391.67,0.0
42212_361_0,21.53,77.5,23415.79,8115.73,0.0
42214_361_0,12.1,43.56,14466.31,16396.61,0.0
42215_361_0,8.39,30.2,16425.52,9082.68,0.0
42216_361_0,17.39,62.61,9700.43,22773.19,0.0
42218_361_0,0.0,0.0,17583.56,17474.34,34.0
42221_361_0,0.0,0.0,11760.05,14279.68,15.0
42222_361_0,11.73,42.21,13692.14,12683.14,0.0
42223_361_0,11.71,42.14,17490.2,17028.12,0.0
42224_361_0,32.66,117.56,18840.58,11566.89,0.0
42226_361_0,1.46,5.26,13786.6,17267.57,0.0
42228_361_0,8.96,32.27,13702.65,12688.95,0.0
42230_361_0,12.39,44.6,16644.18,13894.2,0.0
42235_361_0,7.05,25.38,21414.64,9059.1,0.0
42239_361_0,27.05,97.38,20600.13,13183.01,0.0
42240_361_0,11.08,39.9,22289.89,8648.03,0.0
42246_361_0,8.35,30.06,23944.31,5318.07,0.0
42248_361_0,0.57,2.06,14145.77,11881.26,0.0
42249_361_0,22.78,81.99,17204.65,12493.58,0.0
42250_361_0,12.21,43.97,14490.14,8478.87,0.0
42251_361_0,0.0,0.0,11864.7,14615.51,8.0
42257_361_0,13.98,50.32,14701.76,13875.36,0.0
42261_361_0,16.62,59.83,22394.28,9030.88,0.0
42265_361_0,24.47,88.1,19385.94,15457.06,0.0
42266_361_0,14.05,50.58,21937.7,9420.74,0.0
42267_361_0,12.17,43.81,10948.75,24001.43,0.0
42269_361_0,0.0,0.0,17541.48,16791.65,21.0
42271_361_0,8.67,31.2,23905.11,14934.36,0.0
42273_361_0,5.35,19.24,9398.97,24296.14,0.0
42277_361_0,13.97,50.29,16980.32,14374.07,0.0
42278_361_0,23.06,83.02,14305.21,19354.95,0.0
42279_361_0,15.46,55.64,23527.49,5165.6,0.0
42280_361_0,12.58,45.28,15283.4,16111.39,0.0
42282_361_0,15.88,57.16,7280.4,27996.21,0.0
42285_361_0,16.43,59.15,17055.14,12101.59,0.0
42286_361_0,13.86,49.9,13422.85,13233.97,0.0
42287_361_0,11.34,40.82,11290.23,17628.63,0.0
42290_361_0,11.85,42.66,6616.03,17819.77,0.0
42291_361_0,13.78,49.6,24469.99,11365.23,0.0
42293_361_0,3.25,11.7,9517.93,25683.37,0.0
42294_361_0,12.25,44.1,19991.01,12972.21,0.0
42296_361_0,13.6,48.97,18955.51,17018.38,0.0
42298_361_0,13.18,47.47,18242.19,14181.3,0.0
42299_361_0,14.94,53.78,13463.6,16941.38,0.0
42300_361_0,1.08,3.9,17268.87,7998.99,0.0
42304_361_0,14.0,50.41,8153.44,14187.23,0.0
42305_361_0,11.28,40.61,8027.02,13563.66,0.0
42306_361_0,12.28,44.22,6606.98,14726.51,0.0
42307_361_0,17.42,62.72,12490.12,7920.64,0.0
42308_361_0,10.98,39.53,12020.03,16560.54,0.0
42309_361_0,10.55,37.99,14584.11,10087.78,0.0
42310_361_0,19.69,70.88,11675.09,13847.42,0.0
42312_361_0,12.99,46.77,14764.18,16147.22,0.0
42318_361_0,13.3,47.86,14247.04,17850.0,0.0
42322_361_0,12.11,43.59,17332.19,13987.69,0.0
42326_361_0,23.67,85.21,9282.31,20705.33,0.0
42327_361_0,13.99,50.35,18037.71,14156.11,0.0
42328_361_0,14.31,51.52,13311.71,18397.71,0.0
42330_361_0,4.82,17.37,10844.83,14026.43,0.0
42331_361_0,5.12,18.45,13211.22,9165.49,0.0
42332_361_0,5.35,19.26,10920.31,13070.74,0.0
42333_361_0,1.09,3.91,19414.43,17154.51,0.0
42337_361_0,12.76,45.92,20652.9,12898.95,0.0
42338_361_0,6.68,24.06,14237.16,14749.62,0.0
42343_361_0,13.44,48.38,5686.56,14152.09,0.0
42347_361_0,4.31,15.51,14141.78,14460.87,0.0
42348_361_0,9.81,35.3,20798.01,8657.1,0.0
42350_361_0,19.28,69.39,22319.95,4023.92,0.0
42353_361_0,10.01,36.04,20720.77,7559.18,0.0
42356_361_0,16.67,60.02,14683.33,18059.25,0.0
42357_361_0,10.43,37.57,20228.24,6394.5,0.0
42358_361_0,6.5,23.39,12402.6,17054.37,0.0
42359_361_0,7.41,26.67,22393.54,17559.43,0.0
42362_361_0,17.33,62.4,20183.06,15567.37,0.0
42363_361_0,0.39,1.41,13932.79,12259.01,0.0
42364_361_0,25.08,90.29,6648.08,18732.52,0.0
42365_361_0,13.48,48.52,11775.35,24772.76,0.0
42366_361_0,12.12,43.62,14744.07,11144.98,0.0
42368_361_0,14.78,53.2,11255.9,24214.27,0.0
42369_361_0,14.91,53.67,22070.65,9506.2,0.0
42370_361_0,1.74,6.26,11960.31,20420.59,0.0
42374_361_0,10.26,36.93,12956.15,13757.61,0.0
42376_361_0,10.81,38.92,8758.93,15279.21,0.0
42377_361_0,12.24,44.08,8530.54,21484.96,0.0
42378_361_0,12.06,43.41,13539.7,6763.64,0.0
42380_361_0,9.74,35.08,13201.87,12737.16,0.0
42382_361_0,13.82,49.76,8951.22,15241.93,0.0
42385_361_0,12.55,45.17,13568.08,12546.44,0.0
42387_361_0,3.02,10.88,13484.31,12164.31,0.0
42390_361_0,12.64,45.52,9715.02,20312.45,0.0
42391_361_0,0.0,0.0,19432.87,17160.5,21.0
42392_361_0,10.66,38.36,14786.59,16571.35,0.0
42393_361_0,2.27,8.16,7075.67,13042.51,0.0
42396_361_0,0.6,2.16,19397.01,17150.82,0.0
42398_361_0,13.65,49.15,11068.34,15252.0,0.0
42400_361_0,27.6,99.38,10408.43,21330.76,0.0
42402_361_0,8.63,31.06,20132.32,19678.22,0.0
42403_361_0,17.73,63.81,15069.62,16105.84,0.0
42406_361_0,6.6,23.78,10218.92,23408.38,0.0
42407_361_0,14.66,52.76,12911.32,20281.69,0.0
42408_361_0,7.69,27.67,13213.3,19094.03,0.0
42412_361_0,10.98,39.52,13964.3,14885.75,0.0
42413_361_0,13.9,50.05,5270.24,21917.57,0.0
42415_361_0,7.94,28.6,22647.56,11574.23,0.0
42416_361_0,11.88,42.78,12264.46,12240.35,0.0
42418_361_0,15.63,56.26,19780.53,15602.95,0.0
42419_361_0,14.15,50.93,16553.57,13964.21,0.0
42421_361_0,7.29,26.23,14164.1,13094.32,0.0
42422_361_0,21.9,78.85,18798.72,11716.54,0.0
42423_361_0,0.0,0.01,11759.41,15647.34,3.0
42426_361_0,8.97,32.28,15982.86,14756.96,0.0
42430_361_0,0.0,0.0,8629.98,21688.9,5.0
42431_361_0,11.96,43.07,10662.7,14016.11,0.0
42432_361_0,0.0,0.0,18882.93,18858.28,8.0
42433_361_0,1.94,7.0,22835.96,7989.14,0.0
42436_361_0,14.54,52.33,11334.24,7375.45,0.0
42437_361_0,14.48,52.12,12181.25,13322.66,0.0
42439_361_0,9.7,34.93,5397.8,14307.21,0.0
42441_361_0,4.6,16.57,17878.05,14126.05,0.0
42443_361_0,0.0,0.0,20726.93,7697.29,9.0
42444_361_0,12.87,46.33,17503.95,17090.69,0.0
42446_361_0,5.82,20.94,13191.96,19090.94,0.0
42449_361_0,0.48,1.74,12698.88,13907.62,0.0
42450_361_0,12.16,43.77,13852.2,13040.52,0.0
42452_361_0,8.05,28.98,13520.42,18967.77,0.0
42454_361_0,0.0,0.0,19397.74,18721.42,6.0
42455_361_0,29.5,106.21,12314.42,8434.93,0.0
42457_361_0,0.0,0.0,17499.11,17166.96,9.0
42458_361_0,15.8,56.86,19246.3,19697.23,0.0
42460_361_0,0.0,0.0,14518.66,12597.55,6.0
42468_361_0,14.14,50.89,13136.93,13171.0,0.0
42469_361_0,0.36,1.3,13128.45,14979.62,0.0
42470_361_0,0.0,0.0,19496.46,17178.35,8.0
42472_361_0,7.93,28.56,14468.02,10501.86,0.0
42474_361_0,11.71,42.15,14842.96,11314.38,0.0
42475_361_0,0.28,1.0,10718.87,14307.35,0.0
42477_361_0,12.55,45.18,20686.63,8545.55,0.0
42478_361_0,0.0,0.0,20261.57,17376.98,8.0
42481_361_0,12.37,44.52,18097.46,6173.41,0.0
42482_361_0,13.16,47.37,14235.03,11151.3,0.0
42483_361_0,7.96,28.67,14481.08,9556.79,0.0
42484_361_0,15.04,54.16,16827.74,16864.68,0.0
42485_361_0,11.57,41.66,7346.97,22264.03,0.0
42486_361_0,9.1,32.78,10021.35,15930.24,0.0
42489_361_0,12.95,46.61,7049.35,20670.23,0.0
42490_361_0,7.41,26.67,21744.86,17356.24,0.0
42491_361_0,7.03,25.32,12412.21,14402.41,0.0
42492_361_0,11.64,41.89,12242.07,13783.19,0.0
42493_361_0,12.11,43.59,19330.28,13960.61,0.0
42495_361_0,6.51,23.43,20907.27,12817.51,0.0
42496_361_0,0.02,0.08,17313.31,7969.7,3.0
42497_361_0,9.18,33.05,10992.03,24030.68,0.0
42498_361_0,13.73,49.43,18732.47,18678.65,0.0
42499_361_0,12.44,44.79,7984.59,14195.9,0.0
42500_361_0,17.88,64.35,16843.64,10685.83,0.0
42502_361_0,12.04,43.34,22619.25,6998.6,0.0
42503_361_0,12.58,45.28,7146.32,14217.95,0.0
42511_361_0,9.46,34.05,13671.07,14004.47,0.0
42512_361_0,15.78,56.81,22387.91,7493.93,0.0
42513_361_0,10.66,38.38,13709.77,17713.46,0.0
42514_361_0,11.05,39.76,13714.32,14142.06,0.0
42515_361_0,0.0,0.0,12513.2,14496.02,5.0
42517_361_0,14.49,52.17,18734.93,15268.68,0.0
42518_361_0,0.0,0.0,8661.53,21675.39,17.0
42519_361_0,18.43,66.36,14522.59,15828.78,0.0
42520_361_0,13.22,47.61,14782.98,8980.99,0.0
42523_361_0,28.28,101.81,11773.91,16892.74,0.0
42525_361_0,8.11,29.19,10352.19,25583.28,0.0
42526_361_0,0.0,0.0,12931.53,14828.35,14.0
42527_361_0,13.45,48.42,16747.73,11828.56,0.0
42528_361_0,26.63,95.88,10324.48,19666.32,0.0
42529_361_0,14.32,51.54,8057.53,18313.46,0.0
42530_361_0,2.58,9.29,9188.7,23375.48,0.0
42531_361_0,11.78,42.42,16150.7,17475.89,0.0
42532_361_0,14.15,50.94,17542.15,17752.31,0.0
42535_361_0,2.21,7.94,22835.92,7982.54,0.0
42541_361_0,20.28,73.01,12571.88,21116.16,0.0
42542_361_0,13.76,49.54,17687.49,12486.81,0.0
42543_361_0,6.07,21.85,19660.38,17222.95,0.0
42545_361_0,18.47,66.48,11031.98,21724.55,0.0
42552_361_0,13.55,48.79,19591.16,20209.77,0.0
42553_361_0,15.9,57.25,23628.24,15151.35,0.0
42555_361_0,0.0,0.0,15479.22,14193.26,8.0
42556_361_0,0.0,0.0,15500.19,14188.75,13.0
42557_361_0,13.79,49.65,11417.49,24372.4,0.0
42559_361_0,16.13,58.08,19710.32,15713.0,0.0
42561_361_0,28.22,101.59,14552.99,8716.16,0.0
42563_361_0,13.92,50.13,19571.57,9380.9,0.0
42564_361_0,3.51,12.65,8557.81,21977.91,0.0
42573_361_0,0.0,0.0,17525.93,17269.79,4.0
42574_361_0,17.84,64.22,12710.05,8318.58,0.0
42575_361_0,13.53,48.72,15126.93,15965.92,0.0
42576_361_0,16.57,59.64,13305.42,9157.23,0.0
42577_361_0,16.53,59.51,8212.32,19032.45,0.0
42578_361_0,19.57,70.45,9701.06,22768.19,0.0
42580_361_0,0.0,0.0,12685.6,13796.66,4.0
42587_361_0,21.42,77.1,14787.43,6133.19,0.0
42588_361_0,7.44,26.79,11612.07,11848.22,0.0
42590_361_0,0.43,1.56,17323.47,16597.0,0.0
42592_361_0,13.71,49.35,14267.73,13832.45,0.0
42593_361_0,7.29,26.25,20007.37,6000.54,0.0
42595_361_0,13.58,48.87,21717.36,7618.7,0.0
42597_361_0,0.0,0.0,19878.89,17287.94,7.0
42598_361_0,30.75,110.68,21490.84,11264.53,0.0
42600_361_0,11.1,39.96,18047.88,14160.87,0.0
42602_361_0,12.84,46.21,17521.11,7840.21,0.0
42606_361_0,11.36,40.91,24248.72,7339.13,0.0
42607_361_0,15.44,55.57,20891.31,12763.19,0.0
42609_361_0,11.31,40.73,10874.04,12630.31,0.0
42612_361_0,1.48,5.32,15654.4,8475.57,0.0
42617_361_0,7.45,26.81,10230.53,23427.72,0.0
42618_361_0,7.39,26.59,7225.19,28256.92,0.0
42619_361_0,12.56,45.21,12263.3,16790.99,0.0
42620_361_0,0.13,0.47,12869.01,12313.85,0.0
42623_361_0,7.28,26.2,12709.77,20688.43,0.0
42624_361_0,13.91,50.08,19151.33,5267.21,0.0
42625_361_0,33.42,120.3,14551.01,8685.59,0.0
42627_361_0,15.99,57.57,21025.33,5399.57,0.0
42628_361_0,25.05,90.19,6574.51,18227.52,0.0
42629_361_0,11.13,40.08,13562.91,14567.83,0.0
42631_361_0,13.17,47.43,14979.54,18922.54,0.0
42632_361_0,14.36,51.68,14431.92,12766.12,0.0
42633_361_0,17.77,63.97,15752.75,15396.44,0.0
42639_361_0,10.93,39.34,17029.04,5293.12,0.0
42640_361_0,13.22,47.59,5453.4,31033.46,0.0
42641_361_0,8.7,31.33,8468.05,16449.03,0.0
42642_361_0,25.36,91.28,19162.9,17625.5,0.0
42645_361_0,19.14,68.91,6359.18,13862.89,0.0
42647_361_0,19.39,69.79,4695.11,21422.7,0.0
42648_361_0,23.78,85.61,9737.18,20463.13,0.0
42649_361_0,8.1,29.16,13415.0,20302.9,0.0
42652_361_0,12.05,43.38,17556.62,16784.89,0.0
42653_361_0,0.83,3.0,21249.04,10262.27,0.0
42657_361_0,13.59,48.91,18962.76,14743.53,0.0
42661_361_0,14.75,53.1,15692.41,13907.83,0.0
42663_361_0,0.0,0.0,15824.97,13941.6,5.0
42664_361_0,10.19,36.7,21024.87,8527.25,0.0
42667_361_0,32.27,116.18,10126.66,19934.36,0.0
42672_361_0,12.72,45.79,15178.8,18117.55,0.0
42674_361_0,0.2,0.72,13784.54,17285.58,0.0
42675_361_0,13.55,48.78,10780.46,23898.87,0.0
42678_361_0,27.74,99.85,23437.21,7647.49,0.0
42679_361_0,24.4,87.85,20693.58,10475.06,0.0
42682_361_0,0.0,0.0,11782.69,13342.95,4.0
42685_361_0,2.49,8.95,19923.24,5888.49,0.0
42686_361_0,13.6,48.97,16319.22,7705.66,0.0
42689_361_0,19.91,71.66,19577.46,15407.97,0.0
42691_361_0,12.49,44.95,13684.8,13627.3,0.0
42693_361_0,27.09,97.51,10608.49,19268.09,0.0
42695_361_0,0.0,0.0,12084.85,20832.39,31.0
42696_361_0,10.57,38.03,9393.04,12195.32,0.0
42697_361_0,1.44,5.17,22762.43,6624.66,0.0
42698_361_0,28.32,101.95,10528.25,19385.27,0.0
42699_361_0,6.95,25.02,12806.94,10416.89,0.0
42701_361_0,13.91,50.07,17483.73,16993.93,0.0
42702_361_0,24.07,86.65,9274.23,21040.12,0.0
42703_361_0,11.63,41.85,16402.96,8821.17,0.0
42705_361_0,38.64,139.11,11493.3,8971.97,0.0
42706_361_0,14.17,51.02,10906.83,23993.97,0.0
42707_361_0,8.49,30.57,20910.39,7697.42,0.0
42708_361_0,12.83,46.2,21054.54,14894.47,0.0
42709_361_0,0.03,0.12,22254.6,9774.31,2.0
42715_361_0,9.69,34.88,22113.98,16822.21,0.0
42718_361_0,11.88,42.77,13689.6,6047.35,0.0
42722_361_0,0.0,0.0,17723.49,16240.46,8.0
42723_361_0,17.49,62.97,12389.84,7713.81,0.0
42725_361_0,26.75,96.31,19984.48,14224.85,0.0
42726_361_0,0.0,0.0,19478.25,17173.06,13.0
42727_361_0,10.56,38.03,19326.27,17716.45,0.0
42729_361_0,11.62,41.83,13017.23,7083.87,0.0
42730_361_0,3.91,14.09,17060.61,13429.95,0.0
42736_361_0,4.36,15.68,20522.84,17547.93,0.0
42737_361_0,13.86,49.91,21697.06,9852.3,0.0
42745_361_0,7.17,25.81,12805.78,11441.83,0.0
42748_361_0,12.66,45.57,15934.95,15519.02,0.0
42750_361_0,13.07,47.06,17381.32,18271.27,0.0
42753_361_0,11.83,42.58,13684.35,16076.01,0.0
42754_361_0,10.75,38.71,20790.23,17469.07,0.0
42758_361_0,4.33,15.6,14414.33,16696.67,0.0
42761_361_0,4.52,16.26,19925.28,17297.93,0.0
42762_361_0,13.9,50.03,11988.23,12316.03,0.0
42764_361_0,11.93,42.95,22038.67,9517.59,0.0
42765_361_0,11.68,42.06,7465.1,15848.45,0.0
42767_361_0,11.6,41.74,18790.19,12309.62,0.0
42769_361_0,16.16,58.19,8505.71,19634.37,0.0
42772_361_0,8.5,30.59,21894.91,18691.26,0.0
42777_361_0,27.03,97.31,23386.68,8287.98,0.0
42779_361_0,12.96,46.64,14425.68,16396.93,0.0
42780_361_0,27.29,98.24,19104.93,11184.04,0.0
42782_361_0,10.58,38.08,14707.63,11977.04,0.0
42784_361_0,12.57,45.26,21349.92,9807.67,0.0
42790_361_0,13.43,48.34,6616.88,17940.8,0.0
42791_361_0,4.16,14.98,20826.91,8783.07,0.0
42793_361_0,15.62,56.22,16294.14,13842.13,0.0
42795_361_0,1.67,6.0,15291.12,16117.87,0.0
42797_361_0,13.84,49.83,12991.78,13170.87,0.0
42798_361_0,16.28,58.61,21844.87,9711.34,0.0
42799_361_0,3.08,11.08,17281.37,7990.71,0.0
42802_361_0,0.0,0.0,21181.74,10319.34,15.0
42803_361_0,12.27,44.18,13142.7,17724.03,0.0
42805_361_0,13.22,47.59,8514.03,21317.8,0.0
42807_361_0,24.56,88.41,21420.54,11839.84,0.0
42808_361_0,0.0,0.0,18731.48,7186.51,0.0
42810_361_0,9.35,33.65,16441.53,15528.28,0.0
42812_361_0,13.31,47.91,18229.22,15092.94,0.0
42815_361_0,24.4,87.86,9540.71,20698.94,0.0
42816_361_0,1.21,4.34,23040.27,4019.92,0.0
42818_361_0,13.48,48.54,13958.68,13026.03,0.0
42823_361_0,10.84,39.01,12703.3,13202.66,0.0
42826_361_0,28.36,102.11,23540.22,11561.68,0.0
42828_361_0,13.13,47.26,13272.59,13216.92,0.0
42829_361_0,21.72,78.2,15782.87,15365.47,0.0
42832_361_0,27.14,97.69,10079.66,19980.63,0.0
42834_361_0,11.12,40.02,19243.37,14073.07,0.0
42838_361_0,17.77,63.99,11775.51,14409.11,0.0
42839_361_0,43.73,157.43,23793.7,7926.58,0.0
42840_361_0,11.3,40.67,5038.75,16625.94,0.0
42841_361_0,16.83,60.58,9232.23,14700.05,0.0
42842_361_0,9.74,35.08,11691.26,5831.42,0.0
42848_361_0,7.92,28.5,12813.8,16527.59,0.0
42849_361_0,0.02,0.06,20820.54,11025.29,2.0
42852_361_0,13.73,49.44,21286.59,10207.8,0.0
42855_361_0,12.64,45.49,10040.25,13020.61,0.0
42856_361_0,4.7,16.92,21791.53,17182.4,0.0
42857_361_0,0.0,0.0,19845.03,12965.84,22.0
42858_361_0,14.86,53.5,6653.92,14631.98,0.0
42861_361_0,13.24,47.66,13318.64,17986.78,0.0
42864_361_0,30.29,109.05,19674.72,11774.54,0.0
42865_361_0,11.61,41.8,19752.74,11635.11,0.0
42866_361_0,0.0,0.01,21716.38,8661.58,4.0
42874_361_0,13.93,50.15,5476.49,14038.47,0.0
42877_361_0,32.45,116.82,15732.73,9098.41,0.0
42880_361_0,6.29,22.64,10838.02,14000.39,0.0
42881_361_0,9.53,34.32,19741.78,16062.07,0.0
42884_361_0,17.28,62.21,17606.85,19786.5,0.0
42885_361_0,12.91,46.46,13069.77,17505.48,0.0
42892_361_0,0.0,0.0,12720.84,20685.52,8.0
42893_361_0,13.02,46.89,18649.3,15241.31,0.0
42897_361_0,0.0,0.01,11548.35,14460.03,3.0
42898_361_0,10.3,37.09,22646.37,11987.75,0.0
42899_361_0,14.28,51.4,18225.75,15088.69,0.0
42900_361_0,25.96,93.45,7715.16,19945.95,0.0
42903_361_0,13.96,50.27,10924.98,12674.5,0.0
42905_361_0,0.0,0.0,11774.15,15634.5,5.0
42907_361_0,13.23,47.64,17052.97,16743.57,0.0
42908_361_0,10.96,39.46,20955.16,12813.77,0.0
42910_361_0,13.54,48.75,14232.3,11169.7,0.0
42911_361_0,12.96,46.65,8876.62,24989.37,0.0
42913_361_0,11.61,41.79,12029.53,10998.26,0.0
42915_361_0,10.06,36.23,15294.91,10583.38,0.0
42918_361_0,10.5,37.81,18062.84,4514.37,0.0
42921_361_0,0.0,0.01,12228.28,15315.56,5.0
42923_361_0,19.54,70.36,14435.93,19249.66,0.0
42924_361_0,7.83,28.2,14705.17,18269.31,0.0
42925_361_0,12.54,45.14,9785.66,15817.16,0.0
42926_361_0,11.87,42.74,9887.41,14070.51,0.0
42928_361_0,28.41,102.26,23389.27,8312.33,0.0
42929_361_0,13.15,47.34,13530.33,15912.69,0.0
42930_361_0,8.84,31.83,14592.26,8944.07,0.0
42936_361_0,14.38,51.76,15207.98,18522.87,0.0
42937_361_0,13.8,49.7,21302.61,13179.62,0.0
42938_361_0,12.29,44.24,6618.71,17850.48,0.0
42939_361_0,0.17,0.6,12620.7,10473.4,0.0
42940_361_0,0.0,0.0,11781.24,15628.22,9.0
42941_361_0,14.35,51.67,19141.89,17398.12,0.0
42942_361_0,11.48,41.35,13699.21,16657.75,0.0
42948_361_0,2.28,8.22,19925.33,5885.92,0.0
42952_361_0,10.99,39.57,8395.12,16525.92,0.0
42953_361_0,27.87,100.32,22898.71,9263.7,0.0
42955_361_0,13.81,49.72,8422.92,23541.64,0.0
42957_361_0,12.96,46.67,12945.66,15010.01,0.0
42958_361_0,12.84,46.21,15851.79,20602.2,0.0
42959_361_0,0.0,0.0,13972.9,16005.62,4.0
42960_361_0,12.58,45.3,14980.4,13953.14,0.0
42961_361_0,6.08,21.89,13529.9,20471.96,0.0
42962_361_0,5.6,20.17,17608.72,17295.57,0.0
42963_361_0,19.52,70.26,8893.29,21973.19,0.0
42965_361_0,10.95,39.41,14850.37,13880.54,0.0
42967_361_0,21.09,75.93,16083.0,14939.47,0.0
42968_361_0,2.01,7.25,22054.53,18349.81,0.0
42970_361_0,0.0,0.01,14383.3,10206.08,1.0
42971_361_0,14.26,51.33,20177.63,21134.58,0.0
42973_361_0,10.14,36.51,23371.56,5133.46,0.0
42977_361_0,15.19,54.7,21250.54,10503.15,0.0
42978_361_0,0.0,0.01,14307.34,15809.73,4.0
42980_361_0,12.06,43.42,14017.71,12181.69,0.0
42981_361_0,6.01,21.65,14942.54,5856.13,0.0
42984_361_0,14.44,51.97,15705.28,14034.39,0.0
42988_361_0,10.13,36.48,19110.83,17060.16,0.0
42990_362_0,34.27,123.37,10722.55,9558.65,0.0
42991_362_0,2.86,10.31,14011.87,15869.89,0.0
42992_362_0,13.79,49.64,9839.54,15142.91,0.0
42994_362_0,11.93,42.94,21803.84,17943.52,0.0
42996_362_0,6.28,22.6,16561.69,8322.25,0.0
42997_362_0,11.48,41.34,13223.51,14880.81,0.0
42998_362_0,12.31,44.33,24073.1,5000.68,0.0
43001_362_0,10.37,37.33,11237.91,17771.04,0.0
43003_362_0,13.04,46.96,11459.75,5335.11,0.0
43004_362_0,14.33,51.59,21887.57,19144.39,0.0
43008_362_0,13.87,49.95,13687.61,13647.87,0.0
43009_362_0,11.11,40.01,9269.49,12407.79,0.0
43010_362_0,0.0,0.0,17011.45,13919.34,6.0
43011_362_0,4.54,16.36,19670.21,17226.05,0.0
43012_362_0,7.56,27.22,10951.29,25205.38,0.0
43013_362_0,10.86,39.09,19471.29,14166.33,0.0
43017_362_0,25.96,93.45,11077.18,18505.99,0.0
43018_362_0,13.7,49.33,18956.52,14913.18,0.0
43020_362_0,0.0,0.0,14718.54,10979.77,0.0
43023_362_0,0.03,0.12,15424.37,13907.51,1.0
43024_362_0,23.35,84.04,13280.88,23589.35,0.0
43025_362_0,13.57,48.84,21084.95,9725.01,0.0
43028_362_0,1.89,6.82,12229.61,13410.16,0.0
43032_362_0,13.91,50.08,16023.0,12306.5,0.0
43039_362_0,13.88,49.95,20902.82,9038.49,0.0
43040_362_0,13.41,48.29,11730.92,16339.24,0.0
43042_362_0,12.86,46.3,7218.31,13825.53,0.0
43045_362_0,14.32,51.54,13453.92,23396.87,0.0
43046_362_0,1.14,4.09,17527.5,16794.76,0.0
43050_362_0,10.75,38.71,9952.59,15997.07,0.0
43051_362_0,5.96,21.45,4995.0,15843.71,0.0
43053_362_0,0.08,0.3,17575.96,17303.77,1.0
43054_362_0,0.21,0.77,8526.86,21858.04,0.0
43056_362_0,14.42,51.9,6099.41,13029.73,0.0
43057_362_0,6.14,22.1,10954.7,17261.85,0.0
43058_362_0,7.53,27.11,21526.09,14169.11,0.0
43060_362_0,6.47,23.31,11242.74,12957.01,0.0
43062_362_0,14.24,51.25,11830.5,11392.06,0.0
43063_362_0,0.0,0.0,14176.85,17187.42,10.0
43064_362_0,16.07,57.87,22270.31,18008.0,0.0
43067_362_0,12.24,44.07,19298.91,14169.13,0.0
43069_362_0,28.85,103.87,14644.15,7148.63,0.0
43072_362_0,9.85,35.46,11686.83,14057.07,0.0
43073_362_0,0.0,0.0,15241.2,14209.11,13.0
43074_362_0,0.0,0.0,13907.28,12278.81,11.0
43075_362_0,7.1,25.57,11595.21,12283.84,0.0
43076_362_0,0.05,0.19,17144.15,15970.64,9.0
43078_362_0,11.5,41.42,9992.0,13926.34,0.0
43080_362_0,13.98,50.35,14658.39,15397.13,0.0
43083_362_0,5.34,19.23,16309.12,9237.48,0.0
43084_362_0,13.82,49.76,17388.81,7916.34,0.0
43086_362_0,10.2,36.71,14115.37,10723.83,0.0
43088_362_0,8.08,29.1,14322.49,16098.49,0.0
43089_362_0,3.88,13.98,14357.49,12249.3,0.0
43090_362_0,0.43,1.54,23342.54,4968.76,0.0
43091_362_0,12.82,46.15,10235.27,16174.48,0.0
43092_362_0,4.72,16.99,13724.44,13721.99,0.0
43093_362_0,10.94,39.38,19594.03,13070.11,0.0
43094_362_0,24.77,89.16,21495.5,10391.22,0.0
43095_362_0,11.54,41.56,19618.0,17207.69,0.0
43096_362_0,13.17,47.42,20212.2,23322.14,0.0
43097_362_0,10.93,39.36,6797.34,17787.62,0.0
43098_362_0,9.8,35.28,9258.23,12707.31,0.0
43099_362_0,10.73,38.64,12293.24,15298.82,0.0
43104_362_0,12.47,44.91,18977.27,15581.56,0.0
43106_362_0,31.91,114.86,14660.17,6195.33,0.0
43107_362_0,3.34,12.02,15705.19,13946.12,0.0
43108_362_0,6.87,24.73,16702.72,8296.13,0.0
43112_362_0,14.14,50.92,13918.9,15418.03,0.0
43113_362_0,14.61,52.61,14992.77,14055.6,0.0
43114_362_0,11.25,40.51,22171.72,9183.48,0.0
43115_362_0,10.45,37.6,16288.88,17073.84,0.0
43117_362_0,0.0,0.0,15618.53,8517.01,7.0
43120_362_0,12.18,43.85,14139.59,7414.76,0.0
43121_362_0,0.0,0.0,15663.74,8466.02,29.0
43122_362_0,24.89,89.62,23460.12,7284.18,0.0
43124_362_0,7.54,27.13,13425.11,9884.13,0.0
43127_362_0,15.14,54.51,12415.58,13494.78,0.0
43128_362_0,13.2,47.51,16658.48,8373.73,0.0
43130_362_0,11.86,42.7,13365.43,11864.71,0.0
43131_362_0,0.0,0.0,9470.14,23708.39,13.0
43132_362_0,4.85,17.47,5314.95,14313.29,0.0
43133_362_0,0.0,0.01,21157.27,10007.38,4.0
43136_362_0,12.61,45.41,19204.75,13471.76,0.0
43144_362_0,16.05,57.77,22505.56,14644.33,0.0
43148_362_0,22.55,81.19,9278.83,22415.17,0.0
43151_362_0,8.04,28.96,14621.82,12249.8,0.0
43152_362_0,12.2,43.94,6046.25,14216.03,0.0
43153_362_0,0.0,0.0,11603.23,20483.39,11.0
43155_362_0,11.86,42.7,13966.79,12234.66,0.0
43156_362_0,12.75,45.91,22144.33,8816.13,0.0
43157_362_0,0.21,0.74,8611.44,21700.64,0.0
43158_362_0,15.18,54.66,13948.75,16141.34,0.0
43159_362_0,0.0,0.0,17545.85,16790.67,14.0
43160_362_0,10.74,38.67,22639.67,14831.06,0.0
43161_362_0,13.93,50.16,14283.39,13840.54,0.0
43164_362_0,3.16,11.37,18691.67,9899.6,0.0
43165_362_0,5.81,20.91,16126.79,6132.28,0.0
43168_362_0,11.99,43.15,23445.58,3449.64,0.0
43169_362_0,7.07,25.44,8930.95,16144.64,0.0
43171_362_0,8.52,30.68,23311.25,11556.75,0.0
43173_362_0,12.99,46.76,22096.39,9581.52,0.0
43175_362_0,14.84,53.43,18797.6,20531.06,0.0
43177_362_0,12.22,43.99,10999.15,13285.16,0.0
43178_362_0,2.63,9.46,17512.31,17151.94,0.0
43179_362_0,1.48,5.33,11003.43,15311.63,0.0
43181_362_0,12.34,44.43,23428.16,6930.22,0.0
43182_362_0,5.14,18.51,14925.89,11363.56,0.0
43183_362_0,24.47,88.11,10212.67,19817.69,0.0
43185_362_0,10.59,38.12,15236.7,13259.73,0.0
43186_362_0,11.3,40.67,20590.47,17578.7,0.0
43187_362_0,13.2,47.51,7578.29,14216.84,0.0
43189_362_0,1.2,4.31,23329.3,4968.26,0.0
43190_362_0,12.16,43.76,8754.39,22122.01,0.0
43191_362_0,14.93,53.74,14645.38,6776.07,0.0
43194_362_0,9.66,34.76,9513.17,20769.83,0.0
43197_362_0,5.25,18.91,13285.35,18486.7,0.0
43198_362_0,13.34,48.02,24340.27,4967.66,0.0
43200_362_0,25.59,92.12,20660.67,10488.56,0.0
43201_362_0,31.01,111.64,16157.1,9687.03,0.0
43202_362_0,15.38,55.37,14116.83,13552.35,0.0
43206_362_0,6.68,24.03,22838.12,13937.21,0.0
43207_362_0,11.96,43.04,7925.8,21163.55,0.0
43209_362_0,13.79,49.63,7202.52,14218.56,0.0
43212_362_0,0.99,3.55,11284.25,17643.74,0.0
43214_362_0,11.64,41.89,15616.49,14160.4,0.0
43217_362_0,11.95,43.01,14881.42,18902.7,0.0
43218_362_0,21.85,78.67,11670.46,13717.57,0.0
43219_362_0,13.65,49.13,6889.07,27218.95,0.0
43220_362_0,27.48,98.94,11608.41,17170.41,0.0
43225_362_0,18.18,65.44,12345.31,9307.8,0.0
43228_362_0,0.17,0.63,14178.77,11628.72,0.0
43231_362_0,11.87,42.74,17766.81,10577.48,0.0
43234_362_0,12.88,46.37,13670.73,14603.35,0.0
43242_362_0,12.76,45.93,11599.11,12457.84,0.0
43244_362_0,6.12,22.04,7415.88,27654.83,0.0
43246_362_0,12.49,44.95,9316.31,15578.36,0.0
43250_362_0,10.78,38.81,14410.46,10240.46,0.0
43251_362_0,11.4,41.05,17650.96,7737.09,0.0
43252_362_0,6.85,24.66,12521.77,16934.4,0.0
43256_362_0,13.56,48.8,14306.29,12351.3,0.0
43257_362_0,14.15,50.95,22546.98,10289.63,0.0
43259_362_0,14.16,50.99,20173.13,9617.75,0.0
43261_362_0,13.93,50.14,16339.79,23803.17,0.0
43264_362_0,13.81,49.71,11338.67,26280.74,0.0
43265_362_0,11.61,41.81,13977.08,14898.94,0.0
43271_362_0,24.01,86.42,21801.11,10303.27,0.0
43272_362_0,12.49,44.96,12921.01,14309.99,0.0
43273_362_0,0.0,0.0,17219.36,8031.64,10.0
43274_362_0,11.01,39.65,14282.66,20535.46,0.0
43276_362_0,12.76,45.92,13687.5,13669.07,0.0
43277_362_0,27.98,100.74,19208.55,15405.14,0.0
43278_362_0,13.18,47.43,14760.83,8979.49,0.0
43279_362_0,14.39,51.8,9198.36,14117.21,0.0
43281_362_0,15.99,57.55,17711.11,12477.13,0.0
43282_362_0,12.14,43.69,13320.47,20386.65,0.0
43283_362_0,0.01,0.03,17712.16,10518.66,3.0
43284_362_0,0.02,0.06,6017.42,14287.99,1.0
43285_362_0,11.99,43.15,15887.95,14730.34,0.0
43286_362_0,11.41,41.09,8489.78,20856.95,0.0
43288_362_0,26.87,96.72,14652.33,6948.71,0.0
43289_362_0,17.59,63.32,16397.53,6200.86,0.0
43293_362_0,10.66,38.36,14107.5,12075.02,0.0
43295_362_0,13.0,46.81,16720.79,16901.51,0.0
43296_362_0,0.0,0.0,9439.39,22629.14,37.0
43297_362_0,2.43,8.75,19539.23,5632.75,0.0
43298_362_0,0.0,0.0,15621.48,8513.99,4.0
43301_362_0,14.14,50.92,23557.22,5220.04,0.0
43304_362_0,14.82,53.34,14373.95,15729.77,0.0
43305_362_0,0.0,0.0,11778.85,15630.27,8.0
43306_362_0,26.72,96.18,11181.62,18299.18,0.0
43307_362_0,7.12,25.64,13644.51,17530.25,0.0
43308_362_0,32.57,117.26,15921.57,9341.25,0.0
43310_362_0,27.19,97.89,13508.88,22734.38,0.0
43312_362_0,2.11,7.61,19406.59,17155.42,0.0
43315_362_0,0.0,0.0,17159.42,15964.92,14.0
43316_362_0,0.0,0.0,19803.88,17220.27,9.0
43317_362_0,9.1,32.77,15592.86,10104.55,0.0
43318_362_0,2.23,8.01,18356.11,13339.14,0.0
43323_362_0,9.35,33.65,12314.54,15323.76,0.0
43325_362_0,0.07,0.24,17724.29,10522.98,1.0
43330_362_0,0.0,0.0,14062.76,14818.24,5.0
43331_362_0,11.31,40.72,14019.32,7307.26,0.0
43332_362_0,0.0,0.0,9465.08,22566.4,65.0
43333_362_0,13.82,49.75,11166.31,13372.0,0.0
43334_362_0,13.05,46.97,9369.32,12704.92,0.0
43336_362_0,16.96,61.07,12599.07,9268.23,0.0
43338_362_0,0.0,0.0,19854.49,12959.63,5.0
43339_362_0,13.41,48.26,15240.74,16157.21,0.0
43340_362_0,13.47,48.51,17020.51,14968.45,0.0
43343_362_0,29.16,104.98,7711.7,19940.68,0.0
43348_362_0,14.52,52.28,14828.34,19200.07,0.0
43349_362_0,7.11,25.6,12860.82,13262.18,0.0
43351_362_0,0.0,0.0,13453.16,12088.32,8.0
43352_362_0,13.97,50.3,13187.68,19135.81,0.0
43353_362_0,12.59,45.32,21048.39,15299.8,0.0
43354_362_0,0.0,0.0,16907.73,20698.48,11.0
43355_362_0,12.05,43.39,14357.5,19007.51,0.0
43356_362_0,14.84,53.44,11076.28,16107.52,0.0
43357_362_0,0.38,1.36,12210.78,15326.87,0.0
43358_362_0,16.44,59.2,16849.24,10506.87,0.0
43362_362_0,12.33,44.39,12580.9,14696.84,0.0
43365_362_0,10.36,37.28,16587.87,13889.18,0.0
43366_362_0,14.13,50.88,23229.29,14866.71,0.0
43369_362_0,13.87,49.94,18651.92,12263.82,0.0
43370_362_0,12.93,46.56,8511.56,21466.38,0.0
43373_362_0,13.42,48.32,5839.8,25705.61,0.0
43376_362_0,12.68,45.63,21151.5,18176.26,0.0
43380_362_0,0.0,0.0,20749.13,8251.06,9.0
43381_362_0,18.75,67.5,14624.04,8181.24,0.0
43385_362_0,6.61,23.8,11655.35,11911.41,0.0
43386_362_0,0.0,0.0,14123.56,16634.41,18.0
43387_362_0,13.08,47.07,8558.79,21984.39,0.0
43388_362_0,19.49,70.15,11859.27,13175.73,0.0
43390_362_0,11.48,41.34,19584.44,13081.05,0.0
43391_362_0,14.18,51.06,13966.84,14893.12,0.0
43392_362_0,12.4,44.63,13615.31,13271.07,0.0
43393_362_0,19.6,70.57,20521.9,15486.83,0.0
43394_362_0,0.0,0.0,15768.68,9868.44,3.0
43398_362_0,11.84,42.61,10204.84,22921.62,0.0
43399_362_0,0.0,0.0,12815.26,17586.1,10.0
43400_362_0,11.32,40.76,20633.48,10127.56,0.0
43401_362_0,13.28,47.82,11599.57,11302.63,0.0
43402_362_0,6.18,22.26,16579.31,8868.09,0.0
43405_362_0,27.95,100.62,21352.32,11856.14,0.0
43406_362_0,14.63,52.68,14388.2,13164.51,0.0
43407_362_0,26.89,96.8,8013.24,20059.94,0.0
43408_362_0,15.18,54.63,19693.85,15728.66,0.0
43409_362_0,13.46,48.44,8589.76,21564.44,0.0
43411_362_0,22.24,80.06,14880.79,16238.66,0.0
43413_362_0,12.53,45.12,11440.79,15893.72,0.0
43418_362_0,27.14,97.71,16171.25,9710.5,0.0
43421_362_0,12.99,46.78,6117.86,13071.03,0.0
43422_362_0,12.65,45.55,17480.41,17983.88,0.0
43424_362_0,8.36,30.08,13716.1,13755.54,0.0
43426_362_0,9.13,32.86,21960.96,8659.77,0.0
43427_362_0,32.99,118.75,14197.01,8081.39,0.0
43431_362_0,0.0,0.0,12779.42,13304.19,12.0
43432_362_0,10.64,38.3,16452.0,8753.21,0.0
43433_362_0,20.64,74.29,22251.56,9852.02,0.0
43435_362_0,17.58,63.28,21135.93,10372.28,0.0
43438_362_0,13.65,49.13,14156.74,16285.23,0.0
43440_362_0,20.55,73.96,17946.24,12296.57,0.0
43446_362_0,12.67,45.62,11614.05,13340.97,0.0
43448_362_0,8.89,32.0,8676.54,14155.46,0.0
43449_362_0,15.88,57.18,17456.71,16561.4,0.0
43453_362_0,12.06,43.41,14425.28,10928.25,0.0
43455_362_0,12.74,45.86,5149.15,14339.51,0.0
43458_362_0,8.52,30.67,9074.0,23250.3,0.0
43461_362_0,14.99,53.95,23703.27,7928.41,0.0
43463_362_0,0.0,0.0,7364.75,14211.7,9.0
43465_362_0,27.31,98.33,12593.03,23180.93,0.0
43467_362_0,11.05,39.77,19347.43,17954.85,0.0
43472_362_0,16.22,58.4,17717.97,12470.32,0.0
43473_362_0,7.09,25.54,9882.18,20494.46,0.0
43474_362_0,9.08,32.68,20266.05,9269.59,0.0
43476_362_0,5.43,19.56,14020.6,15718.22,0.0
43478_362_0,0.0,0.0,12468.64,15158.66,7.0
43479_362_0,11.58,41.7,14816.01,16060.66,0.0
43482_362_0,23.26,83.73,19474.54,15926.45,0.0
43486_362_0,9.92,35.73,4664.93,15646.73,0.0
43490_362_0,0.98,3.53,8532.89,21916.66,0.0
43492_362_0,13.9,50.06,19876.6,14252.63,0.0
43493_362_0,21.38,76.97,21500.53,11213.77,0.0
43494_362_0,15.96,57.46,13729.58,11731.12,0.0
43496_362_0,13.68,49.26,21617.37,12537.41,0.0
43498_362_0,11.87,42.73,10982.29,13473.09,0.0
43500_362_0,1.15,4.13,22606.82,7600.91,0.0
43501_362_0,24.53,88.32,11716.29,16978.42,0.0
43504_362_0,11.66,41.99,13558.85,11266.83,0.0
43505_362_0,7.61,27.41,11558.47,16070.31,0.0
43508_362_0,15.4,55.45,13624.19,15246.24,0.0
43512_362_0,13.64,49.09,20648.41,17605.85,0.0
43513_362_0,12.74,45.85,8633.88,13580.91,0.0
43517_362_0,7.84,28.23,12705.86,16622.81,0.0
43518_362_0,5.28,18.99,22981.04,14893.1,0.0
43521_362_0,4.94,17.78,8529.51,21824.86,0.0
43522_362_0,29.4,105.82,11892.76,16693.78,0.0
43523_362_0,0.0,0.0,15455.27,13920.23,11.0
43525_362_0,12.17,43.82,14831.08,13878.88,0.0
43526_362_0,0.0,0.0,8436.91,21425.98,5.0
43529_362_0,12.98,46.72,23015.72,11417.05,0.0
43530_362_0,0.0,0.0,19473.69,17171.78,15.0
43531_362_0,6.91,24.86,20020.62,6014.64,0.0
43533_362_0,13.92,50.11,12159.85,15967.46,0.0
43534_362_0,17.0,61.19,12007.07,9354.91,0.0
43539_362_0,0.41,1.49,9460.47,23784.54,0.0
43541_362_0,13.36,48.08,15172.8,12985.07,0.0
43542_362_0,23.63,85.06,21421.42,10413.56,0.0
43545_362_0,14.59,52.52,11250.56,19024.49,0.0
43551_362_0,12.94,46.57,9648.56,14083.76,0.0
43555_362_0,11.36,40.9,6806.42,18417.36,0.0
43556_362_0,4.16,14.96,8546.54,21774.2,0.0
43558_362_0,14.24,51.25,12609.12,15071.38,0.0
43560_362_0,15.45,55.64,17555.54,15477.24,0.0
43562_362_0,12.56,45.23,12701.01,13956.92,0.0
43563_362_0,12.64,45.52,9750.58,21046.63,0.0
43565_362_0,4.22,15.2,19981.56,17314.62,0.0
43568_362_0,0.0,0.0,22673.13,14717.87,8.0
43570_362_0,7.61,27.38,22346.89,14600.3,0.0
43571_362_0,25.99,93.57,23453.0,7165.22,0.0
43574_362_0,11.14,40.1,13691.63,14275.06,0.0
43575_362_0,0.44,1.6,12237.33,15309.72,0.0
43577_362_0,15.68,56.45,16536.73,6557.57,0.0
43578_362_0,10.49,37.78,13338.62,12296.34,0.0
43581_362_0,15.08,54.29,21072.87,15857.91,0.0
43586_362_0,12.93,46.54,12654.26,12810.97,0.0
43589_362_0,13.13,47.26,11312.18,15712.37,0.0
43590_362_0,7.9,28.42,17837.3,16101.81,0.0
43591_362_0,14.43,51.93,21160.29,12435.66,0.0
43594_362_0,0.47,1.69,14171.57,17204.2,0.0
43598_362_0,0.0,0.0,15281.61,14222.05,9.0
43602_362_0,15.77,56.78,9933.0,20144.46,0.0
43604_362_0,8.78,31.61,7136.54,15758.04,0.0
43606_362_0,15.45,55.62,10620.6,15819.5,0.0
43610_362_0,32.75,117.89,16301.92,9877.73,0.0
43612_362_0,11.86,42.7,11017.12,4307.69,0.0
43614_362_0,8.16,29.38,13321.15,18465.86,0.0
43615_362_0,0.0,0.0,17198.37,10779.9,8.0
43617_362_0,16.16,58.16,11991.59,12801.08,0.0
43618_362_0,11.57,41.65,7069.44,12400.87,0.0
43619_362_0,0.0,0.0,12474.29,15158.91,11.0
43623_362_0,11.58,41.69,9100.84,15531.99,0.0
43626_362_0,17.95,64.63,10904.69,24147.94,0.0
43629_362_0,8.84,31.84,17054.96,13389.13,0.0
43631_362_0,12.08,43.5,16388.6,10886.07,0.0
43637_362_0,0.0,0.0,14310.14,10796.02,14.0
43639_362_0,25.37,91.34,10854.49,18879.08,0.0
43640_362_0,11.65,41.95,13281.45,20399.91,0.0
43642_362_0,7.3,26.27,12793.87,14357.41,0.0
43644_362_0,0.0,0.0,22121.37,8825.2,4.0
43645_362_0,17.7,63.72,13220.34,17241.56,0.0
43646_362_0,25.95,93.42,7088.07,12309.78,0.0
43647_362_0,0.0,0.01,16476.68,9002.2,3.0
43651_362_0,10.91,39.29,14914.42,17903.77,0.0
43652_362_0,14.32,51.57,12049.46,13332.43,0.0
43660_362_0,11.23,40.41,13383.93,14433.3,0.0
43661_362_0,13.43,48.35,11668.54,16252.65,0.0
43664_362_0,0.0,0.0,8696.27,14154.37,23.0
43667_362_0,8.1,29.15,16167.07,14981.87,0.0
43668_362_0,13.64,49.1,11594.81,13336.49,0.0
43670_362_0,13.03,46.9,10603.75,15519.66,0.0
43672_362_0,6.44,23.2,14315.82,15971.26,0.0
43673_362_0,17.58,63.29,18771.12,12806.06,0.0
43675_362_0,14.84,53.42,24474.02,11384.32,0.0
43676_362_0,12.48,44.93,21295.93,13155.89,0.0
43679_362_0,16.96,61.06,14550.57,24739.84,0.0
43680_362_0,11.58,41.7,14811.54,13877.35,0.0
43681_362_0,20.39,73.4,9313.63,20949.76,0.0
43682_362_0,12.99,46.75,6649.4,18699.33,0.0
43683_362_0,10.74,38.66,9819.58,23097.54,0.0
43684_362_0,11.9,42.85,11221.42,15548.63,0.0
43685_362_0,13.88,49.98,22206.91,16429.95,0.0
43686_362_0,14.17,51.0,13741.71,13747.95,0.0
43688_362_0,0.0,0.0,13323.65,18016.61,25.0
43689_362_0,13.28,47.79,7859.72,28558.83,0.0
43693_362_0,26.42,95.12,23455.37,7579.65,0.0
43695_362_0,9.42,33.92,13167.73,9914.36,0.0
43696_362_0,30.43,109.55,16513.79,10104.02,0.0
43699_362_0,0.0,0.0,11764.32,14282.52,19.0
43700_362_0,12.39,44.62,10920.18,19359.01,0.0
43701_362_0,3.43,12.33,10001.4,20616.33,0.0
43703_362_0,18.99,68.35,19936.24,15510.04,0.0
43704_362_0,6.55,23.57,5778.38,14510.21,0.0
43706_362_0,0.55,1.97,19432.75,17229.98,0.0
43707_362_0,11.99,43.18,10214.23,19690.72,0.0
43708_362_0,12.72,45.8,6863.95,22791.66,0.0
43710_362_0,0.0,0.0,10932.18,10358.93,10.0
43711_362_0,13.33,47.99,14619.27,15304.29,0.0
43712_362_0,10.72,38.58,11146.83,14732.91,0.0
43718_362_0,12.6,45.35,13257.97,11638.24,0.0
43720_362_0,12.26,44.14,19278.03,14171.52,0.0
43721_362_0,6.57,23.65,5688.4,14581.5,0.0
43724_362_0,11.32,40.76,12450.61,11238.11,0.0
43725_362_0,14.02,50.46,13310.88,17124.14,0.0
43728_362_0,24.92,89.69,23402.84,8182.66,0.0
43729_362_0,11.42,41.12,21818.14,8024.93,0.0
43730_362_0,14.25,51.31,9677.3,8522.54,0.0
43732_362_0,18.41,66.29,18962.69,13080.26,0.0
43733_362_0,7.56,27.21,17019.66,14121.91,0.0
43734_362_0,5.06,18.23,19346.0,17568.62,0.0
43735_362_0,13.72,49.4,10445.58,14976.54,0.0
43738_362_0,0.09,0.31,12181.65,15982.81,1.0
43739_362_0,7.76,27.94,17168.61,19723.34,0.0
43741_362_0,4.71,16.94,12181.97,15342.66,0.0
43743_362_0,0.99,3.58,13333.23,14425.64,0.0
43745_362_0,13.11,47.2,18944.31,17011.66,0.0
43747_362_0,13.09,47.14,10722.76,14325.2,0.0
43748_362_0,11.09,39.92,10978.39,16169.13,0.0
43749_362_0,0.0,0.0,14530.45,9208.64,7.0
43752_362_0,30.03,108.12,15776.16,9188.77,0.0
43755_362_0,17.46,62.87,15129.47,9168.03,0.0
43757_362_0,12.28,44.22,12467.0,13627.18,0.0
43758_362_0,12.79,46.04,11869.1,13064.82,0.0
43760_362_0,32.84,118.24,17346.34,11046.57,0.0
43761_362_0,0.0,0.02,14350.97,14621.31,3.0
43763_362_0,11.96,43.04,14448.88,15785.27,0.0
43764_362_0,21.82,78.56,20753.2,10485.04,0.0
43767_362_0,0.0,0.0,19846.98,12965.93,20.0
43770_362_0,13.49,48.58,11359.44,15782.5,0.0
43772_362_0,14.54,52.34,11647.28,18000.34,0.0
43773_362_0,11.38,40.95,9999.86,15904.14,0.0
43777_362_0,14.21,51.17,9927.89,16424.19,0.0
43778_362_0,9.58,34.5,12183.1,13943.24,0.0
43779_362_0,14.14,50.9,14468.75,13839.25,0.0
43780_362_0,11.05,39.78,10912.46,15402.47,0.0
43783_362_0,30.98,111.55,11963.3,16549.92,0.0
43787_362_0,12.02,43.27,21319.36,10214.56,0.0
43789_362_0,0.37,1.34,12079.01,15410.27,0.0
43790_362_0,15.24,54.85,21064.39,15734.59,0.0
43791_362_0,28.37,102.14,19394.63,10979.2,0.0
43792_362_0,0.0,0.0,18131.07,18089.47,4.0
43798_362_0,23.8,85.69,23003.69,9148.54,0.0
43799_362_0,20.88,75.16,23403.34,8202.3,0.0
43800_362_0,0.0,0.0,15276.65,14222.76,18.0
43803_362_0,12.99,46.77,20389.53,14542.47,0.0
43805_362_0,5.71,20.54,19362.97,18106.74,0.0
43806_362_0,0.98,3.51,14198.45,13713.93,0.0
43808_362_0,0.0,0.0,22691.29,14704.72,5.0
43811_362_0,9.68,34.83,12868.59,15034.54,0.0
43812_362_0,16.67,60.02,15859.02,17564.93,0.0
43815_362_0,9.76,35.15,22604.82,7553.11,0.0
43816_362_0,10.31,37.11,17221.58,16395.65,0.0
43817_362_0,13.58,48.88,10222.47,18873.22,0.0
43818_362_0,6.3,22.69,22589.12,7537.17,0.0
43819_362_0,10.02,36.07,10894.58,13999.3,0.0
43820_362_0,14.45,52.01,14894.22,18518.11,0.0
43822_362_0,8.76,31.54,13327.87,17737.09,0.0
43823_362_0,12.53,45.12,14741.57,13874.16,0.0
43826_362_0,13.67,49.21,8049.21,23387.06,0.0
43827_362_0,10.94,39.37,18021.92,17832.83,0.0
43834_362_0,12.32,44.36,9751.45,22858.71,0.0
43835_362_0,0.0,0.0,10799.98,10712.59,0.0
43837_362_0,11.41,41.06,18443.68,13407.88,0.0
43838_362_0,12.85,46.26,10810.97,18214.59,0.0
43839_362_0,12.91,46.48,14085.41,10224.35,0.0
43841_362_0,12.04,43.33,13812.31,13085.18,0.0
43844_362_0,14.7,52.92,10605.18,12054.17,0.0
43846_362_0,13.02,46.88,8812.21,17305.81,0.0
43847_362_0,11.1,39.95,8892.17,12680.61,0.0
43848_362_0,11.13,40.08,10825.55,14071.35,0.0
43850_362_0,11.42,41.12,10885.34,15424.55,0.0
43852_362_0,16.72,60.18,12377.8,7680.49,0.0
43853_362_0,11.92,42.9,13437.19,17260.7,0.0
43854_362_0,14.26,51.34,13530.9,18431.22,0.0
43855_362_0,10.23,36.83,14230.63,18075.11,0.0
43860_362_0,12.59,45.34,9638.25,20108.11,0.0
43861_362_0,13.74,49.45,22224.92,7502.51,0.0
43863_362_0,11.97,43.1,6149.44,15715.01,0.0
43864_362_0,6.64,23.92,14234.11,12460.93,0.0
43866_362_0,12.59,45.31,15504.99,5987.42,0.0
43868_362_0,13.42,48.31,11600.82,19369.88,0.0
43872_362_0,11.7,42.1,22574.42,7689.97,0.0
43874_362_0,12.81,46.11,12769.85,10875.06,0.0
43876_362_0,1.59,5.72,13955.56,13000.99,0.0
43879_362_0,12.5,45.0,7013.08,18520.86,0.0
43880_362_0,7.34,26.42,13913.01,17415.5,0.0
43886_362_0,22.21,79.95,12689.82,23836.14,0.0
43887_362_0,15.42,55.5,9600.7,22638.44,0.0
43888_362_0,13.32,47.96,10799.81,14925.2,0.0
43890_362_0,0.03,0.1,18851.07,13248.46,1.0
43894_362_0,0.07,0.25,14096.02,15405.44,1.0
43897_362_0,27.73,99.82,20563.62,13240.55,0.0
43902_362_0,12.29,44.24,9624.34,20123.64,0.0
43904_362_0,13.77,49.59,17996.84,15800.98,0.0
43906_362_0,12.51,45.04,21180.85,5324.0,0.0
43907_362_0,8.08,29.1,13699.69,5727.9,0.0
43908_362_0,9.49,34.16,13962.4,15850.93,0.0
43909_362_0,12.38,44.58,8906.52,24942.83,0.0
43910_362_0,10.66,38.39,11447.48,15692.52,0.0
43911_362_0,27.92,100.51,23521.54,5769.91,0.0
43913_362_0,13.43,48.36,13170.09,12893.4,0.0
43915_362_0,13.43,48.34,15777.28,12559.98,0.0
43921_362_0,13.7,49.33,18067.44,13462.14,0.0
43923_362_0,26.46,95.26,19512.06,10917.82,0.0
43925_362_0,13.64,49.1,17683.67,14082.57,0.0
43927_362_0,12.13,43.66,17400.72,18312.7,0.0
43928_362_0,0.0,0.0,17494.18,17168.67,4.0
43929_362_0,13.13,47.27,14993.53,14154.33,0.0
43931_362_0,14.96,53.84,13749.9,10262.49,0.0
43932_362_0,18.57,66.86,17038.41,6384.62,0.0
43935_362_0,12.1,43.57,21886.64,18276.14,0.0
43937_362_0,11.98,43.13,9600.06,14228.75,0.0
43938_362_0,13.85,49.88,13784.08,13248.42,0.0
43939_362_0,4.81,17.32,12808.83,14626.54,0.0
43942_362_0,14.25,51.31,13078.84,17468.4,0.0
43945_362_0,13.94,50.18,10340.32,20050.53,0.0
43949_362_0,23.58,84.89,16343.72,14828.33,0.0
43950_362_0,9.49,34.15,13091.75,11085.88,0.0
43951_362_0,2.51,9.03,22608.66,18662.32,0.0
43956_362_0,13.64,49.09,18928.17,13037.38,0.0
43957_362_0,5.21,18.76,16099.16,6127.54,0.0
43960_362_0,0.0,0.0,14867.35,18929.53,10.0
43961_362_0,19.57,70.46,11868.6,14711.05,0.0
43963_362_0,9.75,35.09,12242.73,13798.27,0.0
43965_362_0,14.26,51.33,11820.25,16423.25,0.0
43966_362_0,1.67,6.0,11266.98,15976.87,0.0
43968_362_0,13.55,48.76,19949.69,14258.31,0.0
43969_362_0,14.74,53.05,13623.77,18114.68,0.0
43971_362_0,16.47,59.29,14987.19,4588.03,0.0
43972_362_0,9.62,34.63,12702.39,13903.11,0.0
43973_362_0,12.57,45.24,13891.49,13041.29,0.0
43974_362_0,0.0,0.0,18879.13,18853.99,10.0
43975_362_0,13.24,47.67,11566.51,13570.0,0.0
43976_362_0,12.59,45.32,9648.52,16652.12,0.0
43981_362_0,0.02,0.08,12738.61,12397.53,2.0
43983_362_0,13.67,49.23,8176.09,19275.06,0.0
43985_362_0,7.99,28.75,13416.68,20307.16,0.0
43987_362_0,14.35,51.65,13684.21,13693.7,0.0
43988_362_0,3.58,12.9,20767.87,8028.13,0.0
43989_362_0,12.68,45.64,15190.01,12970.61,0.0
43990_362_0,13.46,48.47,5152.83,13827.95,0.0
43991_362_0,10.34,37.23,12315.65,15688.12,0.0
43992_362_0,13.4,48.24,15257.96,18433.65,0.0
43993_362_0,8.7,31.32,21028.33,17630.84,0.0
43994_362_0,8.84,31.82,16473.52,8723.48,0.0
43996_362_0,16.38,58.96,21640.53,9891.0,0.0
43998_362_0,6.01,21.65,6033.0,14127.78,0.0
43999_362_0,13.09,47.12,14386.8,13848.35,0.0
44000_362_0,27.73,99.83,7255.88,19650.43,0.0
44001_362_0,13.5,48.59,14474.46,24676.02,0.0
44002_362_0,10.04,36.16,14784.61,16555.52,0.0
44003_362_0,12.68,45.63,19647.85,20433.56,0.0
44004_362_0,13.78,49.62,11636.0,13807.64,0.0
44006_362_0,3.92,14.12,15492.98,14178.79,0.0
44007_362_0,12.99,46.76,13499.56,12211.65,0.0
44017_362_0,11.74,42.27,19763.84,12974.51,0.0
44019_362_0,12.67,45.62,12487.47,13412.94,0.0
44021_362_0,1.07,3.84,8546.45,21954.96,0.0
44023_362_0,28.66,103.17,22199.78,9899.49,0.0
44025_362_0,18.57,66.85,14822.75,15995.28,0.0
44026_362_0,13.55,48.8,21364.68,17997.18,0.0
44027_362_0,11.59,41.74,17104.9,14610.73,0.0
44029_362_0,26.5,95.39,21271.91,12022.42,0.0
44031_362_0,6.99,25.16,21043.26,17648.72,0.0
44033_362_0,10.24,36.85,12887.22,11696.61,0.0
44034_362_0,31.35,112.86,13488.79,21974.65,0.0
44035_362_0,6.62,23.82,9491.79,18578.96,0.0
44038_362_0,12.85,46.25,19213.48,13208.73,0.0
44040_362_0,32.36,116.51,11575.9,17228.78,0.0
44042_362_0,7.81,28.1,17923.15,17847.73,0.0
44044_362_0,12.64,45.52,13946.5,15432.76,0.0
44046_362_0,12.49,44.97,15399.79,16417.64,0.0
44047_362_0,1.16,4.17,8528.16,21887.24,0.0
44048_362_0,5.92,21.32,17027.13,10968.17,0.0
44049_362_0,14.33,51.6,9794.14,11743.75,0.0
44052_362_0,0.0,0.0,21152.58,10010.45,6.0
44053_362_0,0.0,0.0,17513.92,17181.01,11.0
44055_362_0,17.51,63.04,17206.34,18844.04,0.0
44060_362_0,8.26,29.73,11127.38,13285.96,0.0
44063_362_0,14.31,51.52,24232.26,11639.19,0.0
44065_362_0,10.78,38.8,16055.11,17530.71,0.0
44067_362_0,11.76,42.32,16275.59,13842.14,0.0
44071_362_0,0.0,0.0,20730.53,7701.75,12.0
44072_362_0,13.68,49.25,8460.26,21377.28,0.0
44074_362_0,15.85,57.04,15302.99,9113.55,0.0
44078_362_0,1.11,4.0,16099.94,7947.51,0.0
44081_362_0,13.72,49.38,14075.3,23279.46,0.0
44082_362_0,10.46,37.66,17289.91,13978.93,0.0
44083_362_0,8.22,29.6,7605.89,27878.77,0.0
44088_362_0,11.09,39.93,20614.94,17975.77,0.0
44089_362_0,14.23,51.22,13159.22,11353.47,0.0
44090_362_0,13.18,47.46,10003.33,13368.28,0.0
44091_362_0,12.87,46.33,14902.91,13863.47,0.0
44096_362_0,31.38,112.98,21039.47,12404.03,0.0
44099_362_0,12.53,45.12,8621.05,20991.47,0.0
44103_362_0,7.42,26.7,14544.35,15744.46,0.0
44104_362_0,9.24,33.25,19298.37,13950.29,0.0
44105_362_0,14.17,51.02,9881.96,20941.1,0.0
44106_362_0,23.01,82.84,19261.86,15430.4,0.0
44109_362_0,7.86,28.31,15244.26,14198.67,0.0
44110_362_0,5.39,19.39,11420.28,12912.49,0.0
44112_362_0,13.17,47.4,21339.37,17979.93,0.0
44116_362_0,27.12,97.65,23533.51,5512.53,0.0
44118_362_0,14.64,52.71,6108.56,13050.22,0.0
44121_362_0,12.94,46.59,7233.73,18502.05,0.0
44122_362_0,15.0,54.01,14190.85,17408.23,0.0
44123_362_0,0.0,0.0,13899.76,12286.49,15.0
44127_362_0,1.75,6.31,20608.06,17587.77,0.0
44128_362_0,11.73,42.24,19325.89,17678.16,0.0
44130_362_0,1.74,6.25,23311.89,4965.83,0.0
44132_362_0,3.71,13.35,19438.34,17207.19,0.0
44137_362_0,10.65,38.34,12629.18,15053.65,0.0
44138_362_0,7.12,25.63,21821.54,17611.76,0.0
44139_362_0,7.72,27.79,11529.56,15187.01,0.0
44140_362_0,11.48,41.31,17996.53,17786.74,0.0
44143_362_0,14.37,51.72,8317.61,14606.03,0.0
44145_362_0,15.75,56.71,18117.42,10359.39,0.0
44147_362_0,10.59,38.11,18061.44,18035.72,0.0
44150_362_0,1.22,4.38,14101.93,15404.87,0.0
44152_362_0,12.67,45.62,15498.03,10248.28,0.0
44156_362_0,0.05,0.19,11620.04,15731.47,2.0
44157_362_0,12.95,46.63,13684.33,13646.79,0.0
44162_362_0,10.08,36.27,19737.27,17242.33,0.0
44164_362_0,8.38,30.18,10528.14,24941.86,0.0
44165_362_0,8.29,29.84,13501.22,16895.66,0.0
44166_362_0,0.0,0.0,11753.7,14281.48,13.0
44167_362_0,6.46,23.24,14653.87,17221.72,0.0
44170_362_0,22.51,81.02,17891.95,18677.75,0.0
44172_362_0,14.34,51.61,21733.8,17029.92,0.0
44173_362_0,27.42,98.7,22104.49,9979.92,0.0
44174_362_0,13.32,47.94,8276.07,17604.09,0.0
44175_362_0,15.04,54.14,21115.85,12481.64,0.0
44180_362_0,11.37,40.95,11270.29,17795.21,0.0
44181_362_0,10.53,37.9,12445.25,13605.76,0.0
44184_362_0,12.73,45.83,12745.54,11286.1,0.0
44186_362_0,0.07,0.26,12527.57,11944.91,1.0
44187_362_0,18.36,66.11,12652.84,9260.63,0.0
44191_362_0,15.81,56.91,7363.63,13479.2,0.0
44192_362_0,0.1,0.34,21223.92,10280.77,1.0
44193_362_0,11.53,41.5,16744.54,13905.37,0.0
44195_362_0,22.57,81.26,23305.23,8612.24,0.0
44196_362_0,13.03,46.92,11486.94,19066.5,0.0
44197_362_0,0.0,0.0,9053.05,19932.67,15.0
44198_362_0,3.04,10.95,19090.62,15945.5,0.0
44200_362_0,1.21,4.37,16826.45,20717.37,0.0
44202_362_0,13.74,49.46,10853.68,14798.97,0.0
44203_362_0,14.57,52.46,13254.06,19630.21,0.0
44205_362_0,12.66,45.57,20423.13,18572.44,0.0
44211_362_0,15.53,55.91,19448.75,15343.67,0.0
44212_362_0,13.29,47.83,12932.86,20578.22,0.0
44215_362_0,12.2,43.94,20920.64,14537.92,0.0
44217_362_0,26.6,95.75,20689.63,13091.6,0.0
44218_362_0,20.83,74.99,16459.65,7315.11,0.0
44219_362_0,12.13,43.67,9153.82,15627.68,0.0
44221_362_0,11.65,41.95,10466.99,12965.92,0.0
44222_362_0,0.02,0.06,20276.77,17381.81,3.0
44225_362_0,4.27,15.38,11308.65,15677.96,0.0
44228_362_0,10.71,38.56,6647.55,14092.44,0.0
44231_362_0,3.15,11.36,12074.35,15413.31,0.0
44232_362_0,12.18,43.84,21841.82,18606.01,0.0
44237_362_0,0.0,0.0,7162.29,14235.56,5.0
44238_362_0,17.97,64.68,14592.55,8534.38,0.0
44240_362_0,20.5,73.81,15885.7,15231.57,0.0
44241_362_0,3.18,11.45,12189.21,15338.86,0.0
44243_362_0,10.61,38.21,12307.38,15704.39,0.0
44244_362_0,11.7,42.13,17965.23,16726.78,0.0
44246_362_0,14.97,53.89,12245.95,15854.9,0.0
44247_362_0,0.0,0.0,13082.09,12828.6,6.0
44251_362_0,14.14,50.91,9383.65,15587.04,0.0
44254_362_0,2.45,8.83,8449.66,21433.43,0.0
44256_362_0,11.65,41.93,10897.5,15006.57,0.0
44259_362_0,17.84,64.21,11767.19,13370.13,0.0
44261_362_0,26.4,95.05,19457.4,16128.25,0.0
44263_362_0,30.17,108.63,21422.39,11642.94,0.0
44265_362_0,0.0,0.0,24263.47,7336.91,10.0
44267_362_0,16.74,60.26,13430.69,13239.74,0.0
44269_362_0,13.27,47.76,16937.93,8348.38,0.0
44270_362_0,15.21,54.75,18380.84,12137.76,0.0
44272_362_0,10.99,39.57,16407.05,6940.19,0.0
44273_362_0,5.75,20.69,14130.42,11878.0,0.0
44275_362_0,7.9,28.45,13469.46,16589.0,0.0
44278_362_0,10.13,36.46,23808.25,11843.25,0.0
44279_362_0,16.05,57.79,18075.02,10372.76,0.0
44280_362_0,3.98,14.32,17531.01,17173.21,0.0
44282_362_0,12.13,43.65,11413.87,13985.41,0.0
44283_362_0,17.06,61.42,12403.26,7750.93,0.0
44284_362_0,11.09,39.93,12731.44,15042.67,0.0
44285_362_0,0.01,0.02,13066.3,10961.77,3.0
44288_362_0,13.18,47.44,13506.04,9686.59,0.0
44293_362_0,10.35,37.27,16129.05,9113.01,0.0
44299_362_0,12.68,45.64,11586.44,19385.37,0.0
44300_362_0,21.38,76.96,18220.14,12082.51,0.0
44302_362_0,6.24,22.47,12890.77,15843.32,0.0
44304_362_0,7.48,26.92,9776.55,24566.49,0.0
44305_362_0,2.99,10.78,9657.12,12923.9,0.0
44306_362_0,0.0,0.0,21530.16,9263.04,7.0
44307_362_0,17.07,61.45,8456.63,19577.27,0.0
44308_362_0,15.25,54.9,17074.38,16736.79,0.0
44309_362_0,7.68,27.65,13282.94,13893.26,0.0
44310_362_0,10.81,38.93,13305.4,11753.62,0.0
44312_362_0,13.2,47.51,13509.17,14877.0,0.0
44313_362_0,13.69,49.27,20966.72,9275.21,0.0
44316_362_0,14.16,50.97,14992.05,11205.06,0.0
44318_362_0,14.96,53.86,17913.72,15591.96,0.0
44320_362_0,0.0,0.0,19843.12,17277.95,20.0
44321_362_0,11.19,40.3,12387.68,15432.71,0.0
44323_362_0,9.0,32.39,12323.8,15674.29,0.0
44324_362_0,10.45,37.63,20477.45,17726.04,0.0
44328_362_0,0.0,0.0,20732.16,7675.06,47.0
44329_362_0,7.18,25.84,21169.12,9296.63,0.0
44331_362_0,17.28,62.21,12842.02,8534.17,0.0
44332_362_0,10.53,37.89,13298.4,18442.71,0.0
44333_362_0,10.6,38.15,10595.29,14020.48,0.0
44337_362_0,7.51,27.03,10093.51,12378.05,0.0
44339_362_0,0.02,0.06,13574.99,15226.68,1.0
44340_362_0,0.0,0.0,11308.51,16397.05,6.0
44341_362_0,12.41,44.66,7606.67,14215.43,0.0
44342_362_0,10.91,39.29,13647.16,12578.51,0.0
44343_362_0,12.35,44.46,12431.36,12012.5,0.0
44347_362_0,11.84,42.62,21309.09,17905.9,0.0
44349_362_0,13.07,47.05,15970.25,16890.35,0.0
44350_362_0,14.81,53.33,20884.87,7656.03,0.0
44351_362_0,12.14,43.71,21049.74,15318.9,0.0
44355_362_0,0.1,0.36,13972.76,16018.92,0.0
44358_362_0,17.67,63.6,11694.72,13837.31,0.0
44361_362_0,39.41,141.89,5966.03,25311.96,0.0
44364_362_0,17.96,64.66,12595.74,8120.23,0.0
44367_362_0,16.89,60.81,13363.04,12643.08,0.0
44369_362_0,6.23,22.43,21134.35,9302.97,0.0
44370_362_0,11.87,42.74,10864.14,23951.73,0.0
44371_362_0,15.0,54.0,9677.23,16623.56,0.0
44375_362_0,0.0,0.0,17504.08,17165.34,17.0
44376_362_0,20.46,73.65,14980.25,16086.77,0.0
44379_362_0,22.87,82.32,23457.19,7519.43,0.0
44382_362_0,14.1,50.77,18646.77,12453.14,0.0
44383_362_0,14.27,51.36,7623.67,22377.61,0.0
44387_362_0,13.53,48.72,16942.77,20745.87,0.0
44392_362_0,0.0,0.0,11300.84,17664.24,16.0
44394_362_0,10.34,37.24,15784.79,13642.14,0.0
44395_362_0,7.35,26.45,14523.22,9631.1,0.0
44396_362_0,4.76,17.14,19428.96,9681.94,0.0
44400_362_0,8.44,30.39,10354.29,23577.22,0.0
44401_362_0,12.53,45.1,18598.54,18533.2,0.0
44402_362_0,16.77,60.36,14389.09,15471.23,0.0
44403_362_0,21.89,78.8,23463.41,7284.52,0.0
44404_362_0,1.82,6.56,14013.67,15875.56,0.0
44406_362_0,10.45,37.61,14937.13,17979.66,0.0
44407_362_0,31.57,113.65,19348.05,16636.83,0.0
44408_362_0,9.87,35.53,12651.49,15043.35,0.0
44409_362_0,17.46,62.84,11884.28,20882.55,0.0
44411_362_0,10.77,38.79,12567.03,13119.95,0.0
44413_362_0,3.84,13.83,17869.99,14127.5,0.0
44414_362_0,12.55,45.18,15778.27,17575.29,0.0
44415_362_0,7.56,27.22,13891.39,6824.26,0.0
44416_362_0,13.99,50.37,10774.9,15500.47,0.0
44418_362_0,14.12,50.82,13902.48,16275.65,0.0
44420_362_0,11.65,41.95,12503.28,11208.93,0.0
44422_362_0,19.17,69.0,16804.9,15564.95,0.0
44423_362_0,5.41,19.47,18455.76,14180.35,0.0
44426_362_0,10.93,39.36,14604.61,12387.65,0.0
44428_362_0,13.68,49.25,17019.46,13259.98,0.0
44432_362_0,30.04,108.15,10932.34,18758.06,0.0
44433_362_0,0.0,0.0,17509.37,16782.04,11.0
44434_362_0,12.97,46.69,6584.55,14250.99,0.0
44435_362_0,7.37,26.51,12682.08,16660.09,0.0
44440_362_0,22.28,80.2,15159.64,16019.88,0.0
44441_362_0,11.28,40.61,16552.52,13984.96,0.0
44443_362_0,13.25,47.69,14169.14,11690.25,0.0
44445_362_0,11.24,40.46,16836.13,13917.74,0.0
44447_362_0,10.68,38.43,9297.98,13792.73,0.0
44449_362_0,0.5,1.79,13873.8,13718.46,0.0
44452_362_0,28.72,103.4,11950.15,22832.43,0.0
44455_362_0,12.09,43.52,17298.98,15910.8,0.0
44458_362_0,12.12,43.62,17329.5,13983.81,0.0
44463_362_0,0.0,0.0,6422.46,14260.35,5.0
44464_362_0,30.8,110.89,8213.77,22394.9,0.0
44465_362_0,13.04,46.94,13358.92,11849.13,0.0
44466_362_0,11.55,41.59,21423.04,10337.13,0.0
44467_362_0,11.34,40.81,16361.9,14997.89,0.0
44470_362_0,7.37,26.52,14140.79,18174.67,0.0
44471_362_0,54.88,197.57,5474.92,28755.94,0.0
44473_362_0,13.03,46.9,10677.57,15926.76,0.0
44478_362_0,31.45,113.22,19900.44,14457.91,0.0
44479_362_0,14.57,52.46,22381.75,17851.69,0.0
44484_362_0,0.0,0.01,16897.25,20700.9,4.0
44486_362_0,15.6,56.14,20215.97,6369.42,0.0
44490_362_0,0.0,0.0,14002.7,15976.66,11.0
44491_362_0,3.31,11.92,21907.66,18970.91,0.0
44492_362_0,0.0,0.0,16911.22,20697.67,12.0
44493_362_0,0.13,0.47,13090.45,11238.73,0.0
44495_362_0,2.51,9.04,15863.84,12225.68,0.0
44498_362_0,12.85,46.26,7263.08,28045.34,0.0
44503_362_0,13.26,47.72,12632.88,12786.46,0.0
44510_362_0,8.19,29.49,12772.59,13723.96,0.0
44515_362_0,0.01,0.02,17506.27,16783.17,2.0
44517_362_0,15.52,55.87,13674.47,13744.23,0.0
44518_362_0,3.23,11.64,14043.3,13733.41,0.0
44521_362_0,14.87,53.55,18863.97,11445.23,0.0
44522_362_0,10.01,36.03,14577.25,12484.56,0.0
44523_362_0,12.64,45.51,11060.65,13321.25,0.0
44524_362_0,7.27,26.17,9858.05,12364.84,0.0
44526_362_0,7.76,27.95,23725.75,3708.08,0.0
44527_362_0,14.3,51.48,20127.02,12383.24,0.0
44529_362_0,8.04,28.94,14609.41,17233.57,0.0
44533_362_0,10.73,38.63,10257.6,14646.52,0.0
44534_362_0,2.61,9.38,6011.55,14288.61,0.0
44536_362_0,17.87,64.32,10270.73,14599.31,0.0
44537_362_0,31.62,113.83,9338.44,20960.71,0.0
44539_362_0,0.0,0.0,15275.91,14216.2,11.0
44540_362_0,0.0,0.0,13915.21,12271.61,6.0
44547_362_0,54.52,196.27,7633.92,23044.39,0.0
44548_362_0,15.22,54.78,15761.87,13938.05,0.0
44549_362_0,7.67,27.6,22106.13,11863.98,0.0
44552_362_0,15.01,54.04,20368.29,14568.72,0.0
44554_362_0,14.28,51.4,14267.23,13156.2,0.0
44555_362_0,0.0,0.0,10400.18,18062.73,0.0
44559_362_0,7.96,28.65,14029.53,16498.34,0.0
44560_362_0,0.62,2.25,21244.36,10266.54,0.0
44561_362_0,7.42,26.71,4488.61,15518.84,0.0
44562_362_0,14.5,52.22,7260.01,10954.34,0.0
44563_362_0,18.64,67.1,17931.16,19828.75,0.0
44564_362_0,19.87,71.53,11993.06,14895.68,0.0
44566_362_0,24.08,86.69,18143.6,21011.07,0.0
44570_362_0,13.5,48.62,13547.13,12564.44,0.0
44572_362_0,13.18,47.43,18009.44,15856.43,0.0
44580_362_0,8.62,31.02,12223.7,17716.16,0.0
44583_362_0,13.33,48.0,16245.79,13760.15,0.0
44587_362_0,0.98,3.51,12262.29,15293.59,0.0
44588_362_0,20.51,73.83,16710.61,14916.4,0.0
44594_362_0,10.55,37.97,10514.86,15571.19,0.0
44595_362_0,13.27,47.78,21811.05,12456.15,0.0
44597_362_0,14.07,50.64,13500.61,17202.3,0.0
44598_362_0,12.78,45.99,14732.26,18240.57,0.0
44601_362_0,7.67,27.61,16911.26,16722.0,0.0
44603_362_0,0.0,0.0,20246.38,17372.15,13.0
44604_362_0,0.0,0.0,11995.84,12738.97,10.0
44605_362_0,17.4,62.64,21071.95,10334.5,0.0
44606_362_0,11.27,40.55,16128.77,13818.43,0.0
44607_362_0,10.23,36.81,22871.17,17137.76,0.0
44608_362_0,0.0,0.0,12045.13,12678.3,10.0
44610_362_0,0.0,0.0,17510.64,17181.35,13.0
44612_362_0,11.4,41.03,16187.95,19843.52,0.0
44613_362_0,12.28,44.2,21502.34,14374.47,0.0
44614_362_0,17.08,61.49,10903.66,22097.19,0.0
44619_362_0,13.81,49.71,14090.52,15329.18,0.0
44620_362_0,6.15,22.15,13744.36,16390.55,0.0
44621_362_0,22.26,80.15,12402.97,23886.45,0.0
44622_362_0,7.53,27.1,13857.77,12095.95,0.0
44627_362_0,10.45,37.62,16882.89,13924.13,0.0
44631_362_0,10.71,38.55,24483.55,11430.06,0.0
44632_362_0,19.85,71.48,18597.67,12165.38,0.0
44633_362_0,16.29,58.64,6088.01,14299.81,0.0
44637_362_0,24.83,89.38,23412.22,8117.38,0.0
44638_362_0,11.18,40.26,16854.0,13920.14,0.0
44641_362_0,14.76,53.15,18824.34,18591.0,0.0
44642_362_0,15.99,57.56,16794.0,12534.75,0.0
44643_362_0,0.22,0.81,21907.1,18977.19,0.0
44644_362_0,10.6,38.17,21358.21,9789.89,0.0
44645_362_0,12.82,46.15,10912.78,23986.42,0.0
44647_362_0,11.34,40.81,14176.33,11595.97,0.0
44654_362_0,12.91,46.46,10409.33,12935.71,0.0
44658_362_0,10.91,39.29,10787.95,12550.13,0.0
44663_362_0,1.51,5.45,11291.38,12784.3,0.0
44665_362_0,9.37,33.74,10874.52,13997.47,0.0
44666_362_0,13.19,47.48,16754.82,11840.14,0.0
44670_362_0,13.3,47.89,14119.84,23758.84,0.0
44673_362_0,15.04,54.14,17652.09,17279.78,0.0
44674_362_0,16.63,59.88,11972.38,14898.6,0.0
44675_362_0,26.23,94.44,23524.49,5706.31,0.0
44679_362_0,4.67,16.81,19439.22,17165.81,0.0
44682_362_0,13.84,49.84,14480.78,9612.01,0.0
44683_362_0,21.26,76.53,15938.76,15142.24,0.0
44685_362_0,9.85,35.48,22298.78,17324.11,0.0
44686_362_0,7.64,27.51,19092.86,9691.67,0.0
44691_362_0,12.2,43.91,17050.15,13369.95,0.0
44692_362_0,13.19,47.47,19039.7,17038.07,0.0
44700_362_0,13.46,48.45,5828.12,15209.8,0.0
44701_362_0,9.02,32.46,9405.82,17809.02,0.0
44705_362_0,5.86,21.09,11829.42,12119.9,0.0
44706_362_0,4.78,17.2,12532.55,11941.34,0.0
44707_362_0,11.66,41.98,13351.71,20382.86,0.0
44710_362_0,17.6,63.36,12071.46,15022.25,0.0
44712_362_0,11.9,42.85,13712.93,14191.65,0.0
44715_362_0,12.76,45.93,10767.35,14921.92,0.0
44718_362_0,12.98,46.74,12767.27,14599.2,0.0
44725_362_0,21.42,77.1,11399.34,17671.79,0.0
44726_362_0,10.58,38.07,18024.35,15060.7,0.0
44729_362_0,2.49,8.95,11461.5,11665.98,0.0
44730_362_0,11.72,42.2,15829.26,13105.31,0.0
44731_362_0,13.71,49.34,22786.87,14487.98,0.0
44733_362_0,25.71,92.55,23482.98,6628.82,0.0
44736_362_0,14.11,50.8,17473.52,18004.13,0.0
44737_362_0,12.96,46.67,10827.51,12471.39,0.0
44738_362_0,20.18,72.66,16493.21,12687.32,0.0
44739_362_0,14.47,52.1,21491.99,14392.15,0.0
44740_362_0,1.42,5.09,6450.17,14061.7,0.0
44743_362_0,0.09,0.33,14835.66,16015.63,1.0
44746_362_0,16.07,57.87,14875.73,16258.66,0.0
44748_362_0,11.6,41.76,15421.05,13881.4,0.0
44750_362_0,0.0,0.0,14250.08,11038.06,15.0
44760_362_0,30.31,109.11,20175.59,10544.55,0.0
44766_362_0,16.25,58.49,14881.32,17357.09,0.0
44768_362_0,12.62,45.42,14513.21,9375.69,0.0
44769_362_0,10.57,38.05,13964.8,15450.62,0.0
44770_362_0,11.75,42.29,20649.23,7717.06,0.0
44772_362_0,12.89,46.41,14806.87,13248.59,0.0
44773_362_0,2.37,8.52,17054.92,19679.51,0.0
44777_362_0,10.75,38.69,13127.57,15847.85,0.0
44780_362_0,12.6,45.36,10321.3,19988.94,0.0
44783_362_0,7.42,26.7,5215.22,14045.44,0.0
44784_362_0,14.67,52.8,18653.71,14550.22,0.0
44785_362_0,14.99,53.96,9532.65,15575.64,0.0
44787_362_0,1.65,5.93,18252.15,13439.34,0.0
44790_362_0,12.62,45.44,13302.58,17926.95,0.0
44791_362_0,11.4,41.05,6595.92,15076.14,0.0
44792_362_0,10.05,36.17,10238.66,14047.86,0.0
44795_362_0,12.02,43.27,9838.29,15182.6,0.0
44799_362_0,0.0,0.0,17109.99,15336.7,9.0
44800_362_0,13.69,49.28,20780.12,14507.21,0.0
44802_362_0,13.03,46.9,11441.1,15900.3,0.0
44803_362_0,14.34,51.63,13781.77,13265.8,0.0
44808_362_0,12.59,45.34,15158.94,3970.91,0.0
44810_362_0,0.0,0.0,17720.47,16243.97,7.0
44811_362_0,12.58,45.27,17436.05,15880.99,0.0
44812_362_0,0.0,0.0,9465.97,22571.32,63.0
44813_362_0,12.37,44.53,13754.65,15344.38,0.0
44818_362_0,7.42,26.7,9638.09,21537.92,0.0
44819_362_0,14.79,53.25,11999.14,11515.03,0.0
44820_362_0,12.15,43.74,14374.56,14096.23,0.0
44822_362_0,19.81,71.32,23411.78,8143.83,0.0
44823_362_0,13.09,47.11,17099.62,14503.71,0.0
44824_362_0,26.27,94.58,22649.58,9500.46,0.0
44825_362_0,7.99,28.78,14069.11,11824.48,0.0
44829_362_0,9.32,33.56,13256.0,9232.87,0.0
44831_362_0,0.0,0.0,14511.11,12605.61,16.0
44832_362_0,6.58,23.69,13851.02,16617.87,0.0
44833_362_0,6.42,23.12,12894.0,18099.82,0.0
44834_362_0,6.53,23.51,14221.93,11427.42,0.0
44835_362_0,0.0,0.0,17202.31,8039.22,10.0
44836_362_0,7.4,26.64,10110.32,16304.44,0.0
44837_362_0,1.61,5.8,12738.35,12436.32,0.0
44838_362_0,0.0,0.0,11829.27,14640.45,30.0
44840_362_0,0.0,0.0,14891.51,17308.15,8.0
44843_362_0,12.36,44.49,6579.91,14726.57,0.0
44845_362_0,0.0,0.0,21286.37,10182.24,9.0
44846_362_0,13.79,49.64,22656.95,6571.98,0.0
44847_362_0,15.92,57.3,13365.15,9420.7,0.0
44848_362_0,9.3,33.48,14105.87,13314.53,0.0
44850_362_0,7.36,26.49,7732.62,28150.36,0.0
44851_362_0,0.07,0.25,19744.03,13155.5,1.0
44852_362_0,25.9,93.24,21718.26,12089.67,0.0
44855_362_0,13.71,49.36,11635.33,5568.74,0.0
44856_362_0,15.41,55.47,15423.72,17810.59,0.0
44857_362_0,13.78,49.62,12358.01,13811.17,0.0
44859_362_0,13.75,49.49,15149.95,18104.93,0.0
44861_362_0,35.0,125.99,16551.47,10178.7,0.0
44862_362_0,26.78,96.4,6388.41,14317.67,0.0
44863_362_0,26.49,95.37,20626.43,13128.48,0.0
44866_362_0,15.53,55.91,11510.62,17345.86,0.0
44867_362_0,12.52,45.06,13048.51,13133.14,0.0
44870_362_0,15.01,54.05,18278.97,4635.44,0.0
44874_362_0,12.48,44.92,17047.34,16750.22,0.0
44876_362_0,7.42,26.7,22510.18,17610.14,0.0
44883_362_0,6.74,24.27,10102.05,23211.41,0.0
44884_362_0,13.11,47.21,15415.13,16434.31,0.0
44886_362_0,14.63,52.66,6015.61,17648.74,0.0
44887_362_0,13.99,50.36,10641.69,13065.67,0.0
44891_362_0,0.0,0.0,16870.67,13931.28,24.0
44895_362_0,0.15,0.54,6428.92,14273.08,0.0
44900_362_0,13.57,48.86,10186.65,14047.91,0.0
44901_362_0,11.05,39.79,11071.82,21335.36,0.0
44902_362_0,14.16,50.96,12987.82,12460.98,0.0
44906_362_0,20.39,73.42,13817.28,19900.1,0.0
44907_362_0,13.17,47.4,13725.08,23534.58,0.0
44908_362_0,25.69,92.48,20592.06,10480.06,0.0
44909_362_0,0.4,1.43,9266.75,14136.04,0.0
44910_362_0,13.91,50.07,10157.16,14070.38,0.0
44911_362_0,14.22,51.2,15857.89,14807.69,0.0
44916_362_0,13.2,47.51,14276.44,10961.91,0.0
44917_362_0,7.41,26.68,10082.67,16319.98,0.0
44918_362_0,13.74,49.47,16218.4,12905.43,0.0
44919_362_0,8.09,29.13,13191.64,18278.03,0.0
44920_362_0,0.56,2.02,20745.92,8072.04,0.0
44925_362_0,13.39,48.2,14577.64,8792.46,0.0
44928_362_0,9.66,34.77,11967.61,11867.53,0.0
44929_362_0,2.32,8.35,13772.72,12795.64,0.0
44932_362_0,10.43,37.55,21673.49,8667.3,0.0
44936_362_0,5.66,20.39,11028.68,12290.89,0.0
44938_362_0,13.98,50.34,8463.21,21369.11,0.0
44940_362_0,5.58,20.07,12812.18,14628.41,0.0
44945_362_0,0.52,1.86,15424.65,13910.47,0.0
44947_362_0,6.85,24.66,8049.82,19343.59,0.0
44948_362_0,21.29,76.66,22331.87,15992.08,0.0
44949_362_0,12.84,46.21,13763.64,16126.06,0.0
44952_362_0,0.01,0.02,13193.41,12781.45,1.0
44953_362_0,0.0,0.0,15187.4,13344.26,4.0
44958_362_0,0.0,0.0,17762.1,14108.0,11.0
44959_362_0,11.58,41.69,20789.66,10305.67,0.0
44960_362_0,0.0,0.01,14147.13,16898.32,3.0
44963_362_0,24.99,89.97,21215.23,12128.98,0.0
44964_362_0,12.02,43.26,20285.82,6584.28,0.0
44965_362_0,8.49,30.57,9471.15,24735.45,0.0
44966_362_0,9.54,34.34,19109.82,17066.73,0.0
44968_362_0,21.68,78.06,23909.23,9678.89,0.0
44972_362_0,12.25,44.1,14880.3,18942.74,0.0
44974_362_0,12.34,44.41,16431.54,11100.78,0.0
44982_362_0,10.48,37.72,13661.89,13929.32,0.0
44984_362_0,14.12,50.83,18281.67,12106.82,0.0
44985_362_0,0.97,3.48,17513.04,17175.35,0.0
44988_362_0,11.37,40.94,23577.97,12723.14,0.0
44990_362_0,23.29,83.85,17544.87,12518.98,0.0
44994_362_0,6.77,24.36,10845.41,12429.22,0.0
44997_362_0,12.0,43.2,11050.23,13303.9,0.0
44998_362_0,13.84,49.81,13948.28,11010.79,0.0
44999_362_0,0.67,2.4,8526.55,21845.07,0.0
45001_362_0,0.0,0.0,19824.96,17262.51,10.0
45002_362_0,8.99,32.37,13290.06,18285.28,0.0
45004_362_0,12.71,45.77,7905.52,16027.21,0.0
45005_362_0,0.0,0.0,11621.45,14833.68,7.0
45006_362_0,10.81,38.91,10258.23,14043.4,0.0
45007_362_0,0.0,0.0,10533.56,14958.44,8.0
45008_362_0,0.0,0.0,13744.1,17585.91,5.0
45011_362_0,29.07,104.67,23163.32,8906.6,0.0
45012_362_0,0.0,0.0,12521.25,14500.82,27.0
45019_362_0,21.8,78.49,17616.91,12506.97,0.0
45024_362_0,7.58,27.29,13528.7,16568.15,0.0
45026_362_0,8.69,31.28,21548.91,14293.84,0.0
45027_362_0,0.0,0.0,10040.62,12851.73,6.0
45028_362_0,15.87,57.14,13513.41,9134.62,0.0
45030_362_0,7.64,27.49,17948.89,15821.96,0.0
45031_362_0,12.96,46.64,20933.92,7746.54,0.0
45035_362_0,20.08,72.28,10623.45,22531.14,0.0
45036_362_0,14.17,51.02,17089.18,19250.96,0.0
45037_362_0,15.88,57.16,8771.57,21640.73,0.0
45043_362_0,34.71,124.94,15063.98,8423.24,0.0
45044_362_0,7.45,26.8,9445.47,25748.57,0.0
45045_362_0,14.04,50.54,15459.76,17344.42,0.0
45046_362_0,12.06,43.4,16400.69,15030.49,0.0
45047_362_0,17.36,62.49,17622.02,15042.46,0.0
45048_362_0,27.4,98.65,19836.35,14530.6,0.0
45052_362_0,30.42,109.52,14661.31,6440.63,0.0
45054_362_0,11.58,41.7,14242.38,11124.25,0.0
45063_362_0,7.49,26.95,17870.57,14124.25,0.0
45065_362_0,8.83,31.78,21613.08,16975.75,0.0
45067_362_0,7.79,28.04,15068.79,10664.7,0.0
45073_362_0,14.22,51.18,10578.56,10525.56,0.0
45078_362_0,28.75,103.48,23532.07,5477.37,0.0
45079_362_0,16.01,57.65,10210.54,20805.14,0.0
45082_362_0,12.26,44.13,8984.73,24848.77,0.0
45083_362_0,12.45,44.83,21203.99,10097.86,0.0
45084_362_0,11.38,40.97,8710.47,17366.64,0.0
45085_362_0,24.81,89.31,19691.92,10802.47,0.0
45086_362_0,7.58,27.3,9965.7,22698.63,0.0
45089_362_0,12.05,43.39,12012.69,12078.53,0.0
45091_362_0,12.82,46.15,12277.76,12151.92,0.0
45092_362_0,14.36,51.7,11256.81,13977.64,0.0
45094_362_0,7.76,27.92,10500.08,25022.75,0.0
45095_362_0,0.0,0.0,12700.69,13721.25,4.0
45098_362_0,6.01,21.64,7996.13,20869.07,0.0
45103_362_0,12.54,45.16,23594.89,14897.49,0.0
45104_362_0,14.04,50.56,9081.91,14122.48,0.0
45105_362_0,11.01,39.63,12799.43,20503.51,0.0
45107_362_0,14.09,50.71,14054.72,15405.76,0.0
45109_362_0,8.59,30.93,18492.63,13368.12,0.0
45110_362_0,9.05,32.57,15014.06,14141.4,0.0
45111_362_0,10.42,37.5,16918.24,12989.43,0.0
45113_362_0,7.43,26.75,9421.12,22515.2,0.0
45114_362_0,14.26,51.32,21751.46,5089.05,0.0
45117_362_0,0.22,0.79,17257.32,8006.61,0.0
45119_362_0,25.03,90.09,23107.83,9010.21,0.0
45120_362_0,8.54,30.73,17857.88,16087.42,0.0
45122_362_0,14.61,52.61,14286.64,4700.13,0.0
45123_362_0,10.82,38.94,21661.85,17014.74,0.0
45126_362_0,11.85,42.67,12420.46,15199.86,0.0
45130_362_0,15.35,55.27,13277.06,23587.51,0.0
45132_362_0,14.66,52.78,16975.87,15726.5,0.0
45133_362_0,7.93,28.55,6042.45,14145.07,0.0
45135_362_0,0.0,0.02,20750.53,8161.4,4.0
45136_362_0,21.09,75.92,17765.57,12443.56,0.0
45139_362_0,14.53,52.33,21912.94,18893.34,0.0
45141_362_0,22.81,82.12,10485.16,19440.66,0.0
45145_362_0,24.86,89.51,10523.58,19386.16,0.0
45146_362_0,21.65,77.95,17723.9,15039.79,0.0
45147_362_0,20.51,73.83,9137.25,21242.71,0.0
45148_362_0,6.68,24.06,12287.98,16889.29,0.0
45149_362_0,12.47,44.89,14586.96,12443.61,0.0
45151_362_0,8.35,30.05,6073.05,14553.1,0.0
45152_362_0,10.04,36.14,13019.7,12614.54,0.0
45154_362_0,11.77,42.37,12438.82,16134.74,0.0
45157_362_0,13.33,47.98,14344.91,18846.49,0.0
45158_362_0,0.39,1.4,17487.36,17184.43,0.0
45163_362_0,27.29,98.24,19040.83,11231.73,0.0
45164_362_0,15.28,55.02,17599.62,14065.32,0.0
45165_362_0,14.35,51.67,12073.73,13335.21,0.0
45166_362_0,13.72,49.4,10515.91,15302.86,0.0
45167_362_0,6.15,22.14,20838.59,13084.41,0.0
45171_362_0,13.64,49.11,22641.57,11176.34,0.0
45173_362_0,11.24,40.45,15919.93,9679.94,0.0
45176_362_0,12.46,44.85,20106.61,12966.45,0.0
45179_362_0,0.0,0.0,20713.23,7498.93,25.0
45181_362_0,14.31,51.52,18736.31,18677.95,0.0
45184_362_0,2.41,8.69,8700.61,14181.14,0.0
45187_362_0,12.52,45.09,11429.27,17774.64,0.0
45188_362_0,12.78,45.99,19735.96,9304.96,0.0
45190_362_0,11.54,41.54,10992.91,21816.7,0.0
45191_362_0,25.9,93.24,21522.13,11046.9,0.0
45193_362_0,13.8,49.7,14776.46,16477.25,0.0
45196_362_0,12.46,44.84,12629.73,16488.24,0.0
45203_362_0,5.53,19.93,22033.83,8798.11,0.0
45204_362_0,6.29,22.64,18566.55,17972.29,0.0
45205_362_0,0.0,0.0,16466.14,13724.72,16.0
45206_362_0,12.3,44.29,15311.12,10429.45,0.0
45211_362_0,21.26,76.54,18440.24,20233.01,0.0
45213_362_0,0.11,0.39,6610.24,31267.96,0.0
45214_362_0,0.0,0.0,20296.72,6632.09,11.0
45218_362_0,5.74,20.66,15767.45,21056.03,0.0
45220_362_0,10.31,37.11,20108.69,6145.13,0.0
45222_362_0,12.86,46.31,6045.31,14198.36,0.0
45223_362_0,10.3,37.07,12333.68,15658.23,0.0
45224_362_0,0.0,0.01,17491.72,17169.53,3.0
45226_362_0,10.83,38.97,16916.25,6353.94,0.0
45227_362_0,15.26,54.92,14762.74,16335.97,0.0
45229_362_0,8.5,30.58,12045.67,16551.13,0.0
45235_362_0,0.0,0.0,11859.53,14620.96,12.0
45236_362_0,11.92,42.92,17375.33,16712.08,0.0
45237_362_0,33.72,121.4,17034.34,10745.25,0.0
45240_362_0,12.27,44.16,12358.93,11295.14,0.0
45244_362_0,14.54,52.36,24150.49,7353.46,0.0
45245_362_0,29.23,105.21,23379.83,8177.01,0.0
45246_362_0,7.99,28.78,11462.82,13207.24,0.0
45250_362_0,13.42,48.3,11780.83,14439.91,0.0
45251_362_0,7.08,25.5,8296.79,21348.75,0.0
45253_362_0,12.59,45.33,13029.21,12920.61,0.0
45254_362_0,1.17,4.22,14957.46,16210.08,0.0
45255_362_0,26.25,94.5,20453.43,13407.88,0.0
45256_362_0,46.55,167.57,8202.69,22429.33,0.0
45258_362_0,24.48,88.13,17185.94,14971.96,0.0
45259_362_0,13.34,48.01,15739.85,14645.16,0.0
45268_362_0,13.62,49.04,20100.09,12972.79,0.0
45275_362_0,0.0,0.0,11751.99,14330.85,16.0
45276_362_0,12.04,43.35,15888.83,13890.26,0.0
45279_362_0,9.19,33.09,14539.04,16414.18,0.0
45281_362_0,8.31,29.92,10097.59,16311.84,0.0
45282_362_0,12.05,43.4,13452.61,10275.49,0.0
45283_362_0,8.54,30.76,12860.24,17098.52,0.0
45285_362_0,0.02,0.06,20291.28,6605.53,4.0
45288_362_0,13.2,47.53,20309.03,14363.11,0.0
45289_362_0,1.62,5.84,9992.19,14050.14,0.0
45290_362_0,21.97,79.1,19246.65,15430.29,0.0
45291_362_0,0.0,0.0,8721.6,17349.7,4.0
45293_362_0,2.87,10.33,13788.04,17094.5,0.0
45294_362_0,12.05,43.38,13306.1,17970.76,0.0
45295_362_0,12.07,43.46,21858.63,9367.15,0.0
45297_362_0,11.9,42.85,10885.24,16256.35,0.0
45298_362_0,1.9,6.83,12223.01,12194.39,0.0
45299_362_0,13.57,48.87,12858.08,13733.29,0.0
45300_362_0,13.03,46.91,7792.99,13583.21,0.0
45302_362_0,5.69,20.47,11443.19,15257.05,0.0
45303_362_0,0.13,0.46,13475.06,12140.96,0.0
45304_362_0,1.73,6.23,4775.51,17549.12,0.0
45306_362_0,23.71,85.35,8278.84,20203.28,0.0
45307_362_0,5.02,18.08,6451.0,14315.09,0.0
45308_362_0,14.87,53.52,12558.87,17049.08,0.0
45309_362_0,13.19,47.47,15231.71,18318.53,0.0
45310_362_0,0.0,0.0,15686.17,8442.69,23.0
45311_362_0,7.61,27.38,13861.29,17495.28,0.0
45312_362_0,13.39,48.22,14679.73,13873.79,0.0
45314_362_0,3.75,13.5,17046.12,13658.98,0.0
45316_362_0,14.54,52.34,24192.04,11659.99,0.0
45317_362_0,10.0,36.01,15303.4,13451.37,0.0
45318_362_0,0.0,0.0,22126.27,8827.09,10.0
45319_362_0,22.62,81.43,9528.02,20709.76,0.0
45323_362_0,14.23,51.23,10366.61,15896.2,0.0
45328_362_0,14.17,51.03,12006.13,13330.75,0.0
45329_362_0,12.7,45.7,19331.75,15977.9,0.0
45332_362_0,11.94,42.99,16154.72,9448.39,0.0
45335_362_0,13.26,47.74,9220.96,17006.02,0.0
45337_362_0,8.86,31.88,17834.13,14115.76,0.0
45338_362_0,7.83,28.19,11126.51,14971.16,0.0
45339_362_0,29.54,106.36,20214.5,10534.37,0.0
45340_362_0,11.81,42.53,14194.56,13147.4,0.0
45343_362_0,11.19,40.27,14043.98,12180.52,0.0
45345_362_0,28.46,102.47,15691.44,9037.12,0.0
45346_362_0,30.59,110.13,23500.38,6258.09,0.0
45347_362_0,13.91,50.09,13480.1,9627.66,0.0
45348_362_0,13.65,49.13,14886.62,17420.6,0.0
45349_362_0,11.34,40.84,14731.17,17193.17,0.0
45350_362_0,0.0,0.0,13747.75,14812.95,3.0
45353_362_0,14.1,50.77,8866.7,15269.37,0.0
45358_362_0,12.49,44.97,10616.36,14574.5,0.0
45360_362_0,11.27,40.56,18043.26,17879.99,0.0
45363_362_0,15.12,54.42,12574.71,9271.66,0.0
45369_362_0,20.78,74.79,20066.38,10585.19,0.0
45370_362_0,14.04,50.56,9439.1,16698.26,0.0
45371_362_0,1.1,3.97,18378.0,15203.32,0.0
45372_362_0,13.77,49.56,16997.02,10895.64,0.0
45373_362_0,13.45,48.41,9604.21,16698.93,0.0
45374_362_0,11.94,42.97,8173.51,17637.3,0.0
45375_362_0,14.91,53.69,11921.41,14803.07,0.0
45377_362_0,18.13,65.27,12338.44,23905.11,0.0
45379_362_0,14.82,53.34,11805.67,20435.02,0.0
45381_362_0,8.56,30.82,11386.28,13141.25,0.0
45382_362_0,4.1,14.75,14531.04,9203.83,0.0
45383_362_0,0.0,0.01,11612.83,14840.26,3.0
45384_362_0,11.22,40.39,10615.15,16410.13,0.0
45385_362_0,0.0,0.0,12543.39,14519.25,3.0
45387_362_0,14.93,53.76,17380.02,18286.9,0.0
45388_362_0,14.27,51.38,7873.24,14199.13,0.0
45391_362_0,7.05,25.37,21189.27,9293.7,0.0
45392_362_0,3.97,14.3,18707.37,14746.16,0.0
45394_362_0,12.09,43.53,14385.43,15730.58,0.0
45396_362_0,12.62,45.42,13934.58,10418.63,0.0
45400_362_0,11.93,42.95,11442.75,13984.7,0.0
45402_362_0,6.24,22.47,6758.91,25928.08,0.0
45405_362_0,4.25,15.31,15610.69,14384.6,0.0
45406_362_0,14.18,51.07,14693.58,8209.57,0.0
45409_362_0,11.65,41.94,11802.0,17834.96,0.0
45410_362_0,5.32,19.14,9461.33,23786.86,0.0
45411_362_0,14.5,52.19,11296.19,12495.04,0.0
45412_362_0,0.0,0.0,13850.18,16647.99,9.0
45413_362_0,15.07,54.25,9466.53,23706.02,0.0
45419_362_0,0.01,0.04,13900.22,13738.44,2.0
45420_362_0,13.05,46.99,20256.87,17406.79,0.0
45421_362_0,0.0,0.0,21712.92,8669.83,14.0
45423_362_0,0.13,0.47,8615.28,21698.21,0.0
45424_362_0,14.43,51.94,13978.72,14888.71,0.0
45427_362_0,4.16,14.97,13169.75,11527.33,0.0
45429_362_0,7.62,27.45,10878.36,14000.5,0.0
45430_362_0,5.75,20.69,13244.98,9220.54,0.0
45435_362_0,9.12,32.83,21368.48,9767.88,0.0
45436_362_0,0.65,2.34,20749.56,8134.31,0.0
45439_362_0,13.53,48.71,13435.09,11571.93,0.0
45442_362_0,11.69,42.1,14673.41,3896.24,0.0
45444_362_0,12.6,45.35,8025.7,14194.79,0.0
45448_362_0,30.57,110.05,6581.99,18306.0,0.0
45450_362_0,0.0,0.0,20467.89,14421.08,11.0
45451_362_0,1.98,7.13,15646.05,8488.84,0.0
45452_362_0,10.76,38.72,16556.16,13967.88,0.0
45455_362_0,11.88,42.78,14024.98,13105.68,0.0
45456_362_0,18.18,65.45,15485.52,8652.57,0.0
45459_362_0,12.33,44.4,16062.2,9534.14,0.0
45462_362_0,11.74,42.28,13686.68,14362.23,0.0
45463_363_0,0.0,0.0,13459.12,12102.64,14.0
45465_363_0,10.89,39.2,14016.27,14938.65,0.0
45466_363_0,17.61,63.39,12484.4,21322.3,0.0
45467_363_0,13.65,49.14,8487.95,14169.76,0.0
45468_363_0,10.43,37.55,23165.73,4931.86,0.0
45472_363_0,14.28,51.41,14008.13,16202.82,0.0
45473_363_0,18.17,65.4,19640.21,15115.48,0.0
45475_363_0,29.54,106.34,21029.57,12537.83,0.0
45481_363_0,14.85,53.45,12614.62,17289.71,0.0
45482_363_0,13.88,49.95,16418.41,11436.76,0.0
45483_363_0,13.21,47.56,15005.33,14172.64,0.0
45484_363_0,22.41,80.69,14552.61,8800.71,0.0
45485_363_0,11.97,43.1,22483.87,15506.59,0.0
45486_363_0,20.97,75.5,16686.54,25049.28,0.0
45487_363_0,5.14,18.49,21665.59,10571.76,0.0
45489_363_0,10.43,37.54,16441.93,8767.12,0.0
45490_363_0,10.78,38.82,14451.47,9856.37,0.0
45491_363_0,12.31,44.33,15617.59,10071.03,0.0
45492_363_0,14.73,53.03,15284.13,9128.82,0.0
45500_363_0,9.91,35.69,13855.04,13712.57,0.0
45501_363_0,0.0,0.0,15286.49,10599.04,7.0
45502_363_0,1.91,6.87,12261.76,7365.12,0.0
45503_363_0,23.48,84.52,19947.07,15552.83,0.0
45504_363_0,12.71,45.76,15463.92,5969.19,0.0
45505_363_0,14.47,52.08,16504.86,14197.54,0.0
45507_363_0,13.58,48.88,19055.25,14326.89,0.0
45510_363_0,2.63,9.48,12256.57,15297.29,0.0
45512_363_0,8.1,29.16,12262.7,15392.71,0.0
45513_363_0,34.39,123.79,19851.54,14505.78,0.0
45515_363_0,6.94,25.0,12961.11,17637.81,0.0
45516_363_0,17.77,63.96,15655.31,15468.81,0.0
45517_363_0,8.95,32.23,11928.47,15529.07,0.0
45518_363_0,14.12,50.82,8599.06,21631.85,0.0
45521_363_0,0.0,0.01,22132.25,8837.45,2.0
45528_363_0,9.66,34.78,18700.46,14179.69,0.0
45529_363_0,6.71,24.16,20531.56,17552.32,0.0
45530_363_0,8.71,31.37,10057.54,16330.08,0.0
45533_363_0,6.47,23.3,21157.49,8528.75,0.0
45534_363_0,8.69,31.27,20406.37,17480.08,0.0
45535_363_0,12.29,44.24,10881.0,23962.37,0.0
45539_363_0,7.22,25.98,13279.9,18721.1,0.0
45545_363_0,31.75,114.32,14679.93,6157.17,0.0
45546_363_0,8.81,31.7,14062.13,15193.68,0.0
45548_363_0,15.25,54.89,11758.13,14365.42,0.0
45551_363_0,13.97,50.27,10080.09,22404.81,0.0
45553_363_0,4.76,17.14,13741.96,13356.11,0.0
45555_363_0,10.72,38.6,10676.17,17319.09,0.0
45559_363_0,7.41,26.69,19442.41,17185.88,0.0
45560_363_0,11.98,43.11,11253.25,13038.77,0.0
45561_363_0,8.92,32.11,13204.08,17480.82,0.0
45562_363_0,3.59,12.91,20960.14,7646.79,0.0
45564_363_0,8.0,28.81,19249.71,20752.85,0.0
45566_363_0,0.02,0.08,12082.94,15407.71,2.0
45567_363_0,12.53,45.1,8900.63,21674.87,0.0
45572_363_0,11.2,40.32,12178.26,12212.07,0.0
45573_363_0,11.54,41.53,19919.05,14261.69,0.0
45578_363_0,9.8,35.3,13162.36,14973.63,0.0
45580_363_0,6.84,24.62,14331.23,14751.3,0.0
45582_363_0,14.68,52.86,13662.12,16700.7,0.0
45583_363_0,17.15,61.75,11828.07,9401.1,0.0
45584_363_0,22.37,80.53,15028.26,8432.37,0.0
45586_363_0,7.19,25.87,12873.96,17947.5,0.0
45589_363_0,8.2,29.51,11621.08,13065.86,0.0
45590_363_0,0.01,0.05,15688.48,14554.24,2.0
45591_363_0,9.85,35.47,13689.14,13609.94,0.0
45592_363_0,8.43,30.33,13725.37,15315.44,0.0
45596_363_0,11.96,43.05,12073.85,18558.05,0.0
45606_363_0,13.23,47.63,14823.67,13241.58,0.0
45608_363_0,11.5,41.38,9223.09,16983.19,0.0
45616_363_0,15.66,56.36,16511.17,15936.38,0.0
45617_363_0,15.03,54.11,8741.62,19789.7,0.0
45620_363_0,0.0,0.01,11633.85,18015.17,3.0
45623_363_0,0.0,0.0,15499.47,14185.53,14.0
45624_363_0,2.59,9.34,11008.72,15306.19,0.0
45627_363_0,9.69,34.87,8923.26,22205.95,0.0
45628_363_0,12.95,46.63,12221.63,14356.91,0.0
45629_363_0,0.07,0.26,13967.63,15457.72,1.0
45631_363_0,15.11,54.39,11940.15,16474.84,0.0
45632_363_0,7.32,26.34,11567.07,13967.72,0.0
45635_363_0,13.05,46.98,14264.63,9747.29,0.0
45636_363_0,21.8,78.48,15775.19,8348.22,0.0
45637_363_0,12.0,43.21,23555.41,5234.99,0.0
45638_363_0,15.37,55.35,13248.21,23685.14,0.0
45639_363_0,11.4,41.05,9091.74,19950.37,0.0
45640_363_0,9.52,34.26,12807.58,14652.89,0.0
45641_363_0,3.57,12.85,19970.79,17311.43,0.0
45642_363_0,14.4,51.85,13284.18,17804.17,0.0
45643_363_0,0.0,0.0,8732.27,17370.63,13.0
45644_363_0,5.87,21.13,18017.87,16658.37,0.0
45645_363_0,18.13,65.25,12153.61,15120.53,0.0
45648_363_0,14.13,50.86,17404.6,15017.15,0.0
45649_363_0,12.13,43.68,18655.62,16919.3,0.0
45652_363_0,5.75,20.7,11688.15,14066.15,0.0
45653_363_0,9.25,33.28,19350.56,17526.26,0.0
45655_363_0,15.98,57.52,23580.07,7502.82,0.0
45657_363_0,22.2,79.9,17802.83,12399.1,0.0
45658_363_0,17.17,61.82,18874.66,12976.76,0.0
45659_363_0,12.96,46.66,14695.34,19567.19,0.0
45661_363_0,12.25,44.1,17063.3,15967.82,0.0
45662_363_0,16.86,60.69,21067.75,15783.48,0.0
45663_363_0,12.95,46.63,10306.42,14059.01,0.0
45669_363_0,12.41,44.69,13207.74,13088.63,0.0
45672_363_0,9.21,33.15,22036.51,9534.94,0.0
45674_363_0,0.04,0.13,17242.86,8016.14,2.0
45680_363_0,13.14,47.31,9561.5,16721.06,0.0
45681_363_0,0.0,0.0,22974.87,7525.62,15.0
45682_363_0,0.0,0.0,7469.39,22401.33,0.0
45683_363_0,13.76,49.54,14463.85,9718.86,0.0
45686_363_0,23.07,83.07,19160.12,17661.69,0.0
45687_363_0,7.42,26.72,14241.33,5694.38,0.0
45689_363_0,2.5,9.02,19741.97,17324.34,0.0
45690_363_0,0.03,0.1,14395.18,10240.01,2.0
45691_363_0,3.26,11.75,23571.42,5143.67,0.0
45692_363_0,11.2,40.32,14395.49,13853.61,0.0
45693_363_0,13.64,49.12,8721.63,21571.0,0.0
45697_363_0,13.44,48.38,13436.65,16973.64,0.0
45698_363_0,3.54,12.75,8533.66,21805.66,0.0
45700_363_0,11.74,42.26,14954.1,5309.42,0.0
45701_363_0,8.56,30.81,6414.11,14283.88,0.0
45703_363_0,7.72,27.78,13728.22,12055.84,0.0
45704_363_0,0.0,0.0,7293.48,14150.3,0.0
45706_363_0,11.78,42.41,12067.84,14439.89,0.0
45708_363_0,10.31,37.12,10671.24,18382.28,0.0
45709_363_0,21.86,78.7,22146.11,9952.87,0.0
45712_363_0,13.32,47.96,15762.74,9865.25,0.0
45713_363_0,29.01,104.42,22443.57,9664.84,0.0
45714_363_0,20.73,74.63,16867.95,15596.4,0.0
45715_363_0,5.23,18.84,11778.47,9419.8,0.0
45716_363_0,10.91,39.26,12941.82,20230.51,0.0
45718_363_0,15.07,54.24,16877.09,12503.83,0.0
45720_363_0,12.01,43.24,18400.79,14176.86,0.0
45723_363_0,0.94,3.39,15041.16,13159.03,0.0
45731_363_0,11.43,41.16,14932.83,18313.73,0.0
45732_363_0,19.44,69.97,14608.95,8061.76,0.0
45734_363_0,12.6,45.37,6806.72,14695.79,0.0
45735_363_0,8.57,30.86,12721.05,17540.75,0.0
45737_363_0,12.74,45.88,8303.62,17600.94,0.0
45738_363_0,7.21,25.96,21422.73,13978.06,0.0
45739_363_0,10.82,38.97,16581.24,13615.08,0.0
45740_363_0,12.43,44.73,14133.14,7970.48,0.0
45741_363_0,6.28,22.59,16680.47,8412.72,0.0
45742_363_0,16.02,57.66,11690.1,13670.12,0.0
45743_363_0,10.94,39.4,9363.65,15147.68,0.0
45749_363_0,14.41,51.86,15149.65,3918.39,0.0
45751_363_0,13.61,49.01,14350.53,12945.14,0.0
45757_363_0,14.11,50.81,19413.91,17316.86,0.0
45763_363_0,2.6,9.36,11542.63,11250.99,0.0
45765_363_0,13.69,49.28,11602.01,18437.91,0.0
45769_363_0,9.03,32.5,14670.06,11244.84,0.0
45771_363_0,11.84,42.63,11454.2,12553.5,0.0
45772_363_0,6.09,21.92,14915.86,13742.21,0.0
45776_363_0,0.0,0.0,11731.83,15665.66,120.0
45777_363_0,0.0,0.0,11654.12,14812.67,14.0
45780_363_0,2.23,8.03,12758.22,13541.27,0.0
45784_363_0,10.27,36.99,10963.62,16179.12,0.0
45787_363_0,0.0,0.0,22265.15,17114.22,11.0
45788_363_0,11.61,41.79,15630.03,10053.94,0.0
45790_363_0,54.79,197.23,6721.57,24014.32,0.0
45793_363_0,13.55,48.78,14416.18,13169.07,0.0
45795_363_0,16.04,57.76,9423.42,18578.36,0.0
45796_363_0,7.79,28.04,12145.72,11668.69,0.0
45801_363_0,27.96,100.64,23346.22,8472.51,0.0
45803_363_0,0.0,0.0,16925.2,20694.5,18.0
45809_363_0,0.0,0.0,16855.34,20717.17,25.0
45810_363_0,8.98,32.32,15072.7,14199.27,0.0
45816_363_0,11.56,41.62,17195.26,3293.46,0.0
45818_363_0,15.34,55.23,18378.57,16843.71,0.0
45819_363_0,12.25,44.1,22029.84,9540.95,0.0
45821_363_0,6.51,23.44,14075.65,16235.02,0.0
45822_363_0,7.25,26.12,7600.83,19339.57,0.0
45825_363_0,0.0,0.0,11634.38,14823.82,16.0
45826_363_0,10.19,36.67,13733.02,14444.84,0.0
45828_363_0,15.06,54.23,12386.04,7713.0,0.0
45833_363_0,0.42,1.51,8584.11,21721.67,0.0
45834_363_0,12.99,46.77,16036.06,16931.32,0.0
45836_363_0,12.83,46.19,8751.83,22068.04,0.0
45837_363_0,7.16,25.78,4795.69,13916.32,0.0
45838_363_0,12.58,45.28,14089.87,16420.87,0.0
45840_363_0,12.14,43.69,11795.46,15755.33,0.0
45841_363_0,0.0,0.0,15189.39,13349.05,11.0
45842_363_0,0.0,0.0,12733.16,20695.35,16.0
45844_363_0,19.05,68.58,18786.77,11746.99,0.0
45848_363_0,6.47,23.28,7003.04,27424.83,0.0
45849_363_0,5.03,18.11,16681.32,8401.42,0.0
45850_363_0,15.2,54.71,12070.81,15917.42,0.0
45855_363_0,20.99,75.57,13393.31,23481.02,0.0
45859_363_0,0.87,3.13,17509.77,17175.77,0.0
45863_363_0,10.51,37.83,20808.07,17470.24,0.0
45866_363_0,35.51,127.84,6564.69,18005.13,0.0
45868_363_0,10.81,38.93,12970.47,20182.21,0.0
45870_363_0,7.0,25.21,18544.78,12484.38,0.0
45871_363_0,7.43,26.73,20110.83,17353.0,0.0
45873_363_0,33.81,121.73,17801.94,11276.22,0.0
45880_363_0,13.78,49.62,19205.09,5140.73,0.0
45881_363_0,0.36,1.3,21298.87,10196.32,0.0
45883_363_0,23.7,85.33,13490.7,23210.27,0.0
45886_363_0,14.65,52.73,14588.88,8653.37,0.0
45887_363_0,17.6,63.34,9772.17,23285.21,0.0
45892_363_0,7.88,28.39,16795.29,13622.65,0.0
45897_363_0,20.36,73.31,22440.76,15642.28,0.0
45902_363_0,13.57,48.85,13109.59,15860.36,0.0
45905_363_0,0.0,0.0,19850.98,12962.79,16.0
45906_363_0,13.11,47.21,6042.7,15496.31,0.0
45908_363_0,12.08,43.49,20270.66,18617.27,0.0
45909_363_0,36.04,129.75,17709.98,11255.59,0.0
45911_363_0,13.03,46.91,13654.61,6942.88,0.0
45921_363_0,11.96,43.06,16675.6,13884.32,0.0
45923_363_0,11.37,40.94,23183.8,4936.19,0.0
45924_363_0,17.39,62.62,9811.5,23039.13,0.0
45925_363_0,30.98,111.52,22874.44,15219.98,0.0
45926_363_0,20.02,72.09,14025.96,19641.6,0.0
45927_363_0,13.54,48.76,13845.23,16157.59,0.0
45929_363_0,7.37,26.53,13037.76,14765.83,0.0
45933_363_0,12.44,44.79,13976.68,13511.99,0.0
45939_363_0,15.2,54.72,16951.85,6357.57,0.0
45941_363_0,11.37,40.92,7994.94,14206.24,0.0
45942_363_0,12.84,46.21,14835.31,6680.93,0.0
45943_363_0,9.46,34.04,16253.61,6535.07,0.0
45946_363_0,0.0,0.0,10984.86,20957.15,5.0
45947_363_0,13.12,47.23,20310.45,14692.35,0.0
45948_363_0,0.0,0.0,19428.79,17159.17,24.0
45950_363_0,2.72,9.78,11261.73,17619.94,0.0
45952_363_0,4.63,16.69,15607.71,14386.03,0.0
45954_363_0,17.2,61.91,12160.02,7070.58,0.0
45957_363_0,24.11,86.79,10742.78,19058.24,0.0
45958_363_0,15.07,54.24,12386.58,7733.9,0.0
45959_363_0,8.42,30.29,13786.05,12631.66,0.0
45961_363_0,11.76,42.34,19707.93,13209.07,0.0
45968_363_0,8.5,30.6,14235.86,16837.41,0.0
45971_363_0,13.15,47.33,15656.61,14484.32,0.0
45973_363_0,12.49,44.97,18914.39,13020.46,0.0
45977_363_0,9.92,35.72,16604.12,13890.86,0.0
45978_363_0,3.24,11.67,14262.45,10986.96,0.0
45982_363_0,25.66,92.36,22363.7,9754.14,0.0
45984_363_0,7.28,26.19,16439.7,11416.33,0.0
45985_363_0,25.95,93.43,11174.08,18323.28,0.0
45987_363_0,0.08,0.3,23348.18,4968.97,1.0
45988_363_0,7.64,27.5,24860.5,7270.06,0.0
45989_363_0,11.42,41.1,14177.76,15543.41,0.0
45997_363_0,15.94,57.38,10783.38,10711.29,0.0
45999_363_0,12.96,46.66,21982.55,17354.77,0.0
46000_363_0,6.17,22.2,17111.95,15982.77,0.0
46001_363_0,11.97,43.08,14898.8,17689.88,0.0
46006_363_0,6.61,23.79,13085.19,12848.31,0.0
46008_363_0,28.63,103.06,19627.5,10839.97,0.0
46012_363_0,16.92,60.91,12265.58,15790.35,0.0
46013_363_0,23.62,85.04,21102.72,15333.3,0.0
46014_363_0,13.85,49.86,20506.76,17989.46,0.0
46016_363_0,13.63,49.07,6444.23,14371.44,0.0
46018_363_0,0.07,0.26,20281.88,17383.44,2.0
46019_363_0,11.71,42.16,11300.24,24261.5,0.0
46021_363_0,11.31,40.71,13152.88,19534.96,0.0
46025_363_0,15.07,54.26,10815.65,17397.58,0.0
46028_363_0,14.55,52.37,14923.84,13508.91,0.0
46029_363_0,10.93,39.34,14065.23,15401.49,0.0
46030_363_0,13.05,47.0,11196.44,19072.41,0.0
46033_363_0,0.0,0.0,19398.5,17127.7,5.0
46036_363_0,8.52,30.67,11907.58,15542.41,0.0
46038_363_0,6.77,24.38,14307.91,16797.35,0.0
46039_363_0,20.06,72.2,14685.3,19062.14,0.0
46041_363_0,13.86,49.89,22045.26,9126.5,0.0
46042_363_0,19.31,69.52,11771.41,20913.48,0.0
46043_363_0,14.18,51.05,14464.24,14960.29,0.0
46046_363_0,14.34,51.63,19233.27,13918.89,0.0
46047_363_0,13.15,47.33,15226.12,13885.76,0.0
46048_363_0,10.24,36.85,14788.42,16587.07,0.0
46049_363_0,15.63,56.26,13687.51,13705.21,0.0
46052_363_0,14.74,53.06,14044.43,12821.06,0.0
46053_363_0,10.97,39.48,16983.53,5524.51,0.0
46057_363_0,0.02,0.09,14014.55,15860.54,2.0
46061_363_0,7.31,26.32,21521.54,13883.34,0.0
46062_363_0,8.38,30.18,5278.98,14302.49,0.0
46063_363_0,13.53,48.69,12919.28,20583.19,0.0
46067_363_0,13.04,46.94,10497.32,14966.18,0.0
46069_363_0,13.88,49.96,24085.53,5569.88,0.0
46073_363_0,14.03,50.52,16445.83,15071.36,0.0
46075_363_0,13.8,49.67,14290.43,18322.86,0.0
46076_363_0,0.75,2.71,10703.21,12123.72,0.0
46077_363_0,13.94,50.2,8557.25,14788.33,0.0
46082_363_0,0.0,0.0,10927.78,10374.47,6.0
46084_363_0,25.4,91.43,19671.47,15252.2,0.0
46087_363_0,8.22,29.58,12316.98,16884.21,0.0
46090_363_0,0.04,0.16,19549.74,17195.28,1.0
46093_363_0,23.13,83.28,11589.89,17190.1,0.0
46098_363_0,14.71,52.96,12819.7,12340.1,0.0
46099_363_0,0.0,0.01,20271.7,17380.2,4.0
46103_363_0,25.7,92.52,22781.79,9377.17,0.0
46106_363_0,2.65,9.53,14649.41,12230.08,0.0
46107_363_0,16.01,57.63,18044.65,10394.51,0.0
46113_363_0,0.04,0.14,15180.51,9230.96,1.0
46114_363_0,23.71,85.36,14662.75,6381.76,0.0
46121_363_0,0.0,0.0,13575.09,12482.09,10.0
46124_363_0,10.94,39.38,17101.86,12441.79,0.0
46126_363_0,13.58,48.91,12283.14,13330.04,0.0
46128_363_0,2.55,9.18,13698.92,12696.06,0.0
46129_363_0,12.98,46.72,17053.41,8185.13,0.0
46130_363_0,9.03,32.51,8936.24,22216.49,0.0
46131_363_0,15.41,55.49,17492.13,14029.95,0.0
46132_363_0,13.16,47.39,11828.76,22587.08,0.0
46135_363_0,23.21,83.56,23217.98,7968.44,0.0
46136_363_0,0.76,2.74,20749.39,8128.14,0.0
46138_363_0,6.76,24.35,16807.63,16482.02,0.0
46139_363_0,12.49,44.97,12122.24,22077.89,0.0
46140_363_0,12.83,46.2,12966.03,15008.9,0.0
46141_363_0,11.69,42.07,14819.89,17157.27,0.0
46145_363_0,13.8,49.69,22039.97,18174.25,0.0
46146_363_0,16.27,58.58,9302.52,20665.32,0.0
46149_363_0,13.07,47.05,14590.82,13847.02,0.0
46150_363_0,11.96,43.07,14365.2,4673.69,0.0
46153_363_0,12.71,45.77,12462.49,13614.63,0.0
46154_363_0,23.47,84.5,21631.84,10574.18,0.0
46155_363_0,12.18,43.86,5635.13,16166.57,0.0
46156_363_0,13.93,50.14,11622.93,5593.94,0.0
46157_363_0,5.31,19.12,17522.92,16784.73,0.0
46158_363_0,0.0,0.0,8724.43,17353.62,15.0
46161_363_0,0.0,0.0,14006.55,15978.89,4.0
46162_363_0,13.05,46.99,7347.2,18907.28,0.0
46166_363_0,0.0,0.0,20292.24,6616.27,8.0
46167_363_0,8.82,31.75,19819.31,17100.73,0.0
46168_363_0,10.88,39.17,11817.5,11018.54,0.0
46169_363_0,18.51,66.63,14716.71,19037.79,0.0
46170_363_0,7.62,27.42,19597.51,19711.72,0.0
46177_363_0,12.62,45.42,15291.35,18369.41,0.0
46178_363_0,0.03,0.13,18901.97,18879.79,1.0
46179_363_0,13.53,48.7,10054.27,15746.04,0.0
46180_363_0,14.21,51.15,13857.3,13035.28,0.0
46181_363_0,16.9,60.82,22209.35,7493.28,0.0
46182_363_0,19.86,71.49,21011.35,12163.2,0.0
46183_363_0,11.57,41.64,16178.28,11708.96,0.0
46187_363_0,12.75,45.9,12502.02,13630.39,0.0
46188_363_0,0.53,1.9,14432.15,8979.55,0.0
46190_363_0,12.99,46.76,13109.87,16160.55,0.0
46191_363_0,0.01,0.03,17523.26,17273.36,2.0
46194_363_0,14.59,52.53,16346.96,13854.44,0.0
46196_363_0,13.67,49.21,13772.52,13304.05,0.0
46199_363_0,12.36,44.51,13116.22,10333.25,0.0
46202_363_0,7.92,28.51,10944.22,13462.42,0.0
46206_363_0,14.17,51.01,16560.91,13701.8,0.0
46207_363_0,13.92,50.11,22224.85,16364.59,0.0
46209_363_0,16.01,57.65,14620.3,8451.96,0.0
46210_363_0,1.84,6.61,20748.68,8108.75,0.0
46211_363_0,36.52,131.45,15594.19,8949.32,0.0
46212_363_0,10.57,38.06,23896.58,10619.26,0.0
46215_363_0,10.78,38.8,14059.11,15178.49,0.0
46216_363_0,14.25,51.28,21064.98,9638.21,0.0
46218_363_0,13.08,47.08,23162.93,4044.29,0.0
46219_363_0,14.57,52.44,9426.05,20100.69,0.0
46226_363_0,12.62,45.44,22612.89,7314.19,0.0
46227_363_0,12.96,46.64,17454.88,14008.93,0.0
46228_363_0,17.46,62.85,16484.86,12718.69,0.0
46229_363_0,13.57,48.83,9224.63,12811.72,0.0
46231_363_0,0.67,2.41,12736.26,12387.48,0.0
46232_363_0,8.86,31.89,9514.02,25725.97,0.0
46233_363_0,9.65,34.73,15607.61,17308.29,0.0
46234_363_0,10.98,39.52,22642.59,6413.84,0.0
46235_363_0,0.0,0.0,11783.66,15626.18,11.0
46236_363_0,12.28,44.2,11066.37,16909.75,0.0
46237_363_0,10.17,36.6,9200.37,24572.83,0.0
46238_363_0,10.59,38.13,12380.63,10637.2,0.0
46239_363_0,25.09,90.33,17497.87,12502.73,0.0
46240_363_0,12.43,44.73,14877.2,6338.84,0.0
46241_363_0,10.11,36.39,8228.45,28151.28,0.0
46242_363_0,8.96,32.26,15353.41,14210.36,0.0
46244_363_0,11.3,40.68,17003.6,8444.48,0.0
46246_363_0,14.49,52.17,13684.21,13673.26,0.0
46249_363_0,6.48,23.31,12529.81,13784.25,0.0
46254_363_0,0.02,0.07,17206.36,10781.43,1.0
46258_363_0,15.45,55.61,18435.97,10078.38,0.0
46261_363_0,0.21,0.77,15702.58,13949.56,0.0
46265_363_0,19.96,71.86,17245.02,18744.55,0.0
46270_363_0,12.75,45.92,17394.49,19761.86,0.0
46273_363_0,13.5,48.61,13087.25,13832.19,0.0
46280_363_0,12.65,45.56,14007.88,12184.75,0.0
46281_363_0,11.47,41.3,17760.32,16128.55,0.0
46283_363_0,1.23,4.41,9048.53,19930.54,0.0
46284_363_0,13.1,47.18,20973.09,17614.56,0.0
46286_363_0,17.41,62.68,19400.54,15363.59,0.0
46288_363_0,15.54,55.95,16426.82,8497.11,0.0
46290_363_0,11.61,41.79,12946.33,11206.49,0.0
46291_363_0,12.76,45.94,16699.76,14752.01,0.0
46293_363_0,2.66,9.59,9076.23,23616.99,0.0
46298_363_0,14.13,50.85,11870.04,22522.68,0.0
46301_363_0,0.0,0.0,21183.96,10321.78,17.0
46302_363_0,14.56,52.42,5712.59,14019.32,0.0
46305_363_0,11.92,42.9,14878.58,9222.25,0.0
46307_363_0,21.05,75.77,11827.21,14555.96,0.0
46309_363_0,13.83,49.79,10581.48,14675.49,0.0
46312_363_0,13.05,46.99,13339.14,18224.69,0.0
46316_363_0,0.0,0.0,12783.54,13307.27,13.0
46318_363_0,5.34,19.22,17683.83,16286.62,0.0
46321_363_0,0.0,0.0,15678.24,8451.09,27.0
46322_363_0,0.0,0.0,6429.59,14273.42,3.0
46323_363_0,12.28,44.21,13568.73,6670.82,0.0
46324_363_0,12.23,44.04,11064.99,15250.73,0.0
46329_363_0,16.62,59.82,21475.05,10059.02,0.0
46331_363_0,0.02,0.07,17711.43,16254.5,1.0
46333_363_0,12.81,46.13,14217.64,13819.07,0.0
46334_363_0,10.8,38.87,20115.89,16704.07,0.0
46335_363_0,11.41,41.09,12188.2,12212.67,0.0
46336_363_0,13.7,49.33,14385.44,13960.22,0.0
46337_363_0,7.62,27.44,17887.37,17930.16,0.0
46339_363_0,12.61,45.4,13968.93,16205.45,0.0
46340_363_0,10.71,38.57,14160.46,13114.47,0.0
46343_363_0,13.39,48.21,11518.98,13967.04,0.0
46346_363_0,0.21,0.77,13610.91,12507.17,0.0
46348_363_0,0.62,2.22,14927.61,5836.88,0.0
46356_363_0,5.95,21.41,13699.1,13550.47,0.0
46357_363_0,14.14,50.91,13466.41,15189.96,0.0
46360_363_0,8.1,29.15,21642.14,16999.55,0.0
46364_363_0,11.68,42.05,12777.76,13359.78,0.0
46365_363_0,22.15,79.73,21856.24,10198.34,0.0
46368_363_0,11.77,42.37,15078.66,16168.22,0.0
46371_363_0,23.85,85.87,21479.72,10399.88,0.0
46374_363_0,13.0,46.81,6566.41,15409.74,0.0
46378_363_0,6.63,23.86,12921.27,13853.9,0.0
46380_363_0,13.04,46.94,21900.89,12407.35,0.0
46381_363_0,7.35,26.47,14229.26,12731.67,0.0
46383_363_0,12.34,44.42,15936.8,12002.97,0.0
46385_363_0,9.63,34.67,17885.06,4381.38,0.0
46388_363_0,0.0,0.0,11827.62,14642.28,28.0
46390_363_0,4.47,16.11,12698.96,12877.75,0.0
46391_363_0,0.0,0.0,19369.6,17146.85,9.0
46392_363_0,11.06,39.82,8378.39,16529.38,0.0
46393_363_0,10.77,38.76,17978.83,17756.58,0.0
46394_363_0,14.62,52.62,14511.31,11250.64,0.0
46398_363_0,12.01,43.24,6987.22,14229.22,0.0
46399_363_0,5.73,20.62,16080.34,8395.65,0.0
46400_363_0,0.0,0.0,15271.7,14223.47,27.0
46403_363_0,2.36,8.48,13735.0,16982.44,0.0
46404_363_0,10.76,38.73,17868.29,4379.84,0.0
46406_363_0,6.9,24.84,11650.01,15738.22,0.0
46407_363_0,11.37,40.94,12982.01,13763.44,0.0
46408_363_0,10.64,38.29,17083.6,13942.06,0.0
46410_363_0,28.03,100.92,6548.17,17743.83,0.0
46413_363_0,10.9,39.23,15098.09,18522.03,0.0
46414_363_0,13.48,48.53,12706.89,13989.85,0.0
46415_363_0,11.49,41.37,13088.56,11087.86,0.0
46416_363_0,19.3,69.46,21537.43,10805.28,0.0
46417_363_0,16.71,60.14,18355.34,20112.97,0.0
46418_363_0,0.0,0.0,19913.0,5874.03,12.0
46419_363_0,14.66,52.79,12982.33,14889.25,0.0
46420_363_0,8.59,30.94,23279.25,12647.41,0.0
46421_363_0,14.37,51.72,13819.4,12694.04,0.0
46422_363_0,22.78,82.0,17319.75,14982.84,0.0
46424_363_0,0.0,0.0,21972.96,7503.77,6.0
46425_363_0,13.25,47.71,14417.25,15756.23,0.0
46426_363_0,7.46,26.85,21676.39,10540.39,0.0
46427_363_0,4.42,15.93,13750.09,14813.26,0.0
46429_363_0,13.83,49.79,14908.46,13618.28,0.0
46431_363_0,14.11,50.8,15334.42,16344.27,0.0
46432_363_0,12.9,46.45,7206.73,13495.22,0.0
46433_363_0,14.78,53.22,8012.47,19755.73,0.0
46434_363_0,11.65,41.92,13684.7,12660.85,0.0
46436_363_0,9.71,34.97,13830.25,23618.77,0.0
46437_363_0,5.53,19.92,16363.86,8914.64,0.0
46438_363_0,0.16,0.57,12870.31,13130.64,0.0
46439_363_0,8.92,32.12,14646.28,17851.27,0.0
46440_363_0,28.14,101.32,17158.68,10903.96,0.0
46442_363_0,10.87,39.13,9708.77,12796.13,0.0
46444_363_0,14.26,51.33,12588.15,10771.83,0.0
46445_363_0,6.36,22.88,17058.3,13403.91,0.0
46447_363_0,0.0,0.0,12708.73,13705.57,4.0
46451_363_0,14.21,51.14,6765.54,13462.99,0.0
46452_363_0,5.4,19.45,17542.56,17422.37,0.0
46453_363_0,12.95,46.63,12777.85,14408.43,0.0
46454_363_0,12.43,44.74,5027.09,15305.73,0.0
46457_363_0,12.76,45.93,6422.31,14260.36,0.0
46458_363_0,0.17,0.61,10926.37,10376.41,0.0
46459_363_0,12.84,46.23,13874.98,16412.88,0.0
46461_363_0,12.95,46.62,15750.22,13934.16,0.0
46462_363_0,15.99,57.57,21246.26,10525.23,0.0
46464_363_0,15.68,56.45,13670.06,14589.99,0.0
46467_363_0,14.26,51.34,13970.04,12766.47,0.0
46468_363_0,20.96,75.45,15752.37,8372.43,0.0
46472_363_0,16.16,58.17,6880.59,18573.33,0.0
46473_363_0,16.38,58.98,14334.69,10554.74,0.0
46474_363_0,1.31,4.71,13948.82,12109.93,0.0
46476_363_0,8.91,32.08,9258.09,23686.07,0.0
46477_363_0,12.97,46.7,11628.98,20476.54,0.0
46478_363_0,8.36,30.09,13705.94,14797.65,0.0
46481_363_0,12.66,45.57,9925.91,20404.88,0.0
46482_363_0,9.02,32.47,18525.23,17780.23,0.0
46483_363_0,1.35,4.85,21123.34,17853.72,0.0
46484_363_0,11.77,42.36,9540.87,21405.98,0.0
46489_363_0,0.0,0.0,21526.38,9279.42,12.0
46491_363_0,12.76,45.92,13455.32,11513.78,0.0
46493_363_0,15.51,55.85,10671.52,16876.32,0.0
46494_363_0,11.81,42.51,16737.16,6597.25,0.0
46495_363_0,15.39,55.42,22803.44,6945.3,0.0
46496_363_0,10.47,37.7,17122.63,14896.05,0.0
46497_363_0,13.2,47.52,16566.05,13526.38,0.0
46498_363_0,12.66,45.58,10707.41,12693.1,0.0
46500_363_0,14.74,53.05,18953.94,16332.2,0.0
46501_363_0,15.01,54.05,15367.86,17959.61,0.0
46502_363_0,15.69,56.5,15066.0,9079.14,0.0
46504_363_0,1.88,6.75,21160.36,10353.55,0.0
46506_363_0,31.44,113.19,15478.29,25209.11,0.0
46507_363_0,13.83,49.78,12908.47,13744.85,0.0
46508_363_0,16.76,60.34,15126.27,16101.02,0.0
46509_363_0,11.37,40.94,10657.65,12795.85,0.0
46510_363_0,23.19,83.48,23536.26,5524.14,0.0
46513_363_0,6.83,24.58,12042.7,12675.51,0.0
46514_363_0,19.51,70.23,21227.43,10448.39,0.0
46515_363_0,0.0,0.0,13098.69,12857.61,4.0
46519_363_0,6.58,23.71,10110.58,16308.12,0.0
46522_363_0,29.58,106.51,11105.27,18460.0,0.0
46523_363_0,15.72,56.58,9552.56,22615.1,0.0
46524_363_0,14.08,50.7,19012.45,18990.46,0.0
46527_363_0,14.19,51.07,14204.16,15543.68,0.0
46530_363_0,13.88,49.97,14908.68,13643.72,0.0
46531_363_0,13.78,49.62,12327.47,11585.98,0.0
46532_363_0,14.79,53.23,19231.08,19643.27,0.0
46536_363_0,13.95,50.22,12341.34,15680.0,0.0
46537_363_0,11.36,40.9,12378.71,15417.5,0.0
46538_363_0,13.2,47.52,23085.99,14833.96,0.0
46542_363_0,14.27,51.36,6864.59,15788.28,0.0
46543_363_0,9.64,34.7,12367.77,13568.05,0.0
46545_363_0,11.01,39.63,21198.43,10086.47,0.0
46547_363_0,8.06,29.03,8579.01,15359.87,0.0
46549_363_0,0.96,3.44,8566.05,21741.62,0.0
46550_363_0,0.0,0.0,12847.57,13728.07,5.0
46553_363_0,11.22,40.39,15340.74,17841.64,0.0
46557_363_0,13.82,49.76,11417.32,12542.26,0.0
46559_363_0,11.14,40.1,16486.23,14416.28,0.0
46570_363_0,29.99,107.95,17285.5,10977.73,0.0
46573_363_0,0.34,1.24,10961.76,10339.14,0.0
46574_363_0,8.6,30.96,22610.28,14917.6,0.0
46575_363_0,14.87,53.53,10443.82,15729.66,0.0
46576_363_0,0.0,0.0,11753.28,14335.52,13.0
46578_363_0,6.33,22.78,16365.1,9165.82,0.0
46581_363_0,11.49,41.38,5419.41,16397.81,0.0
46582_363_0,7.35,26.45,12165.97,22003.32,0.0
46583_363_0,29.36,105.69,19409.86,16359.53,0.0
46585_363_0,7.71,27.75,5528.33,17495.71,0.0
46588_363_0,4.13,14.86,10717.4,14329.64,0.0
46589_363_0,27.34,98.42,20791.03,12926.27,0.0
46591_363_0,22.75,81.91,9789.97,22946.03,0.0
46593_363_0,12.21,43.95,12498.36,11208.12,0.0
46597_363_0,25.33,91.19,20556.84,10482.51,0.0
46598_363_0,3.92,14.1,13707.85,13757.98,0.0
46605_363_0,13.2,47.53,10525.08,11974.15,0.0
46609_363_0,6.46,23.27,12702.89,12877.57,0.0
46610_363_0,0.0,0.0,10891.29,14915.59,14.0
46614_363_0,13.52,48.68,13681.46,13562.31,0.0
46616_363_0,0.04,0.14,13390.12,13805.28,1.0
46620_363_0,14.14,50.91,7272.97,19544.99,0.0
46622_363_0,8.72,31.38,12243.64,14198.07,0.0
46624_363_0,13.88,49.97,20075.35,14289.95,0.0
46626_363_0,17.71,63.76,8233.53,19150.68,0.0
46627_363_0,0.03,0.1,10930.99,10375.67,2.0
46631_363_0,13.57,48.84,14018.67,15624.31,0.0
46632_363_0,9.32,33.55,6784.07,14259.2,0.0
46633_363_0,0.0,0.0,19459.79,17168.78,21.0
46634_363_0,14.98,53.94,12252.15,12172.65,0.0
46639_363_0,27.12,97.64,11241.42,18163.97,0.0
46641_363_0,8.15,29.35,20117.3,16267.19,0.0
46643_363_0,9.6,34.56,22906.91,17130.57,0.0
46644_363_0,9.74,35.06,13500.71,12205.61,0.0
46645_363_0,18.3,65.89,15633.72,15491.81,0.0
46646_363_0,14.45,52.01,12040.86,13954.67,0.0
46648_363_0,5.74,20.65,19401.0,17124.27,0.0
46652_363_0,11.7,42.11,10067.22,20652.98,0.0
46653_363_0,14.29,51.44,17335.6,12781.34,0.0
46656_363_0,11.96,43.06,13684.68,15457.29,0.0
46657_363_0,25.04,90.13,22421.36,9699.18,0.0
46658_363_0,11.76,42.35,13332.07,12715.54,0.0
46659_363_0,13.98,50.33,13243.59,17219.84,0.0
46665_363_0,1.44,5.18,11591.22,13975.06,0.0
46667_363_0,14.8,53.27,18392.73,15233.26,0.0
46668_363_0,1.71,6.16,17428.37,16832.5,0.0
46670_363_0,0.0,0.0,19884.9,17286.19,9.0
46671_363_0,14.6,52.54,10665.39,14019.25,0.0
46672_363_0,23.92,86.12,22488.09,9645.05,0.0
46673_363_0,11.36,40.88,6344.97,14270.99,0.0
46675_363_0,9.32,33.54,12367.56,18029.96,0.0
46678_363_0,7.53,27.11,8683.52,15341.53,0.0
46679_363_0,14.36,51.69,12041.73,14456.13,0.0
46682_363_0,12.56,45.23,16243.82,14826.26,0.0
46683_363_0,14.16,50.99,18693.03,15262.47,0.0
46685_363_0,10.84,39.01,12346.97,15677.1,0.0
46686_363_0,12.22,44.01,12402.71,15215.82,0.0
46687_363_0,12.24,44.08,12276.05,13625.33,0.0
46688_363_0,13.73,49.44,11671.94,13856.05,0.0
46690_363_0,1.75,6.29,12525.71,11942.18,0.0
46691_363_0,2.1,7.58,17863.33,14125.89,0.0
46692_363_0,26.97,97.08,18957.87,11322.59,0.0
46693_363_0,6.62,23.85,9770.46,21311.97,0.0
46694_363_0,7.9,28.45,12732.97,12370.7,0.0
46697_363_0,12.73,45.82,13629.72,18045.46,0.0
46698_363_0,0.07,0.25,19814.25,17196.91,1.0
46699_363_0,25.62,92.22,10574.08,19312.9,0.0
46700_363_0,7.45,26.81,11814.26,13336.99,0.0
46701_363_0,12.42,44.72,13303.98,17951.57,0.0
46704_363_0,54.57,196.47,6507.34,24287.46,0.0
46705_363_0,13.16,47.39,15009.01,18077.69,0.0
46706_363_0,0.88,3.18,15867.99,14721.7,0.0
46707_363_0,7.82,28.16,20285.3,20440.25,0.0
46708_363_0,12.37,44.52,9952.42,14163.74,0.0
46709_363_0,27.66,99.58,23023.67,9118.63,0.0
46710_363_0,0.0,0.0,17723.71,10526.9,3.0
46713_363_0,11.76,42.34,13434.74,13226.52,0.0
46716_363_0,6.8,24.47,9127.63,16120.61,0.0
46717_363_0,0.0,0.0,20293.14,6648.58,16.0
46718_363_0,6.97,25.1,19548.28,17187.97,0.0
46720_363_0,13.5,48.58,20003.15,12969.32,0.0
46721_363_0,0.0,0.0,12837.16,13114.52,14.0
46726_363_0,8.92,32.13,13969.0,16032.93,0.0
46727_363_0,0.0,0.0,13919.58,12268.48,5.0
46730_363_0,1.63,5.87,15845.04,17447.67,0.0
46732_363_0,10.47,37.69,12267.11,11350.39,0.0
46734_363_0,10.23,36.81,9703.81,14101.14,0.0
46736_363_0,10.56,38.01,12002.16,16359.01,0.0
46738_363_0,0.0,0.01,20294.55,6605.02,3.0
46739_363_0,16.35,58.84,5870.6,25627.39,0.0
46740_363_0,28.4,102.25,15088.6,8436.67,0.0
46744_363_0,0.0,0.01,13616.18,9855.38,1.0
46745_363_0,12.41,44.69,20745.65,7986.32,0.0
46746_363_0,0.0,0.0,13350.51,18281.84,12.0
46748_363_0,7.78,28.01,17114.49,15263.73,0.0
46750_363_0,11.56,41.63,9901.58,14066.09,0.0
46751_363_0,0.0,0.0,12046.58,12674.72,7.0
46755_363_0,26.89,96.79,22474.22,11722.37,0.0
46756_363_0,12.47,44.88,9817.38,23920.29,0.0
46757_363_0,12.8,46.07,8713.19,19771.54,0.0
46760_363_0,9.16,32.97,12387.95,15230.91,0.0
46764_363_0,11.33,40.78,5459.0,14302.02,0.0
46772_363_0,13.51,48.64,14609.79,18848.02,0.0
46774_363_0,22.3,80.3,14795.55,15979.25,0.0
46777_363_0,10.58,38.09,16383.52,13856.44,0.0
46780_363_0,7.77,27.99,14159.53,17460.8,0.0
46782_363_0,32.33,116.37,21549.66,10367.33,0.0
46784_363_0,6.7,24.12,12901.4,15006.01,0.0
46785_363_0,13.83,49.78,13426.68,13789.68,0.0
46787_364_0,11.66,41.97,13770.68,17406.3,0.0
46791_364_0,25.86,93.11,20499.31,13336.01,0.0
46794_364_0,17.77,63.97,14597.98,15861.32,0.0
46795_364_0,11.47,41.28,24606.1,4615.46,0.0
46800_364_0,12.77,45.98,12291.26,12140.99,0.0
46802_364_0,12.06,43.41,9604.13,14305.34,0.0
46805_364_0,11.92,42.9,16716.87,13053.96,0.0
46808_364_0,0.0,0.0,13322.76,18011.31,20.0
46812_364_0,0.0,0.0,11674.05,15708.79,15.0
46814_364_0,29.64,106.71,9416.55,20695.06,0.0
46819_364_0,12.09,43.54,12328.86,16955.49,0.0
46822_364_0,3.95,14.21,12245.94,14347.56,0.0
46823_364_0,0.0,0.0,13341.87,12899.68,3.0
46824_364_0,12.33,44.4,13664.29,13964.3,0.0
46827_364_0,9.69,34.88,14905.54,13852.61,0.0
46839_364_0,0.0,0.0,13096.52,12855.12,5.0
46840_364_0,10.47,37.71,15948.01,14748.68,0.0
46842_364_0,13.92,50.12,18679.89,17884.93,0.0
46843_364_0,13.64,49.11,20125.27,12394.16,0.0
46844_364_0,17.02,61.29,14854.29,16018.61,0.0
46847_364_0,11.97,43.09,20900.75,18426.08,0.0
46850_364_0,12.94,46.58,9021.11,13572.85,0.0
46851_364_0,8.04,28.96,17448.06,14885.38,0.0
46852_364_0,10.62,38.22,13750.01,14816.58,0.0
46853_364_0,9.84,35.42,13220.68,12738.83,0.0
46854_364_0,12.38,44.58,12338.59,13567.75,0.0
46855_364_0,0.02,0.07,17169.34,15961.24,2.0
46856_364_0,0.0,0.0,17524.8,16791.98,22.0
46857_364_0,7.25,26.09,13867.83,12375.77,0.0
46858_364_0,13.28,47.82,12627.17,17307.37,0.0
46860_364_0,19.32,69.54,12214.88,15205.47,0.0
46861_364_0,26.85,96.65,19313.48,11045.42,0.0
46863_364_0,0.0,0.0,20750.91,8246.06,6.0
46865_364_0,11.19,40.29,13282.03,18672.04,0.0
46867_364_0,13.36,48.1,14895.44,17232.2,0.0
46869_364_0,1.24,4.47,8554.94,21972.13,0.0
46871_364_0,6.0,21.6,15300.98,16121.82,0.0
46872_364_0,28.71,103.37,11352.21,17887.51,0.0
46873_364_0,0.0,0.0,15185.85,13347.17,13.0
46875_364_0,11.64,41.91,10064.06,17461.21,0.0
46878_364_0,12.32,44.37,21826.64,17041.92,0.0
46880_364_0,10.25,36.89,16559.27,7625.38,0.0
46888_364_0,11.29,40.65,11470.75,12560.14,0.0
46889_364_0,10.82,38.97,22017.57,9245.57,0.0
46893_364_0,11.63,41.86,20773.3,7538.87,0.0
46894_364_0,0.63,2.27,14068.25,14811.67,0.0
46896_364_0,17.94,64.59,20160.26,15571.24,0.0
46898_364_0,12.72,45.78,10196.4,23846.5,0.0
46899_364_0,18.32,65.96,18837.98,15320.84,0.0
46900_364_0,27.22,98.0,15386.01,15785.45,0.0
46901_364_0,16.22,58.39,11671.14,13787.4,0.0
46903_364_0,0.83,2.98,10055.92,12823.71,0.0
46904_364_0,13.71,49.37,15595.33,12359.19,0.0
46906_364_0,0.0,0.0,11688.25,13627.75,11.0
46907_364_0,14.03,50.51,20350.0,16440.74,0.0
46909_364_0,0.12,0.42,14103.69,16511.23,0.0
46911_364_0,11.58,41.67,12721.28,15741.73,0.0
46913_364_0,8.18,29.45,9680.58,14629.15,0.0
46914_364_0,10.88,39.18,19708.44,17233.03,0.0
46915_364_0,11.6,41.76,14109.18,13223.2,0.0
46920_364_0,9.98,35.91,12379.23,15554.78,0.0
46922_364_0,9.17,33.01,13056.19,10391.85,0.0
46923_364_0,10.72,38.58,14101.8,15374.78,0.0
46924_364_0,8.42,30.31,13746.05,18518.09,0.0
46925_364_0,0.01,0.03,13476.18,12176.11,3.0
46927_364_0,9.63,34.67,17270.86,15925.12,0.0
46929_364_0,5.35,19.28,20438.93,11959.93,0.0
46931_364_0,13.72,49.39,7062.26,28782.92,0.0
46932_364_0,11.94,42.98,12472.3,13622.17,0.0
46933_364_0,13.11,47.21,10976.73,14012.13,0.0
46935_364_0,13.52,48.67,14156.07,24406.12,0.0
46938_364_0,12.41,44.68,23556.96,11600.38,0.0
46942_364_0,10.54,37.96,14340.71,14523.45,0.0
46945_364_0,4.26,15.35,8531.67,21814.84,0.0
46950_364_0,6.69,24.09,8004.32,21182.15,0.0
46952_364_0,14.09,50.74,13801.88,12375.41,0.0
46957_364_0,17.71,63.77,10088.86,20015.41,0.0
46958_364_0,0.0,0.0,13977.21,16002.32,6.0
46963_364_0,13.53,48.69,20997.54,16360.34,0.0
46968_364_0,24.28,87.42,23498.27,5976.21,0.0
46969_364_0,2.9,10.45,16820.09,20718.94,0.0
46972_364_0,8.51,30.63,12290.51,16886.96,0.0
46973_364_0,0.0,0.0,21261.15,10242.36,10.0
46975_364_0,20.88,75.17,17776.74,12440.06,0.0
46976_364_0,25.52,91.87,10602.43,19303.09,0.0
46980_364_0,14.55,52.4,11227.81,15552.23,0.0
46981_364_0,12.2,43.92,13531.95,16054.98,0.0
46982_364_0,15.5,55.81,6259.5,12933.8,0.0
46983_364_0,11.77,42.39,11086.26,21153.21,0.0
46984_364_0,19.75,71.11,11168.35,10069.05,0.0
46985_364_0,19.54,70.33,10786.77,10559.74,0.0
46988_364_0,18.48,66.52,8815.44,20376.57,0.0
46994_364_0,7.76,27.94,21196.59,16903.62,0.0
46995_364_0,0.0,0.0,19879.78,17284.76,10.0
46996_364_0,9.41,33.88,12267.6,7381.5,0.0
46999_364_0,15.15,54.53,12439.39,15503.79,0.0
47001_364_0,11.71,42.16,11384.56,24360.41,0.0
47002_364_0,2.97,10.69,19824.41,17277.66,0.0
47007_364_0,11.81,42.53,15400.81,13685.18,0.0
47009_364_0,0.0,0.0,13463.09,12112.2,16.0
47011_364_0,13.89,50.01,12389.9,14638.14,0.0
47012_364_0,13.18,47.45,20567.83,17440.43,0.0
47016_364_0,12.97,46.7,13491.9,18282.74,0.0
47021_364_0,11.84,42.62,17732.87,16055.41,0.0
47022_364_0,13.42,48.33,7737.64,15631.27,0.0
47023_364_0,11.47,41.31,16555.44,13886.94,0.0
47024_364_0,13.09,47.12,15641.5,13131.3,0.0
47028_364_0,14.64,52.69,8713.06,18818.54,0.0
47029_364_0,0.0,0.0,20292.64,6621.65,9.0
47031_364_0,0.0,0.0,7360.3,14207.2,7.0
47033_364_0,14.69,52.88,11368.38,15915.39,0.0
47034_364_0,7.98,28.74,5153.88,14052.61,0.0
47038_364_0,4.34,15.61,15112.96,14607.24,0.0
47039_364_0,7.57,27.24,20551.47,15843.83,0.0
47043_364_0,7.33,26.4,15316.13,6422.55,0.0
47044_364_0,10.78,38.82,13071.01,17550.29,0.0
47045_364_0,18.88,67.97,16779.59,12533.2,0.0
47046_364_0,13.02,46.88,13624.05,12571.96,0.0
47047_364_0,11.88,42.76,9907.54,12955.21,0.0
47048_364_0,16.49,59.36,18295.14,15265.41,0.0
47049_364_0,8.87,31.92,13593.38,14810.98,0.0
47051_364_0,11.5,41.41,20791.52,7558.46,0.0
47052_364_0,8.85,31.87,13396.8,13852.71,0.0
47059_364_0,11.89,42.81,9807.05,14276.43,0.0
47067_364_0,0.0,0.0,17566.93,17414.08,0.0
47070_364_0,13.86,49.91,15135.0,10897.03,0.0
47074_364_0,0.0,0.0,11748.79,14331.67,24.0
47076_364_0,0.01,0.03,19900.35,17290.54,3.0
47077_364_0,21.68,78.06,12036.21,16321.97,0.0
47078_364_0,0.03,0.11,13607.83,12508.36,1.0
47079_364_0,12.25,44.09,12745.25,15794.57,0.0
47084_364_0,0.0,0.0,13068.85,14307.65,3.0
47087_364_0,15.24,54.85,13406.37,23253.96,0.0
47094_364_0,5.54,19.95,11656.59,15734.19,0.0
47096_364_0,12.57,45.25,8488.15,21455.86,0.0
47097_364_0,27.76,99.94,19651.91,15209.73,0.0
47099_364_0,14.42,51.91,15013.94,13287.98,0.0
47100_364_0,15.27,54.96,21977.39,8776.0,0.0
47101_364_0,6.59,23.74,19147.99,5101.93,0.0
47102_364_0,13.98,50.32,11581.16,18473.96,0.0
47106_364_0,11.96,43.05,9925.64,12174.36,0.0
47107_364_0,11.46,41.26,16112.92,11815.54,0.0
47109_364_0,13.38,48.16,5038.69,16604.26,0.0
47110_364_0,6.51,23.44,17420.35,14702.02,0.0
47120_364_0,10.34,37.22,17148.53,16698.68,0.0
47122_364_0,11.2,40.34,17056.7,15952.44,0.0
47123_364_0,12.82,46.17,22375.58,9930.84,0.0
47124_364_0,25.99,93.57,11317.76,17958.88,0.0
47127_364_0,0.0,0.0,17496.65,17167.81,5.0
47130_364_0,11.05,39.8,7248.39,18537.26,0.0
47131_364_0,14.26,51.34,14890.14,17423.26,0.0
47132_364_0,11.54,41.54,14226.46,11363.94,0.0
47133_364_0,12.26,44.15,14910.82,13864.58,0.0
47134_364_0,12.69,45.67,8774.08,14172.9,0.0
47136_364_0,7.75,27.9,12773.17,11294.92,0.0
47137_364_0,13.72,49.38,7700.13,17063.51,0.0
47142_364_0,12.5,45.02,11920.08,22211.72,0.0
47148_364_0,15.58,56.08,23677.77,15124.81,0.0
47150_364_0,0.03,0.13,14924.75,18082.96,2.0
47152_364_0,12.47,44.88,12856.85,14708.22,0.0
47153_364_0,13.45,48.43,13045.23,12524.27,0.0
47157_364_0,1.64,5.92,14922.85,18065.36,0.0
47159_364_0,0.0,0.0,22691.99,11623.59,0.0
47161_364_0,2.04,7.34,12249.9,15301.59,0.0
47163_364_0,2.98,10.72,13186.02,12778.72,0.0
47164_364_0,12.25,44.1,16269.73,17282.83,0.0
47168_364_0,28.69,103.28,11884.77,16747.49,0.0
47172_364_0,10.26,36.93,13599.04,18176.22,0.0
47174_364_0,11.28,40.61,6626.46,14388.72,0.0
47176_364_0,6.68,24.06,9833.6,23377.98,0.0
47179_364_0,10.46,37.65,13690.5,13595.28,0.0
47180_364_0,15.85,57.07,14085.85,16384.48,0.0
47184_364_0,14.82,53.36,15091.25,18092.96,0.0
47186_364_0,0.0,0.0,16918.21,20696.06,15.0
47190_364_0,13.38,48.16,23712.12,14902.86,0.0
47191_364_0,4.12,14.82,17127.16,15977.04,0.0
47193_364_0,17.26,62.13,11350.89,19888.32,0.0
47194_364_0,13.22,47.58,13937.88,16133.63,0.0
47199_364_0,13.19,47.49,12628.27,13279.89,0.0
47200_364_0,0.03,0.12,22692.73,14699.83,1.0
47202_364_0,1.33,4.8,11747.73,15657.23,0.0
47203_364_0,13.33,47.99,18961.85,14764.27,0.0
47206_364_0,1.1,3.96,13971.62,16023.15,0.0
47209_364_0,10.7,38.53,21030.77,7657.12,0.0
47211_364_0,12.31,44.31,17402.55,4024.63,0.0
47212_364_0,12.69,45.67,10758.04,7404.46,0.0
47213_364_0,0.01,0.04,13763.49,12783.87,2.0
47214_364_0,15.46,55.65,10906.77,13513.98,0.0
47215_364_0,0.0,0.0,10218.31,16225.15,5.0
47216_364_0,12.91,46.46,8880.36,15275.48,0.0
47217_364_0,12.22,43.99,12968.94,17488.15,0.0
47219_364_0,12.31,44.31,18798.84,5047.2,0.0
47220_364_0,0.0,0.0,11964.18,16499.28,6.0
47224_364_0,13.64,49.09,14251.12,13830.9,0.0
47228_364_0,1.97,7.11,20728.28,7717.57,0.0
47230_364_0,33.29,119.83,15426.54,8756.33,0.0
47232_364_0,10.99,39.57,14474.37,18532.67,0.0
47234_364_0,0.0,0.0,11726.35,15664.64,56.0
47235_364_0,9.27,33.36,17960.02,17726.47,0.0
47239_364_0,13.19,47.47,12518.92,18416.31,0.0
47240_364_0,2.29,8.25,13845.23,10258.88,0.0
47244_364_0,24.65,88.74,11376.44,17811.52,0.0
47245_364_0,12.32,44.37,10997.64,21798.53,0.0
47246_364_0,10.73,38.64,10654.26,13418.87,0.0
47249_364_0,10.61,38.21,13258.15,11647.6,0.0
47250_364_0,7.21,25.94,18475.69,13275.35,0.0
47251_364_0,25.21,90.74,6578.33,17549.96,0.0
47252_364_0,0.0,0.01,11780.94,13346.95,3.0
47253_364_0,1.66,5.97,18858.89,18831.12,0.0
47254_364_0,0.0,0.0,19758.95,20400.73,7.0
47256_364_0,7.1,25.56,11342.25,14773.17,0.0
47259_364_0,11.35,40.87,20415.61,20662.0,0.0
47263_364_0,22.7,81.7,9552.79,20678.18,0.0
47265_364_0,4.86,17.5,20645.51,8359.13,0.0
47266_364_0,6.99,25.16,12229.12,13612.17,0.0
47267_364_0,11.85,42.66,20738.42,17463.61,0.0
47268_364_0,14.42,51.92,17584.53,18291.46,0.0
47271_364_0,2.73,9.81,9647.52,24752.26,0.0
47272_364_0,3.25,11.71,18929.03,18910.37,0.0
47273_364_0,0.4,1.42,17578.99,17303.62,0.0
47276_364_0,12.45,44.83,17030.48,15897.5,0.0
47280_364_0,12.32,44.33,11882.51,16443.3,0.0
47283_364_0,13.05,46.96,9099.9,17081.8,0.0
47284_364_0,16.35,58.87,12695.17,13829.32,0.0
47286_364_0,13.62,49.04,17999.71,17771.31,0.0
47289_364_0,7.04,25.33,15074.55,16142.29,0.0
47291_364_0,54.61,196.61,6510.97,24276.33,0.0
47295_364_0,12.33,44.39,16512.55,11499.53,0.0
47297_364_0,12.43,44.76,13072.78,17591.84,0.0
47304_364_0,13.0,46.8,22624.88,7535.9,0.0
47306_364_0,10.96,39.44,15019.52,16977.42,0.0
47312_364_0,12.31,44.31,13371.95,12684.27,0.0
47313_364_0,6.81,24.5,13263.02,13192.63,0.0
47314_364_0,9.45,34.01,20275.38,16831.96,0.0
47318_364_0,9.98,35.93,12994.26,20145.91,0.0
47323_364_0,14.31,51.51,15247.9,18246.25,0.0
47325_364_0,24.17,87.0,19016.71,11244.97,0.0
47326_364_0,11.8,42.46,9367.89,14101.01,0.0
47328_364_0,12.07,43.44,13696.3,12676.85,0.0
47329_364_0,14.73,53.04,18952.52,11650.97,0.0
47332_364_0,14.34,51.62,9706.06,16608.02,0.0
47333_364_0,8.51,30.63,21480.17,11912.97,0.0
47334_364_0,17.27,62.16,10297.87,22942.67,0.0
47337_364_0,11.18,40.25,12553.73,13108.26,0.0
47339_364_0,27.2,97.91,21540.79,10892.3,0.0
47340_364_0,26.32,94.74,20540.73,13330.89,0.0
47341_364_0,8.12,29.23,13520.92,18523.23,0.0
47342_364_0,10.43,37.54,18043.85,15063.38,0.0
47345_364_0,14.4,51.83,12072.87,13951.95,0.0
47348_364_0,7.71,27.74,12688.91,13493.29,0.0
47350_364_0,8.48,30.53,14860.69,10369.33,0.0
47354_364_0,5.54,19.93,11852.55,11309.32,0.0
47359_364_0,8.19,29.5,12691.02,13251.45,0.0
47361_364_0,2.15,7.73,13113.62,19302.41,0.0
47362_364_0,12.79,46.04,17274.59,13975.47,0.0
47365_364_0,13.75,49.51,19629.53,17217.43,0.0
47367_364_0,0.0,0.0,11311.39,17673.52,9.0
47368_364_0,0.0,0.0,12090.35,15402.79,15.0
47369_364_0,11.56,41.6,17749.55,7649.56,0.0
47370_364_0,13.01,46.82,8778.89,19804.95,0.0
47371_364_0,13.81,49.73,14253.68,11791.81,0.0
47372_364_0,2.4,8.65,17452.49,16810.29,0.0
47373_364_0,11.08,39.88,10255.72,17412.95,0.0
47374_364_0,8.11,29.2,20479.63,14419.9,0.0
47375_364_0,9.81,35.31,15519.36,14232.39,0.0
47376_364_0,2.9,10.46,17021.74,10974.19,0.0
47377_364_0,0.68,2.44,20749.05,8115.19,0.0
47378_364_0,12.38,44.56,19476.78,17162.0,0.0
47379_364_0,13.74,49.47,17436.51,16856.83,0.0
47382_364_0,8.54,30.76,16433.49,9070.9,0.0
47385_364_0,23.07,83.06,17774.49,12419.76,0.0
47390_364_0,0.0,0.0,13083.54,12833.51,11.0
47395_364_0,3.83,13.77,18992.32,14165.36,0.0
47396_364_0,13.25,47.7,21063.73,10511.34,0.0
47398_364_0,18.0,64.79,10642.22,9945.93,0.0
47400_364_0,12.38,44.56,12577.87,10377.74,0.0
47401_364_0,0.16,0.58,21712.28,8682.12,0.0
47402_364_0,12.17,43.82,13730.54,10053.62,0.0
47403_364_0,13.93,50.14,15759.08,13702.58,0.0
47407_364_0,24.04,86.53,19455.35,16288.21,0.0
47409_364_0,10.49,37.78,7379.99,15841.14,0.0
47412_364_0,0.0,0.0,11755.2,14330.04,18.0
47416_364_0,0.9,3.23,8529.27,21894.18,0.0
47417_364_0,15.1,54.35,19290.76,5234.08,0.0
47419_364_0,2.82,10.14,14027.21,13003.66,0.0
47422_364_0,14.37,51.72,19732.57,15163.94,0.0
47423_364_0,23.66,85.19,15551.49,15608.59,0.0
47425_364_0,13.93,50.14,13754.73,14697.35,0.0
47426_364_0,13.05,46.99,17642.12,17255.24,0.0
47428_364_0,1.41,5.06,18923.5,18904.13,0.0
47429_364_0,14.34,51.62,9350.72,20730.8,0.0
47430_364_0,11.98,43.12,14984.42,13995.65,0.0
47431_364_0,9.71,34.94,17368.89,16683.56,0.0
47433_364_0,13.85,49.87,14986.05,11210.69,0.0
47434_364_0,13.49,48.58,14373.07,10291.66,0.0
47437_364_0,11.69,42.07,23459.79,4972.83,0.0
47440_364_0,10.29,37.03,15496.42,17652.05,0.0
47442_364_0,15.03,54.09,19554.7,20160.58,0.0
47444_364_0,0.0,0.0,13467.07,12121.75,20.0
47448_364_0,13.2,47.52,9310.24,19036.56,0.0
47449_364_0,28.55,102.79,16756.56,10399.3,0.0
47452_364_0,31.12,112.04,20175.06,11892.52,0.0
47453_364_0,12.25,44.08,18994.49,15661.88,0.0
47454_364_0,7.41,26.68,17826.12,17718.83,0.0
47457_364_0,13.21,47.57,11973.54,20448.34,0.0
47460_364_0,7.04,25.33,13212.82,18283.65,0.0
47461_364_0,12.97,46.7,21686.13,18165.52,0.0
47463_364_0,6.27,22.58,6144.9,14296.7,0.0
47464_364_0,14.34,51.63,8207.47,21624.12,0.0
47466_364_0,14.72,53.0,17620.22,7560.19,0.0
47469_364_0,29.31,105.53,19246.98,17110.66,0.0
47471_364_0,29.38,105.78,11597.54,17216.96,0.0
47476_364_0,15.52,55.86,9318.15,14104.64,0.0
47477_364_0,14.23,51.22,16487.38,14429.27,0.0
47478_364_0,12.34,44.42,18679.37,14180.81,0.0
47480_364_0,31.77,114.36,11964.64,8649.8,0.0
47482_364_0,8.48,30.54,12328.96,15948.06,0.0
47484_364_0,11.15,40.14,20946.52,9183.96,0.0
47485_364_0,12.38,44.57,13022.54,12922.7,0.0
47486_364_0,21.93,78.96,16198.13,14863.34,0.0
47487_364_0,10.66,38.37,16273.94,17064.62,0.0
47488_364_0,12.7,45.7,13214.99,21263.94,0.0
47495_364_0,9.23,33.21,17117.82,12443.32,0.0
47502_365_0,11.97,43.08,17535.1,17387.27,0.0
47504_365_0,8.33,29.99,17035.25,13426.49,0.0
47505_365_0,7.29,26.23,19191.37,15383.38,0.0
47506_365_0,7.16,25.77,10001.69,13758.0,0.0
47513_365_0,8.64,31.09,13316.44,13885.38,0.0
47514_365_0,14.11,50.81,12385.18,15614.09,0.0
47515_365_0,2.64,9.49,6177.78,14290.64,0.0
47520_365_0,12.16,43.79,9847.26,13813.38,0.0
47522_365_0,24.3,87.47,6838.4,12516.31,0.0
47527_365_0,10.06,36.22,7995.14,15689.65,0.0
47529_365_0,23.24,83.66,7757.58,19965.82,0.0
47530_365_0,12.13,43.67,17333.38,18428.16,0.0
47535_365_0,12.04,43.35,12515.46,15128.55,0.0
47536_365_0,14.32,51.57,14343.35,13830.27,0.0
47538_365_0,0.0,0.0,16921.7,20695.25,16.0
47540_365_0,14.49,52.17,15641.11,16379.59,0.0
47542_365_0,14.94,53.79,9955.19,12428.84,0.0
47548_365_0,0.0,0.0,22819.62,7986.68,5.0
47549_365_0,12.46,44.87,18446.96,11231.59,0.0
47552_365_0,11.49,41.35,22028.78,9191.94,0.0
47553_365_0,10.48,37.74,17849.99,4379.52,0.0
47555_365_0,2.75,9.9,22605.76,14021.2,0.0
47556_365_0,13.67,49.19,13731.56,14168.09,0.0
47562_365_0,6.17,22.2,15639.47,14410.63,0.0
47563_365_0,13.76,49.55,14089.85,16390.68,0.0
47566_365_0,0.0,0.0,9830.88,15059.17,8.0
47568_365_0,12.03,43.33,16676.65,16924.63,0.0
47569_365_0,12.98,46.72,11631.81,13601.6,0.0
47575_365_0,16.91,60.86,12557.12,20729.43,0.0
47577_365_0,10.8,38.89,12305.23,15311.76,0.0
47582_365_0,31.73,114.22,24096.18,11334.48,0.0
47583_365_0,12.49,44.95,17550.41,17555.3,0.0
47585_365_0,13.49,48.57,12993.1,15851.91,0.0
47595_365_0,7.44,26.77,21634.67,16993.7,0.0
47597_365_0,19.25,69.31,10827.34,10525.9,0.0
47598_365_0,11.99,43.17,13568.84,12549.83,0.0
47599_365_0,10.29,37.04,9814.45,16290.86,0.0
47602_365_0,21.64,77.92,11855.5,13176.52,0.0
47603_365_0,0.0,0.0,11678.46,15709.43,25.0
47605_365_0,14.74,53.06,21631.19,7615.49,0.0
47607_365_0,16.79,60.43,12751.38,11791.37,0.0
47609_365_0,12.42,44.73,11284.11,17622.84,0.0
47613_365_0,0.0,0.0,20012.87,14280.91,5.0
47614_365_0,24.94,89.77,20773.23,12961.29,0.0
47615_365_0,5.16,18.59,11431.53,14961.32,0.0
47616_365_0,10.93,39.34,22553.27,18632.78,0.0
47617_365_0,14.8,53.29,15523.4,17576.06,0.0
47619_365_0,13.45,48.43,22603.21,7583.98,0.0
47621_365_0,21.29,76.63,14669.77,6486.3,0.0
47622_365_0,29.88,107.56,21835.56,10255.17,0.0
47625_365_0,12.14,43.69,13639.49,14561.02,0.0
47626_365_0,12.59,45.32,22587.76,7637.97,0.0
47627_365_0,13.5,48.6,13605.58,6919.22,0.0
47631_365_0,38.1,137.16,10054.0,10069.95,0.0
47637_365_0,8.43,30.36,8136.47,20343.78,0.0
47638_365_0,11.86,42.71,14453.4,15784.47,0.0
47639_365_0,15.07,54.26,14219.98,10240.33,0.0
47648_365_0,15.31,55.13,16061.44,13015.4,0.0
47652_365_0,0.1,0.34,17247.64,8012.99,1.0
47653_365_0,27.44,98.77,23277.19,7966.27,0.0
47656_365_0,12.94,46.58,19013.35,16110.93,0.0
47657_365_0,14.63,52.66,14384.38,10282.86,0.0
47659_365_0,11.32,40.76,21178.3,8163.62,0.0
47660_365_0,0.22,0.78,12505.0,14491.14,0.0
47662_365_0,13.58,48.89,6625.85,14248.35,0.0
47664_365_0,11.22,40.41,11943.14,11789.59,0.0
47665_365_0,27.91,100.49,10500.73,19424.3,0.0
47666_365_0,7.47,26.9,9967.63,17195.64,0.0
47667_365_0,12.19,43.9,10891.96,13996.18,0.0
47670_365_0,10.08,36.29,12592.85,13142.52,0.0
47678_365_0,11.54,41.56,15844.57,13101.94,0.0
47681_365_0,12.86,46.28,13540.4,15893.12,0.0
47682_365_0,26.62,95.83,14657.58,6259.56,0.0
47687_365_0,13.53,48.71,22079.51,9020.19,0.0
47691_365_0,13.42,48.31,18629.65,12350.57,0.0
47692_365_0,0.06,0.22,8527.14,21869.7,2.0
47698_365_0,12.36,44.51,14315.01,15657.61,0.0
47700_365_0,7.68,27.65,14266.92,18063.96,0.0
47701_365_0,13.35,48.06,12233.69,13887.42,0.0
47702_365_0,0.0,0.0,20729.59,7687.73,7.0
47705_365_0,5.27,18.98,12674.31,12855.89,0.0
47706_365_0,12.05,43.4,10527.01,12998.45,0.0
47707_365_0,14.0,50.41,12901.72,14317.19,0.0
47710_365_0,0.53,1.9,20297.82,17388.5,0.0
47711_365_0,18.43,66.35,11718.7,14160.9,0.0
47712_365_0,8.37,30.13,14093.5,15486.44,0.0
47713_365_0,13.64,49.11,11480.17,15928.84,0.0
47714_365_0,9.54,34.34,13496.64,16801.48,0.0
47716_365_0,6.5,23.4,10714.59,15991.28,0.0
47717_365_0,14.41,51.89,14697.7,18407.69,0.0
47718_365_0,1.74,6.28,16792.43,5886.73,0.0
47720_365_0,7.52,27.09,13718.32,5721.51,0.0
47721_365_0,12.96,46.66,16175.37,17448.22,0.0
47722_365_0,12.81,46.13,14106.23,10669.71,0.0
47724_365_0,14.66,52.79,20345.83,12965.83,0.0
47726_365_0,12.44,44.77,9854.14,15630.39,0.0
47729_365_0,7.13,25.66,17080.14,6899.08,0.0
47732_365_0,0.0,0.0,11784.45,13338.94,7.0
47734_365_0,2.08,7.47,12709.17,18393.84,0.0
47735_365_0,1.64,5.91,14437.32,8994.28,0.0
47738_365_0,12.95,46.63,13807.51,16629.49,0.0
47740_365_0,14.88,53.55,12433.91,12018.99,0.0
47741_365_0,0.49,1.77,12200.63,15332.77,0.0
47743_365_0,15.57,56.04,21772.4,9782.74,0.0
47745_365_0,8.5,30.61,12712.48,13194.15,0.0
47747_365_0,12.74,45.88,9226.25,14111.67,0.0
47751_365_0,12.57,45.26,13081.62,14741.66,0.0
47752_365_0,41.05,147.78,8265.91,22354.15,0.0
47754_365_0,6.77,24.38,13190.11,13060.01,0.0
47755_365_0,0.64,2.31,15219.81,9185.95,0.0
47760_365_0,35.19,126.69,16994.67,10709.32,0.0
47761_365_0,12.42,44.72,13569.72,18333.75,0.0
47762_365_0,12.83,46.19,13127.57,17688.56,0.0
47766_365_0,15.19,54.69,13722.7,13750.14,0.0
47770_365_0,11.72,42.2,25058.64,2773.54,0.0
47774_365_0,12.38,44.56,17315.47,18536.41,0.0
47779_365_0,12.75,45.88,8545.29,21496.37,0.0
47782_365_0,10.61,38.19,9133.11,15422.65,0.0
47785_365_0,13.3,47.9,6967.65,26453.79,0.0
47786_365_0,0.0,0.0,12228.73,13428.39,14.0
47787_365_0,15.42,55.53,13272.2,11629.75,0.0
47788_365_0,11.13,40.08,13133.86,9045.9,0.0
47790_365_0,9.73,35.02,14328.63,10635.2,0.0
47791_365_0,12.39,44.6,11294.12,15048.98,0.0
47792_365_0,5.02,18.09,6460.82,22781.6,0.0
47794_365_0,14.92,53.7,22468.94,17084.47,0.0
47795_365_0,7.02,25.27,17815.27,7603.76,0.0
47797_365_0,0.0,0.0,21527.53,9273.93,9.0
47798_365_0,6.93,24.94,22953.64,13996.08,0.0
47800_365_0,9.93,35.74,17972.17,6094.71,0.0
47803_365_0,11.12,40.03,17625.34,7761.35,0.0
47806_365_0,25.52,91.89,20552.8,10494.48,0.0
47807_365_0,13.94,50.18,15797.5,14671.38,0.0
47809_365_0,13.06,47.03,13303.7,14661.97,0.0
47811_365_0,11.64,41.9,17381.96,16728.41,0.0
47812_365_0,14.78,53.2,21071.22,15833.98,0.0
47816_365_0,14.17,51.01,16967.73,11305.18,0.0
47818_365_0,6.95,25.03,20326.06,13219.58,0.0
47822_365_0,21.71,78.15,20828.99,12054.55,0.0
47824_365_0,30.88,111.18,7790.06,11785.38,0.0
47825_365_0,9.29,33.43,12645.37,10483.6,0.0
47828_365_0,9.86,35.48,20391.8,17418.22,0.0
47831_365_0,12.3,44.3,20029.75,17328.96,0.0
47832_365_0,30.17,108.63,21661.63,10317.85,0.0
47837_365_0,26.73,96.22,20486.53,11966.5,0.0
47838_365_0,0.31,1.12,19871.41,12966.94,0.0
47840_365_0,6.88,24.75,10098.56,16315.07,0.0
47842_365_0,12.52,45.07,10389.05,13166.17,0.0
47844_365_0,0.0,0.0,14020.34,15852.35,6.0
47847_365_0,6.58,23.7,11959.39,10847.96,0.0
47849_365_0,6.75,24.3,23796.95,4756.06,0.0
47850_365_0,11.05,39.77,14697.57,18898.38,0.0
47854_365_0,0.0,0.0,8717.36,14176.85,14.0
47857_365_0,10.6,38.15,17062.75,13453.37,0.0
47860_365_0,11.97,43.11,11196.73,11673.53,0.0
47862_365_0,25.41,91.48,14626.86,7523.84,0.0
47863_365_0,12.0,43.21,9539.04,16802.5,0.0
47864_365_0,12.57,45.25,10514.14,23701.95,0.0
47866_365_0,7.83,28.19,9574.66,23860.13,0.0
47867_365_0,55.38,199.35,6390.18,24457.61,0.0
47869_365_0,10.57,38.06,6528.01,28106.76,0.0
47870_365_0,0.64,2.3,11433.35,15860.7,0.0
47871_365_0,24.93,89.74,18505.93,18677.1,0.0
47872_365_0,5.6,20.17,13929.63,16179.09,0.0
47873_365_0,0.19,0.67,21230.41,10279.31,0.0
47874_365_0,0.0,0.0,18646.54,12472.34,16.0
47875_365_0,7.42,26.7,21461.28,13702.15,0.0
47877_365_0,15.88,57.16,18324.39,15122.74,0.0
47880_365_0,12.55,45.18,12189.07,11398.85,0.0
47881_365_0,7.23,26.05,8003.33,20502.18,0.0
47887_365_0,28.17,101.39,7064.27,19436.28,0.0
47888_365_0,0.0,0.0,13321.87,18006.01,17.0
47891_365_0,15.8,56.89,11934.59,20870.86,0.0
47892_365_0,11.61,41.81,20022.46,20927.21,0.0
47899_365_0,13.09,47.14,13316.23,15099.41,0.0
47901_365_0,25.39,91.42,6290.79,13440.06,0.0
47903_365_0,9.38,33.77,15091.34,14213.64,0.0
47905_365_0,12.29,44.26,6680.93,21560.36,0.0
47906_365_0,2.21,7.97,17573.58,17465.28,0.0
47907_365_0,14.54,52.36,19779.49,13052.69,0.0
47908_365_0,12.48,44.92,14440.6,13837.46,0.0
47909_365_0,0.0,0.0,19436.94,17161.82,20.0
47914_365_0,13.08,47.1,21666.46,7614.92,0.0
47916_365_0,14.59,52.54,14383.15,13993.79,0.0
47918_365_0,13.66,49.19,14616.15,12241.99,0.0
47919_365_0,12.75,45.9,14286.02,13147.24,0.0
47920_365_0,10.12,36.44,14271.8,11010.48,0.0
47927_365_0,12.24,44.06,5846.83,25687.64,0.0
47928_365_0,11.44,41.2,19056.64,15873.16,0.0
47929_365_0,15.35,55.25,14653.82,8232.84,0.0
47931_365_0,27.63,99.47,7923.81,20042.51,0.0
47933_365_0,13.31,47.93,8135.25,14191.18,0.0
47939_365_0,0.01,0.02,21215.41,10288.55,3.0
47941_365_0,12.81,46.13,20477.57,17433.42,0.0
47942_365_0,8.89,32.01,10326.61,25629.25,0.0
47946_365_0,11.42,41.1,8457.79,16378.04,0.0
47947_365_0,13.73,49.41,11065.56,23887.14,0.0
47951_365_0,13.44,48.38,13101.47,17453.59,0.0
47952_365_0,6.22,22.38,12976.1,17594.7,0.0
47953_365_0,13.61,49.01,14363.08,14486.52,0.0
47954_365_0,32.92,118.52,20160.31,13882.07,0.0
47958_365_0,27.41,98.68,21541.67,10374.64,0.0
47960_365_0,10.73,38.63,17027.5,16760.57,0.0
47963_365_0,13.41,48.26,14970.03,4909.06,0.0
47965_365_0,14.24,51.26,12881.62,13737.67,0.0
47968_365_0,0.0,0.0,21258.95,10239.9,12.0
47969_365_0,54.42,195.91,14641.06,6729.04,0.0
47971_365_0,14.17,51.01,17006.26,10914.25,0.0
47972_365_0,0.06,0.23,11831.72,14642.65,2.0
47978_365_0,26.81,96.52,10679.85,19155.31,0.0
47981_365_0,2.4,8.65,17582.33,17303.46,0.0
47982_365_0,0.26,0.93,10050.83,12833.39,0.0
47983_365_0,32.28,116.2,15255.03,8589.58,0.0
47985_365_0,0.0,0.0,20295.52,6615.83,6.0
47986_365_0,5.62,20.25,9616.95,21269.27,0.0
47988_365_0,1.42,5.12,20731.55,7716.91,0.0
47991_365_0,12.45,44.8,13678.52,14553.82,0.0
47996_365_0,27.58,99.29,21423.72,11787.95,0.0
47997_365_0,27.49,98.95,9222.54,21107.21,0.0
47998_365_0,6.61,23.8,18017.95,16038.78,0.0
48001_365_0,15.01,54.05,17695.41,12480.1,0.0
48002_365_0,0.0,0.0,7365.5,14208.48,10.0
48003_365_0,0.0,0.0,8722.02,14176.68,10.0
48008_365_0,8.52,30.66,13410.0,15955.87,0.0
48010_365_0,13.53,48.72,16520.29,11047.89,0.0
48011_365_0,17.7,63.71,21077.95,15962.35,0.0
48012_365_0,7.22,26.0,24113.78,16188.6,0.0
48013_365_0,7.67,27.61,19104.96,9703.28,0.0
48014_365_0,14.64,52.7,11712.37,18190.49,0.0
48016_365_0,11.33,40.78,15455.77,17749.44,0.0
48021_365_0,12.44,44.78,14362.89,13851.32,0.0
48024_365_0,0.0,0.0,21967.58,7504.37,4.0
48026_365_0,9.18,33.05,13936.16,12667.98,0.0
48029_365_0,5.75,20.69,21776.9,17182.89,0.0
48033_365_0,10.42,37.52,11795.77,13363.74,0.0
48037_365_0,23.11,83.21,21618.81,10606.65,0.0
48039_365_0,8.22,29.57,22812.02,7655.95,0.0
48041_365_0,23.55,84.77,19226.13,15422.18,0.0
48042_365_0,11.52,41.46,17412.41,16800.48,0.0
48047_365_0,7.22,26.0,11539.03,15180.18,0.0
48050_365_0,12.24,44.06,9612.09,20138.42,0.0
48051_365_0,5.12,18.42,11840.52,13158.07,0.0
48052_365_0,15.88,57.16,14373.42,13765.65,0.0
48053_365_0,13.5,48.6,14586.36,8704.62,0.0
48054_365_0,8.98,32.34,14137.37,11905.07,0.0
48055_365_0,14.28,51.42,18862.56,16263.44,0.0
48056_365_0,13.38,48.17,14460.16,16907.32,0.0
48058_365_0,13.12,47.23,13610.69,12541.3,0.0
48060_365_0,12.62,45.43,13970.55,15410.5,0.0
48065_365_0,12.38,44.58,12798.67,14496.55,0.0
48067_365_0,13.31,47.93,12089.48,13824.67,0.0
48068_365_0,7.58,27.29,14019.56,17048.3,0.0
48069_365_0,0.43,1.56,24228.94,7612.22,0.0
48070_365_0,12.08,43.48,16498.76,14227.81,0.0
48073_365_0,35.39,127.41,17754.82,11274.21,0.0
48074_365_0,14.41,51.87,13770.01,19961.03,0.0
48078_365_0,7.73,27.85,16605.74,15246.56,0.0
48081_365_0,12.48,44.91,14000.03,15408.66,0.0
48084_365_0,8.48,30.51,6435.42,26246.26,0.0
48086_365_0,32.36,116.48,13160.26,8099.21,0.0
48087_365_0,6.2,22.34,13738.26,12177.92,0.0
48089_365_0,14.76,53.15,9207.35,16112.97,0.0
48091_365_0,14.52,52.27,12728.5,8330.9,0.0
48093_365_0,11.73,42.24,13581.1,14556.35,0.0
48095_365_0,15.98,57.52,16257.3,14918.54,0.0
48098_365_0,12.79,46.04,14918.9,5901.79,0.0
48105_365_0,14.54,52.36,11671.35,13808.46,0.0
48106_365_0,16.49,59.35,14622.15,15871.03,0.0
48107_365_0,12.18,43.85,16077.31,16957.01,0.0
48108_365_0,19.04,68.55,18772.91,12776.76,0.0
48110_365_0,25.24,90.86,21589.84,12021.11,0.0
48112_365_0,7.58,27.27,8008.74,19353.57,0.0
48114_365_0,15.4,55.45,17769.49,18720.64,0.0
48115_365_0,13.34,48.01,11394.08,17745.85,0.0
48118_365_0,12.58,45.27,20154.99,6241.69,0.0
48119_365_0,0.2,0.73,18845.02,18815.46,0.0
48126_365_0,0.0,0.0,21809.37,7614.8,6.0
48127_365_0,8.94,32.2,13803.56,17691.28,0.0
48128_365_0,11.78,42.42,11974.2,12299.35,0.0
48130_365_0,0.0,0.0,19808.02,17210.94,6.0
48133_365_0,12.63,45.46,7200.91,14215.35,0.0
48134_365_0,14.66,52.79,10395.25,22853.65,0.0
48136_365_0,0.0,0.0,12743.38,13543.25,5.0
48137_365_0,13.4,48.24,21920.55,16960.01,0.0
48143_365_0,7.91,28.49,11906.27,15970.63,0.0
48144_365_0,21.82,78.54,19947.74,14285.76,0.0
48145_365_0,14.58,52.48,12047.06,16227.52,0.0
48146_365_0,12.99,46.75,7931.22,19892.62,0.0
48147_365_0,17.44,62.78,16857.49,10717.59,0.0
48148_365_0,39.7,142.94,11180.4,9253.59,0.0
48149_365_0,28.14,101.31,6587.66,17197.22,0.0
48150_365_0,9.9,35.63,19118.02,14245.06,0.0
48156_365_0,12.44,44.77,14649.54,17924.73,0.0
48158_365_0,11.83,42.6,9117.12,12695.67,0.0
48159_365_0,0.0,0.0,14176.36,17182.06,7.0
48162_365_0,18.76,67.55,10071.36,23122.59,0.0
48163_365_0,7.17,25.8,8121.72,28272.51,0.0
48164_365_0,6.42,23.12,19127.27,17066.44,0.0
48165_365_0,14.56,52.43,13536.19,10284.77,0.0
48167_365_0,12.78,46.02,10781.41,12415.52,0.0
48168_365_0,27.59,99.33,11538.0,17298.24,0.0
48173_365_0,15.6,56.18,12009.96,13918.99,0.0
48177_365_0,18.06,65.0,21076.95,16016.25,0.0
48180_365_0,15.57,56.04,9360.28,20911.76,0.0
48181_365_0,1.8,6.47,12331.95,15340.86,0.0
48184_365_0,12.53,45.1,14095.29,15249.53,0.0
48185_365_0,13.91,50.07,9470.24,23234.94,0.0
48189_365_0,8.95,32.23,5935.66,14382.08,0.0
48190_365_0,16.68,60.06,21872.43,17180.95,0.0
48191_365_0,13.82,49.76,7403.29,22525.96,0.0
48193_365_0,14.17,51.01,12088.45,11464.9,0.0
48202_365_0,10.74,38.66,17109.87,15350.72,0.0
48204_365_0,15.83,56.98,9968.27,20338.3,0.0
48206_365_0,16.51,59.45,13587.8,15780.01,0.0
48208_365_0,2.56,9.21,15502.32,17674.85,0.0
48209_365_0,13.14,47.31,18945.35,15220.37,0.0
48211_365_0,14.9,53.63,19160.98,17394.93,0.0
48212_365_0,12.35,44.46,17745.72,10498.46,0.0
48213_365_0,11.77,42.37,13367.71,14624.33,0.0
48215_365_0,7.53,27.12,18069.66,18033.64,0.0
48216_365_0,6.52,23.48,18277.31,14182.18,0.0
48217_365_0,14.48,52.14,6079.2,25969.54,0.0
48228_365_0,4.45,16.03,14342.86,12374.44,0.0
48229_365_0,4.02,14.47,9600.85,16697.52,0.0
48230_365_0,13.77,49.56,12987.37,13831.25,0.0
48231_365_0,22.64,81.49,18825.21,11648.58,0.0
48232_365_0,13.56,48.81,7584.86,28219.93,0.0
48234_365_0,11.72,42.2,12017.42,12062.36,0.0
48235_365_0,14.6,52.57,16987.74,15253.99,0.0
48238_365_0,9.76,35.15,22667.27,6784.15,0.0
48239_365_0,13.14,47.29,12642.88,14402.12,0.0
48240_365_0,12.04,43.35,10167.91,19379.8,0.0
48241_365_0,17.38,62.56,9891.03,20291.35,0.0
48242_365_0,12.21,43.97,16001.71,11935.15,0.0
48243_365_0,0.0,0.0,14869.27,18931.95,8.0
48245_365_0,0.0,0.01,19501.01,17179.67,6.0
48246_365_0,13.15,47.35,14394.11,13602.19,0.0
48247_365_0,22.87,82.32,19982.44,14286.63,0.0
48248_365_0,1.37,4.95,12863.46,17471.84,0.0
48249_365_0,6.58,23.67,22357.43,8658.96,0.0
48250_365_0,0.0,0.0,11751.62,14286.13,14.0
48251_365_0,0.0,0.0,11024.71,15310.99,7.0
48252_365_0,14.04,50.53,14755.54,11858.86,0.0
48253_365_0,24.38,87.76,11612.18,17150.09,0.0
48255_365_0,13.38,48.18,15132.92,13302.28,0.0
48256_365_0,11.81,42.51,5932.43,25672.1,0.0
48257_365_0,7.63,27.48,14367.18,15970.39,0.0
48258_365_0,18.91,68.09,18091.13,23055.02,0.0
48260_365_0,12.4,44.63,8670.61,22071.43,0.0
48261_365_0,12.59,45.31,8868.03,25007.1,0.0
48262_365_0,4.9,17.65,16999.09,10999.12,0.0
48274_365_0,14.58,52.49,19082.17,19088.29,0.0
48277_365_0,11.44,41.17,14985.5,14022.14,0.0
48279_365_0,13.88,49.98,19698.49,13234.88,0.0
48282_365_0,15.58,56.1,24330.62,5909.02,0.0
48283_365_0,0.0,0.0,22454.07,8358.35,5.0
48286_365_0,12.66,45.58,14138.28,11838.93,0.0
48288_365_0,17.14,61.69,11733.33,14185.53,0.0
48295_365_0,0.58,2.08,22336.99,8709.46,0.0
48297_365_0,21.11,75.99,17248.89,12500.74,0.0
48298_365_0,12.71,45.75,13144.33,11361.08,0.0
48300_365_0,3.12,11.23,10363.3,25586.95,0.0
48303_365_0,0.0,0.0,21206.99,10296.25,6.0
48306_365_0,11.01,39.63,17131.27,16706.7,0.0
48307_365_0,13.45,48.43,13484.02,15200.15,0.0
48308_365_0,27.68,99.66,23506.15,6120.42,0.0
48310_365_0,11.73,42.24,18338.99,6881.77,0.0
48312_365_0,12.81,46.11,20040.8,11806.24,0.0
48313_365_0,1.11,4.0,15623.91,14419.92,0.0
48314_365_0,55.36,199.31,6931.05,23802.18,0.0
48317_365_0,10.56,38.02,11473.77,5963.33,0.0
48320_365_0,9.94,35.79,12323.43,15335.23,0.0
48321_365_0,13.95,50.22,6193.67,13226.42,0.0
48322_365_0,14.57,52.44,16324.34,8740.27,0.0
48323_365_0,10.8,38.88,10890.76,15080.42,0.0
48328_365_0,7.68,27.63,19798.63,20384.0,0.0
48329_365_0,25.64,92.31,15321.58,15853.18,0.0
48330_365_0,12.75,45.89,18068.43,15066.76,0.0
48332_365_0,12.3,44.28,6441.63,26530.68,0.0
48337_365_0,11.11,39.98,13108.42,12888.1,0.0
48339_365_0,14.11,50.81,15918.64,9676.45,0.0
48340_365_0,12.81,46.11,13418.24,20685.06,0.0
48341_365_0,0.03,0.1,16899.44,6360.92,2.0
48344_365_0,34.79,125.24,15725.07,9093.61,0.0
48345_365_0,19.71,70.95,8770.32,20460.0,0.0
48347_365_0,14.57,52.45,13406.84,13776.5,0.0
48349_365_0,30.71,110.56,12400.7,23101.55,0.0
48351_365_0,0.0,0.0,17963.82,15956.8,9.0
48352_365_0,3.28,11.81,19465.52,15858.04,0.0
48353_365_0,11.0,39.61,17505.95,17002.73,0.0
48354_366_0,11.76,42.33,21407.89,16792.75,0.0
48357_366_0,8.03,28.91,22198.85,11991.44,0.0
48359_366_0,3.98,14.31,6424.15,14262.95,0.0
48360_366_0,13.52,48.66,15689.83,13125.2,0.0
48365_366_0,27.58,99.29,21918.66,10146.34,0.0
48372_366_0,12.78,45.99,23573.99,14896.75,0.0
48373_366_0,9.29,33.46,17186.01,19057.67,0.0
48374_366_0,13.88,49.95,24237.62,7567.16,0.0
48375_366_0,12.29,44.24,18300.48,4645.87,0.0
48376_366_0,13.08,47.1,12310.28,18583.9,0.0
48377_366_0,18.53,66.7,12131.14,12395.69,0.0
48379_366_0,13.9,50.04,6762.9,15771.36,0.0
48381_366_0,19.82,71.34,6504.05,27097.22,0.0
48382_366_0,12.15,43.73,6485.09,28244.37,0.0
48385_366_0,7.71,27.75,10498.07,25070.32,0.0
48386_366_0,21.32,76.75,9625.93,23517.09,0.0
48388_366_0,5.13,18.47,11282.28,17605.93,0.0
48391_366_0,12.72,45.8,18610.77,18546.43,0.0
48392_366_0,15.95,57.42,18078.06,7448.55,0.0
48394_366_0,12.07,43.45,16134.07,16993.77,0.0
48396_366_0,15.91,57.27,13329.83,15081.4,0.0
48397_366_0,6.67,24.0,24164.43,4043.74,0.0
48398_366_0,0.0,0.0,19845.04,12962.54,21.0
48402_366_0,13.94,50.18,18331.73,19341.01,0.0
48404_366_0,8.12,29.22,15348.92,16884.57,0.0
48405_366_0,11.05,39.78,10535.34,15203.24,0.0
48407_366_0,12.57,45.26,11672.29,13876.73,0.0
48409_366_0,26.05,93.77,19993.35,14188.91,0.0
48410_366_0,14.63,52.67,16604.91,22875.3,0.0
48411_366_0,4.11,14.81,17120.26,15979.64,0.0
48412_366_0,13.28,47.8,24212.15,11649.92,0.0
48414_366_0,15.85,57.07,17120.56,13650.98,0.0
48418_366_0,12.26,44.14,15509.07,10232.1,0.0
48419_366_0,0.07,0.24,19906.91,5872.65,2.0
48420_366_0,21.54,77.54,17972.55,12272.25,0.0
48421_366_0,11.98,43.13,15255.52,12165.04,0.0
48422_366_0,12.42,44.7,22994.31,7526.65,0.0
48423_366_0,24.29,87.44,22518.91,9613.7,0.0
48426_366_0,14.16,50.96,8703.53,20585.89,0.0
48427_366_0,10.32,37.16,23873.64,14913.66,0.0
48431_366_0,9.77,35.16,13282.86,18708.05,0.0
48432_366_0,14.79,53.24,16925.02,12491.7,0.0
48433_366_0,13.36,48.09,12756.26,14591.8,0.0
48434_366_0,27.51,99.05,23346.81,7963.72,0.0
48437_366_0,37.36,134.48,17911.61,11334.62,0.0
48440_366_0,14.79,53.26,17927.44,15044.03,0.0
48444_366_0,0.01,0.04,21268.11,17941.85,2.0
48445_366_0,13.12,47.24,13532.78,16773.87,0.0
48447_366_0,14.09,50.72,16744.37,7724.39,0.0
48453_366_0,12.99,46.77,9459.22,16794.34,0.0
48454_366_0,0.0,0.0,13207.0,15013.47,3.0
48455_366_0,12.31,44.32,17753.05,10475.11,0.0
48458_366_0,12.17,43.82,17529.48,17339.23,0.0
48459_366_0,12.57,45.24,15484.18,5978.18,0.0
48460_366_0,30.14,108.52,10819.75,9515.36,0.0
48462_366_0,24.41,87.89,23449.68,7716.35,0.0
48463_366_0,8.04,28.95,10483.37,25121.38,0.0
48465_366_0,11.02,39.67,10990.65,17296.01,0.0
48466_366_0,14.16,50.96,17310.01,15803.31,0.0
48467_366_0,11.67,42.03,14107.56,13796.63,0.0
48468_366_0,14.28,51.39,10426.47,14033.42,0.0
48469_366_0,7.72,27.8,20901.72,13226.56,0.0
48473_366_0,10.47,37.68,12046.71,12664.73,0.0
48476_366_0,35.64,128.29,9073.68,10808.87,0.0
48477_366_0,12.73,45.82,12645.04,17291.24,0.0
48478_366_0,19.9,71.63,17113.75,19065.91,0.0
48481_366_0,1.6,5.78,12937.74,14137.45,0.0
48482_366_0,8.91,32.07,12201.4,15896.16,0.0
48491_366_0,12.71,45.75,13673.72,14451.61,0.0
48492_366_0,12.72,45.79,15859.78,12089.52,0.0
48494_366_0,0.0,0.0,15613.83,8548.28,19.0
48497_366_0,14.62,52.63,11720.71,17953.69,0.0
48499_366_0,11.61,41.78,11592.37,13578.23,0.0
48501_366_0,12.69,45.68,19182.91,13209.57,0.0
48503_366_0,25.57,92.06,17858.49,18636.72,0.0
48505_366_0,14.23,51.21,13008.5,14893.5,0.0
48507_366_0,11.72,42.19,13868.16,12972.0,0.0
48512_366_0,13.99,50.36,13954.51,12872.4,0.0
48514_366_0,12.93,46.56,14074.53,15249.24,0.0
48515_366_0,11.46,41.26,12801.5,14511.34,0.0
48516_366_0,10.99,39.57,19769.53,17634.75,0.0
48517_366_0,11.93,42.96,21016.24,10633.05,0.0
48519_366_0,0.0,0.0,15213.26,9191.43,4.0
48520_366_0,14.37,51.72,9941.58,16413.42,0.0
48521_366_0,7.6,27.35,16283.51,11690.21,0.0
48522_366_0,13.29,47.85,21893.55,19094.59,0.0
48524_366_0,12.09,43.51,14105.18,13520.86,0.0
48525_366_0,28.79,103.65,9224.69,21109.8,0.0
48527_366_0,11.55,41.57,21900.46,18279.76,0.0
48528_366_0,11.37,40.93,11478.68,15841.8,0.0
48529_366_0,1.16,4.17,15776.82,9857.5,0.0
48533_366_0,10.0,35.98,13263.2,20405.89,0.0
48535_366_0,13.87,49.95,14819.28,13860.65,0.0
48538_366_0,36.38,130.97,9258.72,10669.91,0.0
48539_366_0,11.29,40.64,17216.25,10772.61,0.0
48543_366_0,0.0,0.0,15698.05,8430.07,18.0
48545_366_0,0.0,0.0,17538.11,16789.01,11.0
48549_366_0,11.09,39.93,16260.39,14822.05,0.0
48552_366_0,15.43,55.54,10217.39,18959.85,0.0
48556_366_0,15.61,56.18,21208.6,14638.71,0.0
48562_366_0,12.31,44.3,24807.47,7432.78,0.0
48563_366_0,10.26,36.93,14274.26,10996.19,0.0
48565_366_0,13.62,49.04,16563.17,8598.24,0.0
48566_366_0,8.26,29.73,16786.03,13062.36,0.0
48567_366_0,8.59,30.92,24234.25,7814.8,0.0
48568_366_0,14.28,51.42,13767.86,13083.26,0.0
48575_366_0,27.08,97.5,14589.36,5481.88,0.0
48579_366_0,13.32,47.95,12746.09,13556.85,0.0
48580_366_0,0.69,2.47,20741.63,7995.7,0.0
48582_366_0,11.94,42.99,18701.72,15262.41,0.0
48583_366_0,0.18,0.64,20728.18,7660.65,0.0
48586_366_0,11.76,42.32,17461.74,16916.54,0.0
48587_366_0,12.62,45.42,18989.66,15640.56,0.0
48588_366_0,24.97,89.9,23439.49,7882.29,0.0
48589_366_0,13.47,48.48,12695.79,15007.55,0.0
48592_366_0,13.53,48.71,10039.52,12991.08,0.0
48593_366_0,2.94,10.58,17054.87,19676.17,0.0
48596_366_0,25.68,92.44,13491.53,22170.84,0.0
48598_366_0,55.31,199.11,7468.54,23219.61,0.0
48600_366_0,0.0,0.0,11843.04,14647.35,10.0
48601_366_0,0.0,0.0,20456.19,11720.76,7.0
48602_366_0,15.18,54.65,17403.08,15295.63,0.0
48603_366_0,30.67,110.42,21390.39,12036.72,0.0
48604_366_0,11.18,40.25,19279.98,5216.98,0.0
48606_366_0,11.73,42.22,13304.74,15895.04,0.0
48608_366_0,7.06,25.42,5768.64,14518.16,0.0
48609_366_0,9.72,35.0,21008.3,7815.24,0.0
48613_366_0,4.22,15.18,11413.88,15882.46,0.0
48615_366_0,5.65,20.33,23375.18,17435.15,0.0
48620_366_0,13.79,49.66,13541.79,14872.14,0.0
48622_366_0,0.43,1.55,18905.82,18884.15,0.0
48623_366_0,13.79,49.64,11189.89,12249.46,0.0
48626_366_0,0.64,2.29,15633.54,8501.65,0.0
48628_366_0,11.06,39.82,21821.95,17100.08,0.0
48630_366_0,13.1,47.17,9903.26,14069.26,0.0
48631_366_0,12.57,45.24,21566.64,9105.41,0.0
48632_366_0,13.94,50.19,13617.38,14561.31,0.0
48634_366_0,12.12,43.64,6665.52,14787.3,0.0
48636_366_0,13.02,46.86,11305.05,13328.88,0.0
48637_366_0,6.22,22.39,17044.18,13682.69,0.0
48639_366_0,14.61,52.61,10464.14,16565.46,0.0
48640_366_0,22.2,79.93,21131.65,10456.76,0.0
48643_366_0,14.61,52.6,18574.01,11956.82,0.0
48647_366_0,1.6,5.77,20749.23,8122.08,0.0
48648_366_0,32.4,116.63,10815.95,21739.7,0.0
48649_366_0,10.83,38.98,14018.71,15734.5,0.0
48651_366_0,8.04,28.93,15112.73,16830.95,0.0
48657_366_0,14.32,51.56,12115.07,16044.07,0.0
48662_366_0,20.8,74.86,12064.59,16184.06,0.0
48664_366_0,20.26,72.94,21449.31,10077.76,0.0
48665_366_0,12.57,45.25,21049.29,17818.35,0.0
48667_366_0,18.65,67.12,9819.44,23126.36,0.0
48668_366_0,8.1,29.18,10123.98,23271.63,0.0
48669_366_0,6.31,22.72,18230.38,14978.1,0.0
48670_366_0,8.73,31.44,11413.16,5965.0,0.0
48672_366_0,12.43,44.75,17793.24,14106.63,0.0
48676_366_0,12.42,44.7,19706.0,9491.32,0.0
48679_366_0,14.02,50.49,5849.35,25581.21,0.0
48681_366_0,7.56,27.22,5836.04,15291.67,0.0
48682_366_0,0.0,0.0,14099.07,16501.79,3.0
48687_366_0,8.69,31.29,14642.98,18443.3,0.0
48688_366_0,0.0,0.0,14273.58,11019.66,20.0
48693_366_0,0.0,0.0,19428.87,17162.67,1.0
48694_366_0,13.7,49.31,11581.44,12125.48,0.0
48698_366_0,0.0,0.02,19396.94,18726.37,2.0
48700_366_0,13.98,50.34,20046.07,6045.2,0.0
48703_366_0,0.0,0.0,11392.6,19749.54,7.0
48706_366_0,12.52,45.08,14426.63,15772.25,0.0
48710_366_0,32.01,115.24,16190.78,9730.14,0.0
48711_366_0,7.1,25.56,23745.19,3721.25,0.0
48712_366_0,7.7,27.72,19543.65,9516.68,0.0
48714_366_0,27.62,99.44,21487.61,10390.35,0.0
48717_366_0,11.09,39.94,17654.1,14078.72,0.0
48718_366_0,16.24,58.46,13316.43,15077.32,0.0
48719_366_0,11.85,42.66,17227.86,16409.15,0.0
48722_366_0,15.33,55.19,18714.69,12706.51,0.0
48725_366_0,28.43,102.37,6497.48,16075.33,0.0
48727_366_0,12.15,43.75,17501.38,16978.51,0.0
48729_366_0,0.0,0.0,12415.74,17034.63,4.0
48730_366_0,7.66,27.58,12635.62,18408.39,0.0
48732_366_0,11.38,40.99,13902.05,10232.46,0.0
48733_366_0,0.28,1.02,21232.74,10272.7,0.0
48734_366_0,14.5,52.2,12251.98,15850.89,0.0
48735_366_0,16.86,60.69,16760.51,16880.71,0.0
48737_366_0,12.04,43.35,11095.75,11781.53,0.0
48739_366_0,9.33,33.6,13732.22,14565.83,0.0
48740_366_0,12.99,46.76,14184.05,13730.74,0.0
48741_366_0,7.1,25.55,10417.27,11870.25,0.0
48744_366_0,8.92,32.13,19154.67,18135.99,0.0
48748_366_0,12.87,46.31,22628.12,7419.7,0.0
48751_366_0,12.88,46.36,21165.25,14702.31,0.0
48753_366_0,0.08,0.29,11951.55,12262.49,1.0
48754_366_0,13.77,49.58,10946.21,15179.68,0.0
48755_366_0,20.25,72.89,23202.17,7969.01,0.0
48757_366_0,12.28,44.22,9616.21,17981.5,0.0
48762_366_0,12.51,45.03,13404.0,14435.84,0.0
48763_366_0,14.31,51.53,13011.21,13831.24,0.0
48764_366_0,13.75,49.51,10660.97,14274.09,0.0
48768_366_0,26.12,94.02,11321.52,17995.67,0.0
48769_366_0,10.84,39.02,8581.12,21542.41,0.0
48771_366_0,11.64,41.91,18567.95,18388.43,0.0
48772_366_0,9.92,35.7,13740.79,13355.09,0.0
48777_366_0,8.84,31.84,9694.41,14567.04,0.0
48779_366_0,0.0,0.0,7373.06,27764.6,0.0
48782_366_0,24.36,87.69,21535.57,10949.79,0.0
48783_366_0,12.83,46.17,6055.36,25893.19,0.0
48786_366_0,11.22,40.39,13070.15,12583.8,0.0
48787_366_0,17.15,61.74,16683.4,12584.5,0.0
48788_366_0,12.21,43.96,17321.81,18465.09,0.0
48789_366_0,10.91,39.28,21653.13,8660.55,0.0
48790_366_0,19.3,69.47,16587.17,12642.9,0.0
48792_366_0,12.14,43.69,11380.76,14577.96,0.0
48793_366_0,14.63,52.65,12892.62,4324.58,0.0
48795_366_0,15.5,55.8,18994.02,13226.4,0.0
48796_366_0,0.0,0.0,11763.25,9410.84,18.0
48797_366_0,13.59,48.93,16969.83,14966.79,0.0
48798_366_0,0.0,0.0,13318.25,11733.73,9.0
48801_366_0,23.34,84.03,7063.92,19430.7,0.0
48802_366_0,6.94,24.98,13534.6,21371.82,0.0
48804_366_0,16.48,59.34,7951.37,23376.82,0.0
48807_366_0,10.63,38.26,14098.46,15401.89,0.0
48808_366_0,0.0,0.0,15821.71,13940.66,11.0
48809_366_0,6.38,22.98,17905.64,15769.83,0.0
48811_366_0,15.12,54.44,15971.67,11954.49,0.0
48819_366_0,16.37,58.94,24143.15,8049.58,0.0
48822_366_0,11.81,42.52,12201.16,20306.37,0.0
48823_366_0,10.98,39.51,14345.08,13229.42,0.0
48828_366_0,14.23,51.24,13046.59,10407.4,0.0
48829_366_0,13.5,48.6,20986.04,9356.96,0.0
48830_366_0,6.83,24.57,13563.67,9967.6,0.0
48831_366_0,0.75,2.72,8544.17,21948.74,0.0
48834_366_0,5.79,20.84,8980.64,13745.56,0.0
48835_366_0,29.63,106.65,10984.99,18671.51,0.0
48836_366_0,12.55,45.17,17437.11,16841.18,0.0
48840_366_0,1.08,3.88,20740.8,7982.67,0.0
48842_366_0,0.0,0.0,19795.59,17238.95,16.0
48843_366_0,12.72,45.8,12202.54,10737.22,0.0
48845_366_0,11.02,39.69,18035.62,17896.13,0.0
48849_366_0,13.16,47.36,10327.93,13234.05,0.0
48853_366_0,11.34,40.82,12794.16,20522.0,0.0
48854_366_0,13.13,47.26,16228.07,11634.51,0.0
48855_366_0,0.08,0.28,21226.11,10283.24,1.0
48856_366_0,1.41,5.09,19847.95,12926.01,0.0
48857_366_0,0.0,0.0,15289.44,10600.52,8.0
48858_366_0,7.61,27.39,19671.1,17338.34,0.0
48860_366_0,14.45,52.03,18782.66,18586.85,0.0
48861_366_0,13.06,47.03,14886.71,9226.94,0.0
48862_366_0,0.0,0.0,21169.11,10330.89,20.0
48864_366_0,33.47,120.48,12870.41,8161.65,0.0
48865_366_0,13.53,48.7,10690.13,14017.65,0.0
48870_366_0,11.31,40.71,20049.2,17334.76,0.0
48872_366_0,1.15,4.13,20752.71,8212.59,0.0
48873_366_0,12.31,44.31,22697.89,18739.17,0.0
48877_366_0,11.41,41.08,16814.71,15208.38,0.0
48878_366_0,27.17,97.81,23546.18,5028.82,0.0
48879_366_0,11.51,41.45,14810.08,13880.54,0.0
48884_366_0,0.0,0.0,11838.87,14645.77,13.0
48885_366_0,10.75,38.69,14149.11,16941.86,0.0
48889_366_0,14.8,53.28,9183.19,13927.39,0.0
48891_366_0,35.15,126.52,17015.68,10729.33,0.0
48892_366_0,11.72,42.2,12961.88,12967.61,0.0
48893_366_0,0.0,0.0,12636.8,10492.45,11.0
48895_366_0,16.09,57.91,6572.18,18568.03,0.0
48896_366_0,12.65,45.55,8884.01,22185.49,0.0
48897_366_0,7.35,26.44,8433.04,15195.37,0.0
48902_366_0,12.44,44.78,16823.47,6430.81,0.0
48903_366_0,0.0,0.0,6169.05,14291.18,34.0
48905_366_0,13.79,49.64,14789.65,16200.82,0.0
48906_366_0,6.75,24.31,10360.29,25568.73,0.0
48907_366_0,27.9,100.42,10449.31,19497.22,0.0
48909_366_0,7.14,25.72,13007.36,11397.74,0.0
48910_366_0,16.07,57.84,6031.49,12920.37,0.0
48911_366_0,13.57,48.85,5252.96,13806.48,0.0
48913_366_0,12.37,44.53,10855.33,13750.65,0.0
48918_366_0,0.83,2.97,12694.12,12858.9,0.0
48920_366_0,9.0,32.4,19175.94,5115.98,0.0
48923_366_0,15.31,55.11,11472.1,17820.52,0.0
48924_366_0,9.0,32.41,12579.64,13891.66,0.0
48925_366_0,12.23,44.02,7218.64,14214.3,0.0
48926_366_0,13.14,47.3,12905.45,13079.61,0.0
48930_366_0,13.04,46.93,17299.2,15854.45,0.0
48932_366_0,25.95,93.42,22071.93,10009.52,0.0
48935_366_0,14.85,53.45,18549.95,11504.06,0.0
48937_366_0,23.81,85.73,6252.41,13346.29,0.0
48940_366_0,15.66,56.37,11194.34,18424.02,0.0
48948_366_0,16.33,58.78,14977.14,4784.65,0.0
48949_366_0,8.06,29.02,19671.84,17223.1,0.0
48953_366_0,13.5,48.61,5538.51,16300.22,0.0
48955_366_0,14.3,51.48,17683.68,16175.22,0.0
48957_366_0,4.45,16.02,16638.86,19511.04,0.0
48958_366_0,20.09,72.33,17934.93,24695.88,0.0
48959_366_0,10.38,37.36,13372.8,10446.13,0.0
48960_366_0,7.54,27.13,23071.01,12210.92,0.0
48963_366_0,16.07,57.86,19676.3,15631.32,0.0
48964_366_0,13.44,48.38,23913.62,7409.55,0.0
48968_366_0,0.0,0.0,19413.64,17157.72,1.0
48971_366_0,4.15,14.95,23569.1,5154.21,0.0
48974_366_0,12.64,45.5,13058.44,17583.58,0.0
48975_366_0,0.0,0.0,21179.75,10325.63,19.0
48979_366_0,0.0,0.0,16649.1,8772.6,13.0
48981_366_0,13.72,49.38,22790.5,4879.65,0.0
48982_366_0,2.34,8.43,20742.91,7972.57,0.0
48987_366_0,1.9,6.84,17274.96,7994.95,0.0
48989_366_0,15.58,56.09,13912.35,15418.64,0.0
48991_366_0,12.72,45.8,20627.47,12905.78,0.0
48996_366_0,13.78,49.59,22399.18,9962.94,0.0
48998_366_0,17.41,62.68,9827.63,23237.96,0.0
48999_366_0,0.01,0.04,13974.99,16010.57,3.0
49000_366_0,6.06,21.82,13984.5,16603.73,0.0
49001_366_0,6.42,23.12,11401.01,15853.06,0.0
49002_366_0,25.97,93.47,21715.87,10292.39,0.0
49003_366_0,0.99,3.55,14912.02,5842.82,0.0
49004_366_0,19.48,70.11,12941.07,23786.71,0.0
49005_366_0,12.09,43.52,14803.05,8982.35,0.0
49006_366_0,12.73,45.83,22614.64,7059.17,0.0
49007_366_0,10.98,39.52,11996.69,15463.09,0.0
49008_366_0,10.53,37.91,13434.28,16981.64,0.0
49009_366_0,10.09,36.33,16695.76,8811.1,0.0
49012_366_0,13.79,49.66,7033.53,27221.73,0.0
49014_366_0,13.5,48.6,9699.68,20301.28,0.0
49016_366_0,19.67,70.82,6480.22,27082.94,0.0
49020_366_0,17.6,63.36,11693.71,13557.53,0.0
49021_366_0,16.48,59.33,8230.63,17461.08,0.0
49023_366_0,8.01,28.84,23410.67,14885.36,0.0
49026_366_0,0.0,0.0,14102.34,16501.35,5.0
49028_366_0,14.29,51.43,15986.17,15018.85,0.0
49030_366_0,24.92,89.7,20589.02,10492.35,0.0
49032_366_0,12.61,45.39,17111.19,16034.22,0.0
49033_366_0,7.98,28.74,11235.74,13401.93,0.0
49036_366_0,8.67,31.2,16908.43,13686.31,0.0
49037_366_0,0.0,0.0,11625.76,14830.39,12.0
49038_366_0,0.17,0.6,8527.0,21863.9,0.0
49041_366_0,13.68,49.23,13406.94,13796.02,0.0
49042_366_0,7.97,28.7,17611.08,14057.95,0.0
49044_366_0,0.0,0.0,14073.65,15216.09,4.0
49045_366_0,13.57,48.85,19065.92,15890.16,0.0
49047_366_0,5.89,21.2,14942.66,18065.03,0.0
49048_366_0,0.0,0.0,12695.02,13235.25,8.0
49049_366_0,5.31,19.11,12361.45,7634.86,0.0
49051_366_0,5.95,21.43,5657.41,14605.26,0.0
49052_366_0,14.23,51.23,14949.33,3754.34,0.0
49053_366_0,10.98,39.54,23229.69,3902.18,0.0
49056_366_0,14.29,51.43,21042.16,14879.38,0.0
49057_366_0,5.95,21.43,15601.23,13135.08,0.0
49058_366_0,13.16,47.39,14357.05,10399.1,0.0
49061_366_0,0.0,0.0,17537.1,16792.62,23.0
49062_366_0,13.45,48.43,20469.28,7028.26,0.0
49064_366_0,0.0,0.0,12865.45,12309.47,8.0
49068_366_0,10.71,38.57,10885.8,14667.49,0.0
49070_366_0,11.73,42.24,14485.52,8497.06,0.0
49071_366_0,13.26,47.74,18573.03,6621.59,0.0
49077_366_0,5.59,20.14,13783.6,17293.82,0.0
49080_366_0,0.0,0.0,12501.69,11952.63,9.0
49082_366_0,2.4,8.64,12653.82,18222.77,0.0
49085_366_0,15.17,54.63,17427.01,18129.33,0.0
49090_366_0,26.61,95.78,23245.12,7967.44,0.0
49091_366_0,14.73,53.03,21814.16,12444.13,0.0
49094_366_0,13.73,49.44,18347.4,16961.65,0.0
49096_366_0,24.58,88.49,21594.11,10619.87,0.0
49097_366_0,6.02,21.66,13750.03,14822.32,0.0
49098_366_0,8.07,29.05,9502.65,16763.54,0.0
49101_366_0,4.93,17.76,13882.07,10321.07,0.0
49102_366_0,25.72,92.59,12491.53,23870.72,0.0
49103_366_0,30.04,108.14,17356.52,11032.89,0.0
49104_366_0,21.42,77.12,16723.86,14917.44,0.0
49105_367_0,12.27,44.16,10173.43,19290.01,0.0
49109_367_0,0.01,0.02,16893.75,20701.71,3.0
49110_367_0,14.08,50.67,9833.7,17554.62,0.0
49112_367_0,13.94,50.18,8914.77,22205.22,0.0
49114_367_0,4.85,17.45,16121.68,10306.35,0.0
49116_367_0,13.49,48.57,12765.55,15037.27,0.0
49120_367_0,9.65,34.74,10480.34,15647.89,0.0
49122_367_0,13.72,49.4,5768.38,25659.59,0.0
49124_367_0,10.67,38.4,11105.21,14761.04,0.0
49125_367_0,0.0,0.0,15690.13,8438.48,21.0
49126_367_0,10.79,38.83,14851.93,11577.71,0.0
49130_367_0,12.24,44.07,6941.99,14231.97,0.0
49133_367_0,14.89,53.61,16105.04,11809.54,0.0
49134_367_0,43.17,155.4,23862.53,7903.55,0.0
49137_367_0,0.0,0.0,6422.87,14262.89,9.0
49141_367_0,13.03,46.9,15651.33,14481.19,0.0
49144_367_0,14.0,50.41,8526.2,18468.58,0.0
49146_367_0,0.0,0.0,17050.67,13666.62,12.0
49148_367_0,6.03,21.7,17446.86,16806.21,0.0
49152_367_0,0.0,0.0,17987.85,15756.12,6.0
49154_367_0,36.34,130.82,17107.73,10825.68,0.0
49155_367_0,11.62,41.84,19326.75,17659.64,0.0
49156_367_0,7.92,28.52,9375.63,15940.9,0.0
49157_367_0,12.41,44.69,14769.84,18057.88,0.0
49158_367_0,9.88,35.57,7832.7,14197.26,0.0
49159_367_0,11.53,41.52,10647.06,23005.99,0.0
49162_367_0,12.39,44.59,9000.27,14129.66,0.0
49164_367_0,10.32,37.15,21190.4,7723.77,0.0
49165_367_0,32.17,115.8,19317.82,16789.52,0.0
49168_367_0,14.34,51.61,19571.98,17201.58,0.0
49169_367_0,17.15,61.74,18392.95,15142.42,0.0
49171_367_0,10.28,36.99,20812.48,8649.14,0.0
49172_367_0,9.95,35.82,15145.11,16152.93,0.0
49173_367_0,15.98,57.51,16596.3,14672.37,0.0
49174_367_0,15.28,55.01,7090.09,14221.09,0.0
49176_367_0,0.14,0.49,17898.09,17626.05,0.0
49177_367_0,4.34,15.64,17498.26,16912.39,0.0
49179_367_0,12.13,43.65,9943.29,13762.76,0.0
49180_367_0,14.71,52.96,21838.2,9722.0,0.0
49181_367_0,13.59,48.92,15181.63,13897.1,0.0
49182_367_0,14.12,50.85,10466.58,9706.8,0.0
49183_367_0,10.17,36.6,17813.75,4377.86,0.0
49184_367_0,0.0,0.0,18576.16,6992.96,0.0
49185_367_0,16.6,59.75,17093.16,19435.38,0.0
49187_367_0,13.75,49.51,16100.45,13219.59,0.0
49191_367_0,0.78,2.8,11026.96,15287.34,0.0
49193_367_0,10.59,38.11,13578.02,13256.37,0.0
49194_367_0,13.93,50.13,10621.39,17333.37,0.0
49198_367_0,0.0,0.0,11844.98,14643.26,9.0
49200_367_0,1.0,3.59,23805.84,4990.5,0.0
49201_367_0,13.5,48.59,13690.09,4197.3,0.0
49202_367_0,15.8,56.9,10181.79,18557.33,0.0
49204_367_0,28.65,103.15,15721.13,9082.74,0.0
49205_367_0,12.01,43.25,22302.38,17947.69,0.0
49206_367_0,14.02,50.46,11216.61,15535.56,0.0
49207_367_0,12.3,44.3,8060.98,14190.54,0.0
49208_367_0,17.9,64.43,16075.82,6124.08,0.0
49209_367_0,12.75,45.9,8977.66,22238.25,0.0
49213_367_0,33.58,120.87,22556.78,9576.51,0.0
49215_367_0,25.51,91.84,8252.46,20191.31,0.0
49218_367_0,3.39,12.21,18001.52,15751.11,0.0
49219_367_0,6.63,23.87,5757.86,14526.95,0.0
49220_367_0,2.29,8.25,14272.52,18078.59,0.0
49221_367_0,13.56,48.81,12659.82,13263.48,0.0
49223_367_0,24.15,86.93,23324.04,8544.84,0.0
49224_367_0,12.66,45.57,13206.82,15865.44,0.0
49225_367_0,14.23,51.23,12198.72,12843.19,0.0
49229_367_0,0.0,0.0,21164.04,10348.44,23.0
49230_367_0,23.43,84.36,23481.2,6742.44,0.0
49232_367_0,12.67,45.61,12065.04,18554.09,0.0
49235_367_0,20.03,72.11,22165.69,9935.06,0.0
49238_367_0,22.85,82.27,17011.21,14962.66,0.0
49240_367_0,0.0,0.0,19849.0,12962.71,17.0
49241_367_0,7.84,28.21,10186.93,21284.8,0.0
49242_367_0,12.2,43.93,10825.33,13746.82,0.0
49244_367_0,9.69,34.89,23072.05,4244.22,0.0
49246_367_0,4.21,15.16,23776.52,4990.01,0.0
49250_367_0,12.94,46.57,19542.89,5491.23,0.0
49251_367_0,12.72,45.78,15123.07,15966.78,0.0
49252_367_0,11.85,42.64,23389.69,13233.69,0.0
49254_367_0,23.32,83.94,9172.11,21163.06,0.0
49255_367_0,0.0,0.0,13315.83,18029.84,15.0
49257_367_0,13.52,48.65,22081.02,9947.66,0.0
49260_367_0,7.74,27.87,10363.19,11705.52,0.0
49261_367_0,10.12,36.41,11436.06,12546.22,0.0
49263_367_0,16.22,58.39,12576.32,23203.3,0.0
49266_367_0,2.14,7.72,19423.2,17160.83,0.0
49268_367_0,11.59,41.71,22458.69,14631.12,0.0
49270_367_0,12.95,46.63,11811.43,13945.19,0.0
49271_367_0,10.58,38.09,11369.65,11470.46,0.0
49274_367_0,25.24,90.87,11798.96,16886.45,0.0
49275_367_0,8.37,30.14,18939.05,15402.11,0.0
49276_367_0,1.98,7.15,19956.23,17307.11,0.0
49277_367_0,16.43,59.14,16420.11,12760.7,0.0
49280_367_0,15.35,55.26,13012.85,13834.54,0.0
49281_367_0,11.39,41.02,17580.32,17179.01,0.0
49282_367_0,0.98,3.52,20303.41,17390.27,0.0
49283_367_0,11.63,41.88,16657.48,13579.13,0.0
49284_367_0,17.21,61.94,8946.02,21792.03,0.0
49285_367_0,18.68,67.25,10843.95,10235.77,0.0
49286_367_0,0.0,0.02,19505.57,17181.0,3.0
49294_367_0,12.39,44.62,16678.65,8801.25,0.0
49301_367_0,0.0,0.0,17061.79,13665.17,4.0
49303_367_0,12.26,44.14,18471.89,18382.48,0.0
49304_367_0,12.89,46.4,8146.49,13552.82,0.0
49305_367_0,11.65,41.92,15538.99,10185.28,0.0
49306_367_0,0.05,0.18,10852.92,13198.81,1.0
49310_367_0,10.86,39.09,20706.48,17457.64,0.0
49313_367_0,12.18,43.86,6576.64,15149.18,0.0
49315_367_0,13.6,48.96,21340.46,9827.34,0.0
49320_367_0,0.0,0.01,13883.18,12275.15,5.0
49322_367_0,0.0,0.0,15451.98,13919.63,14.0
49324_367_0,18.26,65.75,17535.81,12522.99,0.0
49327_367_0,30.44,109.6,21121.52,10457.51,0.0
49333_367_0,25.2,90.72,17024.1,14960.4,0.0
49334_367_0,14.2,51.14,12689.76,17751.07,0.0
49335_367_0,0.0,0.0,12373.4,13530.86,6.0
49337_367_0,1.29,4.64,8444.65,21418.85,0.0
49339_367_0,13.53,48.72,14456.47,9751.32,0.0
49340_367_0,15.69,56.5,13261.91,17192.38,0.0
49341_367_0,13.12,47.23,9211.41,15181.55,0.0
49342_367_0,13.48,48.53,20577.27,17806.67,0.0
49345_367_0,11.82,42.53,13857.86,13022.45,0.0
49346_367_0,18.25,65.69,9800.24,23215.55,0.0
49347_367_0,11.7,42.11,6821.51,18438.75,0.0
49348_367_0,11.75,42.29,20544.75,18059.71,0.0
49351_367_0,14.45,52.01,13820.21,14566.71,0.0
49353_367_0,11.66,41.99,8024.5,14191.52,0.0
49354_367_0,7.76,27.95,11067.15,12430.22,0.0
49355_367_0,25.04,90.13,13493.09,21656.17,0.0
49357_367_0,34.62,124.62,14880.97,8311.13,0.0
49362_367_0,12.46,44.84,14390.42,13836.42,0.0
49366_367_0,6.91,24.88,13379.92,13608.89,0.0
49368_367_0,12.82,46.16,17101.1,14434.61,0.0
49369_367_0,12.79,46.06,22657.66,12552.92,0.0
49370_367_0,30.79,110.83,19803.7,10727.74,0.0
49373_367_0,0.0,0.0,13063.61,10998.1,16.0
49374_367_0,5.17,18.62,15032.68,13184.11,0.0
49376_367_0,0.0,0.0,22969.45,7525.34,23.0
49377_367_0,7.6,27.34,10510.87,11648.53,0.0
49379_367_0,12.35,44.45,17158.78,16697.54,0.0
49381_367_0,18.1,65.15,16994.46,20328.24,0.0
49383_367_0,13.58,48.88,22627.13,6992.32,0.0
49389_367_0,0.01,0.03,11771.79,15636.62,2.0
49390_367_0,7.23,26.01,19136.11,9731.86,0.0
49391_367_0,14.12,50.84,10225.6,18848.82,0.0
49394_367_0,10.97,39.47,9583.68,23865.58,0.0
49397_367_0,10.85,39.05,16027.72,19970.45,0.0
49398_367_0,6.95,25.01,21269.77,8561.45,0.0
49399_367_0,28.83,103.79,11683.84,22631.34,0.0
49400_367_0,8.17,29.41,17340.42,16624.27,0.0
49402_367_0,24.39,87.82,22386.03,15106.41,0.0
49403_367_0,1.01,3.62,12350.42,13543.48,0.0
49404_367_0,14.31,51.53,20225.5,12976.77,0.0
49405_367_0,13.59,48.93,8098.19,14189.54,0.0
49407_367_0,11.26,40.52,12612.58,15064.9,0.0
49409_367_0,1.42,5.11,14926.15,18065.53,0.0
49410_367_0,0.0,0.0,16491.7,14325.56,5.0
49411_367_0,12.95,46.61,19598.83,20435.55,0.0
49412_367_0,14.38,51.78,13383.26,13782.75,0.0
49413_367_0,10.38,37.36,14061.25,16042.3,0.0
49414_367_0,14.92,53.72,12100.1,12508.85,0.0
49417_367_0,12.24,44.07,21435.97,10347.96,0.0
49418_367_0,11.81,42.52,19917.83,14258.02,0.0
49420_367_0,11.84,42.64,14371.9,14559.69,0.0
49421_367_0,11.98,43.14,8195.4,17481.32,0.0
49423_367_0,27.89,100.41,19372.01,16528.34,0.0
49424_367_0,14.51,52.25,6445.65,14348.39,0.0
49425_367_0,11.78,42.41,12454.44,13024.18,0.0
49428_367_0,10.87,39.12,16867.16,8070.46,0.0
49429_367_0,14.07,50.64,14367.22,13832.8,0.0
49432_367_0,8.16,29.37,13832.19,5251.99,0.0
49433_367_0,13.77,49.59,17356.47,16653.68,0.0
49435_367_0,0.56,2.0,15677.91,13939.75,0.0
49436_367_0,0.68,2.45,14934.38,5855.53,0.0
49439_367_0,12.61,45.41,12736.37,14160.23,0.0
49444_367_0,31.26,112.53,21500.65,11186.81,0.0
49445_367_0,28.44,102.38,10765.27,19048.97,0.0
49447_367_0,14.48,52.14,12834.86,8515.46,0.0
49448_367_0,0.0,0.02,10034.73,20607.02,4.0
49449_367_0,13.3,47.89,12822.35,8494.15,0.0
49450_367_0,12.97,46.7,17414.98,19763.2,0.0
49452_367_0,12.12,43.62,11091.46,13431.57,0.0
49453_367_0,14.22,51.18,15465.3,12524.92,0.0
49456_367_0,11.72,42.18,14434.92,15770.46,0.0
49457_367_0,13.64,49.09,13108.32,23576.82,0.0
49460_367_0,0.0,0.0,9468.39,23711.9,6.0
49461_367_0,12.1,43.57,13464.88,16758.85,0.0
49463_367_0,12.22,43.99,13111.11,17651.85,0.0
49464_367_0,12.75,45.91,12407.49,15579.2,0.0
49469_367_0,0.0,0.0,19850.89,12966.09,11.0
49470_367_0,11.15,40.13,16474.62,14389.62,0.0
49471_367_0,10.18,36.65,14125.95,16610.02,0.0
49473_367_0,38.15,137.36,14578.73,8170.37,0.0
49474_367_0,0.13,0.46,14274.88,11012.06,0.0
49477_367_0,0.43,1.54,13338.44,12895.41,0.0
49481_367_0,17.91,64.47,14747.74,19021.92,0.0
49482_367_0,11.29,40.66,19479.82,20088.4,0.0
49483_367_0,0.91,3.26,19963.68,17309.32,0.0
49484_367_0,12.59,45.33,15535.18,11580.93,0.0
49485_367_0,12.26,44.13,18295.55,19442.39,0.0
49488_367_0,10.07,36.24,13189.31,12732.75,0.0
49489_367_0,1.1,3.97,12195.2,15335.72,0.0
49490_367_0,12.95,46.61,19105.25,12197.2,0.0
49493_367_0,13.19,47.49,11557.83,13327.59,0.0
49496_367_0,0.48,1.71,9990.63,14055.1,0.0
49497_367_0,11.12,40.03,20280.54,6556.97,0.0
49499_367_0,0.0,0.0,9557.74,23848.27,6.0
49500_367_0,22.38,80.56,17225.48,14976.61,0.0
49501_367_0,28.23,101.65,10572.66,19342.39,0.0
49503_367_0,14.55,52.39,6435.37,14570.93,0.0
49505_367_0,11.8,42.47,7498.02,18861.12,0.0
49508_367_0,0.3,1.08,17523.83,17276.3,0.0
49511_367_0,0.0,0.0,9460.79,22595.25,55.0
49515_367_0,25.05,90.18,10433.73,19519.32,0.0
49516_367_0,12.25,44.09,14336.83,14290.55,0.0
49518_367_0,22.1,79.56,23524.21,5783.23,0.0
49521_367_0,31.73,114.23,17788.46,11267.3,0.0
49522_367_0,25.7,92.54,23378.72,8327.05,0.0
49523_367_0,11.87,42.74,15191.67,13370.26,0.0
49528_367_0,32.9,118.43,17661.03,11236.56,0.0
49530_367_0,15.11,54.38,5760.13,25680.39,0.0
49531_367_0,0.0,0.0,9455.43,22603.68,52.0
49534_367_0,0.0,0.0,17011.04,10931.01,7.0
49535_367_0,15.54,55.94,13869.43,14815.94,0.0
49536_367_0,12.04,43.35,9460.94,25779.61,0.0
49541_367_0,13.19,47.5,17391.5,6170.69,0.0
49544_367_0,0.0,0.0,16438.03,9058.29,3.0
49545_367_0,4.8,17.27,12875.45,13135.15,0.0
49546_367_0,8.67,31.21,23974.27,5320.26,0.0
49551_367_0,24.41,87.88,8496.99,22052.43,0.0
49552_367_0,25.4,91.45,10542.91,19392.06,0.0
49553_367_0,11.36,40.89,19744.5,17632.99,0.0
49554_367_0,13.13,47.25,17476.83,16956.75,0.0
49556_367_0,14.1,50.77,15300.72,14964.25,0.0
49557_367_0,0.0,0.0,24225.08,7632.17,11.0
49560_367_0,0.32,1.15,14954.16,16210.52,0.0
49561_367_0,12.67,45.62,15988.38,13827.8,0.0
49563_367_0,11.61,41.8,16762.96,13907.9,0.0
49566_367_0,7.65,27.52,19821.21,20395.83,0.0
49567_367_0,16.32,58.75,11763.13,14383.52,0.0
49570_367_0,16.96,61.07,11691.82,13647.44,0.0
49571_367_0,10.35,37.27,14280.12,15482.16,0.0
49572_367_0,22.37,80.55,12467.9,23872.2,0.0
49573_367_0,19.38,69.78,22265.0,9839.7,0.0
49574_367_0,9.75,35.09,23845.92,17564.64,0.0
49582_367_0,11.67,42.02,16819.36,16391.48,0.0
49583_367_0,14.02,50.49,13670.81,10254.0,0.0
49585_367_0,6.5,23.39,15494.61,14201.8,0.0
49586_367_0,13.06,47.0,13177.83,19400.08,0.0
49590_367_0,13.28,47.8,14132.29,10753.31,0.0
49593_367_0,18.09,65.12,19677.95,15049.91,0.0
49594_367_0,0.0,0.0,21297.05,10194.27,12.0
49596_367_0,14.59,52.53,12510.07,15144.7,0.0
49597_367_0,7.5,26.99,11725.01,11849.56,0.0
49599_367_0,0.0,0.0,13616.1,14316.53,0.0
49600_367_0,0.0,0.02,12355.87,15333.79,3.0
49602_367_0,2.28,8.21,12913.5,13003.4,0.0
49607_367_0,13.64,49.11,15389.05,17451.84,0.0
49609_367_0,0.36,1.31,11860.9,12169.04,0.0
49611_367_0,0.0,0.0,12673.34,11834.45,7.0
49614_367_0,12.9,46.44,18906.01,19848.18,0.0
49615_367_0,13.14,47.31,16373.73,8879.46,0.0
49622_367_0,13.24,47.66,6155.03,26691.16,0.0
49623_367_0,11.91,42.88,13790.33,13712.47,0.0
49624_367_0,0.05,0.18,14016.44,15865.92,1.0
49626_367_0,6.68,24.04,14458.81,19966.82,0.0
49629_367_0,14.84,53.42,9782.77,17581.55,0.0
49631_367_0,0.0,0.0,20751.91,8240.87,5.0
49633_367_0,0.0,0.01,21875.98,7545.97,4.0
49634_367_0,11.62,41.82,20453.34,6987.13,0.0
49636_367_0,12.34,44.41,14444.1,9907.24,0.0
49637_367_0,14.24,51.27,16965.18,10850.82,0.0
49639_367_0,24.3,87.47,19001.51,18079.91,0.0
49640_367_0,10.73,38.63,7960.14,16841.95,0.0
49642_367_0,13.9,50.05,6940.2,22888.05,0.0
49648_367_0,5.73,20.62,11917.94,15489.73,0.0
49649_367_0,0.0,0.0,9878.03,20494.92,12.0
49650_367_0,11.18,40.24,8004.78,14195.35,0.0
49651_367_0,11.92,42.91,9751.74,14623.69,0.0
49652_367_0,12.86,46.31,21041.06,15246.72,0.0
49653_367_0,12.57,45.24,20583.71,19264.76,0.0
49655_367_0,11.99,43.18,20351.11,14373.0,0.0
49656_367_0,12.39,44.62,12761.29,11452.46,0.0
49662_367_0,0.0,0.0,10972.68,24014.32,23.0
49663_367_0,6.46,23.27,20835.12,8409.21,0.0
49664_367_0,7.31,26.31,15032.3,14163.76,0.0
49666_367_0,0.41,1.48,8595.15,21712.21,0.0
49668_367_0,23.93,86.16,9060.21,21317.59,0.0
49671_367_0,11.88,42.78,15859.26,13097.16,0.0
49672_367_0,11.1,39.95,17124.83,16713.33,0.0
49673_367_0,0.0,0.0,19853.34,17280.8,17.0
49674_367_0,13.69,49.29,17351.09,16664.05,0.0
49686_367_0,19.53,70.29,12728.49,9249.64,0.0
49687_367_0,12.78,46.01,9529.24,23107.62,0.0
49688_367_0,15.6,56.14,13606.34,18145.93,0.0
49689_367_0,11.53,41.52,9408.88,22441.6,0.0
49690_367_0,0.0,0.0,16215.65,13824.77,19.0
49693_367_0,12.12,43.64,11593.26,11337.07,0.0
49694_367_0,13.99,50.35,19570.71,20178.81,0.0
49696_367_0,29.92,107.7,19338.87,16678.47,0.0
49698_367_0,13.23,47.62,14720.53,13873.35,0.0
49700_367_0,12.2,43.92,12180.52,15932.08,0.0
49701_367_0,0.0,0.0,14265.72,10987.39,6.0
49702_367_0,14.28,51.41,10611.01,12886.44,0.0
49708_367_0,0.06,0.2,8352.52,14181.25,1.0
49711_367_0,14.95,53.81,16924.16,12657.25,0.0
49712_367_0,20.22,72.79,16957.89,15689.3,0.0
49714_367_0,16.89,60.8,11912.5,20875.99,0.0
49717_367_0,24.76,89.12,22129.78,9970.12,0.0
49722_367_0,11.59,41.73,13129.73,12805.03,0.0
49725_367_0,7.64,27.49,20099.92,19515.32,0.0
49729_367_0,11.84,42.64,15027.0,18080.88,0.0
49730_367_0,0.28,1.02,13325.46,14386.92,0.0
49731_367_0,18.1,65.17,8327.11,19333.73,0.0
49733_367_0,13.85,49.87,5276.34,14308.01,0.0
49735_367_0,13.21,47.57,7891.98,16189.82,0.0
49736_367_0,5.16,18.58,12532.89,11937.03,0.0
49742_367_0,10.78,38.8,7398.26,15852.67,0.0
49743_367_0,12.77,45.98,12307.22,15743.65,0.0
49748_367_0,5.04,18.13,17483.08,14393.91,0.0
49751_367_0,0.0,0.0,9466.42,22576.25,60.0
49752_367_0,34.03,122.52,13179.35,8091.01,0.0
49753_367_0,0.0,0.0,11560.0,14455.9,9.0
49754_367_0,0.0,0.0,9441.22,22626.18,54.0
49756_367_0,13.07,47.04,12786.87,15830.42,0.0
49757_367_0,0.75,2.7,12936.77,13855.51,0.0
49759_367_0,12.4,44.65,13740.3,14042.03,0.0
49761_367_0,1.59,5.73,19917.94,17295.76,0.0
49762_367_0,13.55,48.78,16367.48,17088.57,0.0
49763_367_0,12.99,46.77,7625.58,14210.71,0.0
49766_367_0,14.09,50.71,18178.85,15377.57,0.0
49767_367_0,14.21,51.15,6678.71,15763.03,0.0
49768_367_0,13.73,49.44,13920.26,13157.99,0.0
49771_367_0,0.0,0.0,15671.19,8458.39,26.0
49773_367_0,10.77,38.77,13116.48,13160.54,0.0
49774_367_0,23.61,85.01,16047.57,14967.72,0.0
49775_367_0,13.15,47.35,7124.79,19972.99,0.0
49778_367_0,1.32,4.75,20748.13,8101.41,0.0
49782_367_0,7.96,28.64,16298.49,13275.16,0.0
49785_367_0,14.27,51.38,16336.68,12425.88,0.0
49787_367_0,0.0,0.01,12275.91,15284.79,3.0
49789_367_0,16.09,57.92,20734.3,7904.71,0.0
49790_367_0,1.22,4.38,8535.57,21799.11,0.0
49793_367_0,12.91,46.46,12925.72,20257.53,0.0
49794_367_0,16.35,58.87,12106.24,15065.58,0.0
49796_367_0,14.16,50.99,11754.81,16330.31,0.0
49798_367_0,13.78,49.59,15044.07,18621.16,0.0
49801_367_0,0.0,0.0,11658.34,14809.26,13.0
49802_367_0,12.44,44.8,19522.68,13582.32,0.0
49804_367_0,15.11,54.39,14088.57,16344.12,0.0
49808_367_0,13.86,49.88,12172.37,13341.45,0.0
49809_367_0,0.0,0.0,17200.62,10782.32,4.0
49810_367_0,13.43,48.35,15420.25,10369.6,0.0
49811_367_0,5.46,19.65,20401.65,19970.05,0.0
49814_367_0,14.13,50.85,7772.41,12541.5,0.0
49816_367_0,13.57,48.84,18037.12,6039.42,0.0
49817_367_0,15.55,55.97,13734.13,15330.11,0.0
49818_367_0,10.78,38.8,12805.92,14516.84,0.0
49820_367_0,13.97,50.28,17292.19,18617.1,0.0
49821_367_0,12.59,45.34,10904.02,10423.56,0.0
49822_367_0,12.31,44.3,23458.62,14885.84,0.0
49823_367_0,12.45,44.82,11856.93,13341.51,0.0
49827_367_0,0.02,0.06,18705.06,14717.87,1.0
49828_367_0,13.6,48.95,17993.45,15781.3,0.0
49831_367_0,14.73,53.02,16949.59,16797.45,0.0
49835_367_0,11.41,41.09,14835.2,3909.46,0.0
49837_367_0,12.66,45.58,18257.55,14171.78,0.0
49839_367_0,14.22,51.21,9160.07,16211.71,0.0
49841_367_0,13.6,48.95,13442.69,23329.81,0.0
49843_367_0,10.42,37.51,22297.35,17306.69,0.0
49844_367_0,19.23,69.22,19108.56,15399.85,0.0
49845_367_0,14.9,53.65,14992.87,14146.65,0.0
49852_367_0,14.04,50.54,8868.41,21558.01,0.0
49853_367_0,13.8,49.68,17020.57,15872.96,0.0
49856_367_0,16.3,58.68,14452.38,8311.19,0.0
49857_367_0,13.68,49.26,17053.59,14558.53,0.0
49859_367_0,17.54,63.15,17668.68,10511.88,0.0
49861_367_0,0.0,0.0,13457.14,12097.87,12.0
49863_367_0,31.86,114.7,19377.67,16502.71,0.0
49868_367_0,0.0,0.0,11673.06,13609.05,9.0
49869_367_0,7.38,26.56,23310.39,11588.43,0.0
49872_367_0,0.0,0.0,19368.49,17150.01,7.0
49875_367_0,0.35,1.28,12267.14,15290.46,0.0
49878_367_0,12.2,43.9,11316.71,15034.58,0.0
49879_367_0,11.81,42.5,12357.64,14405.1,0.0
49886_367_0,16.52,59.49,9198.94,13785.57,0.0
49887_367_0,13.33,47.97,10798.21,12521.82,0.0
49888_367_0,14.1,50.77,18516.67,7250.49,0.0
49890_367_0,21.88,78.78,22753.52,15176.63,0.0
49892_367_0,13.3,47.86,11525.29,12585.51,0.0
49895_367_0,12.93,46.53,5922.29,25657.69,0.0
49896_367_0,14.09,50.72,12794.25,16286.96,0.0
49898_367_0,1.07,3.84,11752.23,15653.35,0.0
49903_367_0,11.44,41.2,13060.42,10792.78,0.0
49904_367_0,12.28,44.2,17622.45,14070.94,0.0
49905_367_0,13.18,47.45,16951.89,10833.93,0.0
49907_367_0,0.0,0.0,11830.48,11624.38,10.0
49913_367_0,25.56,92.01,22025.75,10055.76,0.0
49917_367_0,0.0,0.0,17533.68,16790.0,14.0
49918_367_0,12.13,43.68,14212.32,10243.76,0.0
49920_367_0,8.53,30.69,14924.47,6473.57,0.0
49921_367_0,12.11,43.6,9015.32,14131.65,0.0
49922_367_0,12.9,46.44,14279.99,13161.67,0.0
49923_367_0,12.13,43.67,9794.25,15776.0,0.0
49925_367_0,12.02,43.26,15976.15,15036.56,0.0
49926_367_0,26.4,95.02,11158.11,18355.01,0.0
49928_367_0,10.28,37.01,8108.67,17650.83,0.0
49929_367_0,8.85,31.85,15025.88,13198.0,0.0
49930_367_0,14.32,51.54,14859.71,11541.18,0.0
49935_367_0,13.71,49.35,15132.26,16058.99,0.0
49936_367_0,13.49,48.58,10317.7,18540.38,0.0
49937_367_0,0.0,0.0,11943.35,12262.32,12.0
49942_367_0,10.03,36.12,20734.54,7954.92,0.0
49943_367_0,15.08,54.28,10075.48,12528.33,0.0
49945_367_0,14.66,52.77,21542.43,10777.6,0.0
49947_367_0,17.3,62.29,6149.01,14237.77,0.0
49948_367_0,28.13,101.27,11754.16,16919.03,0.0
49949_367_0,14.74,53.05,6137.54,26638.51,0.0
49950_367_0,10.9,39.25,14925.66,17754.49,0.0
49954_367_0,9.96,35.85,11231.68,26358.6,0.0
49956_367_0,11.55,41.58,15348.65,18271.24,0.0
49957_367_0,8.94,32.2,16982.97,19622.14,0.0
49959_367_0,11.96,43.07,14030.31,12432.17,0.0
49960_367_0,0.0,0.0,12521.16,11945.45,21.0
49963_367_0,7.83,28.19,11653.65,14627.15,0.0
49964_367_0,13.73,49.43,16090.55,17516.72,0.0
49966_367_0,0.0,0.0,19482.81,17174.38,12.0
49970_367_0,11.14,40.1,16375.63,15009.32,0.0
49975_367_0,8.58,30.9,22972.67,17575.36,0.0
49977_367_0,7.63,27.47,17500.94,16793.82,0.0
49982_367_0,0.0,0.0,12724.94,20684.37,12.0
49987_367_0,11.22,40.4,17107.48,16721.4,0.0
49989_367_0,2.11,7.58,14002.01,14909.73,0.0
49991_367_0,0.02,0.06,20750.28,8156.08,4.0
49996_367_0,0.0,0.0,16084.49,7967.87,22.0
49998_368_0,15.81,56.93,12927.84,8678.97,0.0
49999_368_0,10.04,36.13,20147.06,16818.74,0.0
50001_368_0,13.46,48.45,14434.27,16400.22,0.0
50005_368_0,13.13,47.25,21248.33,14568.13,0.0
50007_368_0,12.56,45.21,13583.19,13261.01,0.0
50011_368_0,10.6,38.17,19302.23,14014.85,0.0
50013_368_0,11.47,41.28,19649.8,20300.71,0.0
50023_368_0,12.01,43.25,12975.65,7081.69,0.0
50026_368_0,11.53,41.51,12588.75,10505.54,0.0
50027_368_0,12.04,43.35,10455.15,15704.3,0.0
50030_368_0,12.04,43.34,19196.75,13673.1,0.0
50036_368_0,12.47,44.87,10640.22,20089.57,0.0
50038_368_0,25.78,92.81,23481.43,6662.48,0.0
50041_368_0,8.04,28.94,23205.37,17322.66,0.0
50043_368_0,13.33,47.97,12618.18,21277.89,0.0
50044_368_0,12.41,44.68,12791.57,13368.36,0.0
50046_368_0,14.73,53.04,17939.92,14133.61,0.0
50047_368_0,0.0,0.0,6049.71,14276.32,5.0
50048_368_0,27.5,98.99,10471.26,19466.09,0.0
50049_368_0,9.41,33.89,22797.24,4855.98,0.0
50050_368_0,5.87,21.14,18542.32,7271.43,0.0
50051_368_0,13.36,48.08,22129.01,9455.31,0.0
50052_368_0,12.49,44.95,10621.38,23808.65,0.0
50054_368_0,2.04,7.36,13775.23,12793.49,0.0
50056_368_0,14.82,53.36,11863.18,11712.8,0.0
50062_368_0,14.19,51.09,17879.24,4384.16,0.0
50064_368_0,9.77,35.18,22615.45,14897.85,0.0
50065_368_0,0.02,0.07,13971.8,16009.73,2.0
50067_368_0,15.55,55.97,5826.7,11972.25,0.0
50068_368_0,12.7,45.7,21093.87,8418.28,0.0
50074_368_0,9.58,34.47,17779.23,16176.52,0.0
50081_368_0,7.93,28.54,11597.54,11653.81,0.0
50083_368_0,14.33,51.6,13970.53,7267.78,0.0
50088_368_0,13.64,49.12,21808.26,18632.86,0.0
50090_368_0,14.49,52.17,13199.55,15861.64,0.0
50091_368_0,0.0,0.0,21598.53,9005.13,8.0
50092_368_0,11.15,40.13,10648.65,13066.06,0.0
50093_368_0,19.55,70.37,21688.62,9855.58,0.0
50094_368_0,10.37,37.32,16872.21,7761.03,0.0
50095_368_0,10.94,39.4,14115.33,12026.38,0.0
50098_368_0,5.67,20.41,17522.76,16781.28,0.0
50100_368_0,11.94,43.0,14829.79,13882.08,0.0
50101_368_0,0.09,0.34,14013.24,15865.09,1.0
50102_368_0,16.21,58.35,9858.77,14872.48,0.0
50103_368_0,3.21,11.55,18864.3,18837.23,0.0
50106_368_0,8.24,29.66,13508.41,16158.01,0.0
50107_368_0,54.9,197.65,14642.44,6541.78,0.0
50108_368_0,13.13,47.26,10164.18,20428.46,0.0
50111_368_0,13.1,47.17,14083.3,15197.51,0.0
50114_368_0,16.16,58.19,22167.76,18423.21,0.0
50115_368_0,11.84,42.61,13330.42,9360.6,0.0
50116_368_0,8.94,32.19,21242.26,13802.71,0.0
50117_368_0,13.04,46.95,18061.64,10741.44,0.0
50120_368_0,11.76,42.35,7212.4,18465.78,0.0
50125_368_0,11.21,40.36,12326.68,16902.68,0.0
50129_368_0,7.07,25.46,14147.44,11873.18,0.0
50130_368_0,13.89,50.0,9877.38,14518.63,0.0
50133_368_0,17.59,63.33,14676.63,15916.74,0.0
50135_368_0,7.09,25.52,23075.17,4964.66,0.0
50136_368_0,10.57,38.06,10574.17,14950.35,0.0
50137_368_0,12.46,44.87,7433.35,26068.77,0.0
50140_368_0,11.35,40.87,10832.56,14055.09,0.0
50141_368_0,12.49,44.95,10884.54,17176.8,0.0
50146_368_0,12.96,46.67,21483.17,9484.47,0.0
50148_368_0,20.23,72.82,12221.37,15177.73,0.0
50154_368_0,16.15,58.16,16252.39,8505.78,0.0
50155_368_0,11.37,40.92,17999.4,15057.27,0.0
50156_368_0,1.96,7.06,12859.82,14333.9,0.0
50157_368_0,14.92,53.72,14095.56,15336.35,0.0
50161_368_0,15.48,55.71,12473.98,7891.92,0.0
50163_368_0,15.48,55.74,14465.6,15778.7,0.0
50164_368_0,23.83,85.8,6266.13,13376.86,0.0
50167_368_0,0.0,0.01,19810.09,17206.27,4.0
50168_368_0,0.0,0.0,15216.49,9188.72,2.0
50173_368_0,6.95,25.04,12712.78,13198.05,0.0
50174_368_0,7.92,28.51,12620.36,10478.32,0.0
50175_368_0,9.84,35.43,22096.96,16829.01,0.0
50176_368_0,20.88,75.18,14572.94,15857.62,0.0
50177_368_0,12.7,45.72,11490.34,22682.95,0.0
50179_368_0,0.0,0.01,16159.16,8820.84,4.0
50181_368_0,2.58,9.3,13804.86,14070.44,0.0
50182_368_0,0.12,0.43,8527.27,21875.45,0.0
50186_368_0,14.57,52.47,23666.23,7226.44,0.0
50187_368_0,14.72,52.99,7945.47,20403.24,0.0
50189_368_0,28.83,103.8,11699.96,17011.14,0.0
50192_368_0,10.21,36.76,11752.89,13956.24,0.0
50193_368_0,13.29,47.83,9153.97,21065.25,0.0
50194_368_0,13.46,48.47,15691.15,14142.97,0.0
50195_368_0,2.18,7.84,11755.38,14343.09,0.0
50196_368_0,14.16,50.99,11560.99,20316.14,0.0
50197_368_0,0.0,0.0,17653.31,12563.5,9.0
50198_368_0,11.85,42.68,14759.31,8982.7,0.0
50201_368_0,12.7,45.73,13452.62,15993.99,0.0
50202_368_0,18.06,65.01,19477.76,15481.11,0.0
50203_368_0,0.52,1.86,10572.11,14042.95,0.0
50207_368_0,25.01,90.03,22331.15,9783.54,0.0
50208_368_0,14.71,52.94,20390.48,6269.59,0.0
50211_368_0,3.94,14.19,17501.41,16790.02,0.0
50214_368_0,0.0,0.0,15586.67,8527.13,8.0
50216_368_0,14.06,50.6,14925.34,13486.42,0.0
50220_368_0,0.0,0.0,14122.68,16629.57,24.0
50228_368_0,7.53,27.09,19262.67,20776.25,0.0
50234_368_0,15.0,54.01,6285.2,14088.3,0.0
50236_368_0,0.0,0.0,13102.72,12854.06,3.0
50241_368_0,4.0,14.41,7113.69,27300.99,0.0
50242_368_0,24.86,89.49,10193.3,19843.91,0.0
50248_368_0,5.21,18.76,8318.43,21359.89,0.0
50251_368_0,0.12,0.44,13126.66,14982.39,0.0
50252_368_0,11.03,39.69,14662.79,19649.32,0.0
50254_368_0,0.0,0.0,11691.87,15715.05,11.0
50265_368_0,21.01,75.65,6824.88,19081.73,0.0
50271_368_0,12.34,44.43,14117.83,19322.89,0.0
50272_368_0,11.96,43.06,12542.37,15431.02,0.0
50276_368_0,9.66,34.77,12210.17,15880.78,0.0
50279_368_0,10.0,36.01,20196.56,9650.54,0.0
50280_368_0,0.0,0.0,13667.82,14467.99,10.0
50281_368_0,10.42,37.52,7335.74,19414.33,0.0
50282_368_0,12.77,45.98,10400.49,15823.24,0.0
50285_368_0,11.06,39.82,16293.57,13845.38,0.0
50286_368_0,9.99,35.98,14666.73,18400.43,0.0
50287_368_0,24.09,86.74,21221.19,12112.3,0.0
50288_368_0,11.96,43.06,18949.08,16471.42,0.0
50289_368_0,10.62,38.23,14984.73,11189.3,0.0
50293_368_0,13.71,49.35,15011.14,14175.27,0.0
50296_368_0,12.84,46.23,7965.15,14193.12,0.0
50299_368_0,9.11,32.8,20223.81,19982.01,0.0
50303_368_0,6.12,22.02,21657.61,10589.87,0.0
50306_368_0,20.79,74.84,14669.44,6516.37,0.0
50309_368_0,0.0,0.0,19820.69,17261.25,8.0
50310_368_0,7.84,28.23,12947.56,16349.96,0.0
50314_368_0,8.43,30.36,15484.62,14198.74,0.0
50315_368_0,26.05,93.77,20713.35,12995.62,0.0
50316_368_0,8.45,30.43,14212.62,12862.66,0.0
50317_368_0,0.0,0.0,10557.49,13006.88,19.0
50318_368_0,1.52,5.49,9591.82,20158.21,0.0
50322_368_0,11.97,43.1,13445.34,13789.34,0.0
50323_368_0,15.51,55.83,12136.24,12376.36,0.0
50325_368_0,11.35,40.87,13482.47,13238.15,0.0
50333_368_0,0.0,0.0,23094.51,4918.31,12.0
50337_368_0,0.5,1.81,16839.46,20714.17,0.0
50338_368_0,13.99,50.37,18137.3,15076.24,0.0
50339_368_0,0.0,0.0,21165.63,10346.24,22.0
50340_368_0,12.15,43.73,13304.72,12681.24,0.0
50341_368_0,1.75,6.32,13477.56,12147.26,0.0
50344_368_0,12.53,45.12,8662.13,13592.91,0.0
50346_368_0,16.45,59.22,14585.58,8165.67,0.0
50348_368_0,0.0,0.0,17726.5,16236.96,11.0
50349_368_0,0.26,0.93,10843.81,14916.61,0.0
50350_368_0,13.42,48.3,5521.45,14178.44,0.0
50351_368_0,12.21,43.97,16850.76,6424.95,0.0
50353_368_0,13.11,47.2,10279.66,14225.81,0.0
50356_368_0,2.9,10.45,18710.43,9906.86,0.0
50359_368_0,8.51,30.65,17508.02,16908.27,0.0
50361_368_0,12.66,45.56,5459.25,17464.45,0.0
50363_368_0,8.19,29.49,19346.91,18952.07,0.0
50364_368_0,1.16,4.18,12095.03,12440.51,0.0
50368_368_0,13.97,50.31,22702.15,7990.63,0.0
50372_368_0,6.41,23.08,8529.23,14518.23,0.0
50373_368_0,0.09,0.31,11604.16,14846.87,1.0
50374_368_0,0.0,0.0,20725.33,7671.54,5.0
50375_368_0,12.42,44.7,17034.67,19672.98,0.0
50376_368_0,6.8,24.47,9826.75,22433.22,0.0
50377_368_0,6.72,24.21,16694.36,8306.95,0.0
50379_368_0,0.0,0.0,14017.75,15861.37,3.0
50380_368_0,14.09,50.73,15117.78,13315.83,0.0
50381_368_0,0.0,0.0,20293.29,6643.19,14.0
50384_368_0,12.24,44.06,15633.81,14156.71,0.0
50389_368_0,21.34,76.84,17950.61,12288.04,0.0
50392_368_0,13.04,46.94,15130.99,18463.61,0.0
50393_368_0,12.24,44.06,11082.8,21337.25,0.0
50394_368_0,8.99,32.38,22258.12,17110.81,0.0
50395_368_0,12.79,46.03,11040.39,19508.18,0.0
50396_368_0,12.29,44.26,8796.63,19813.97,0.0
50397_368_0,0.0,0.0,12929.84,13018.64,10.0
50402_368_0,11.28,40.62,12454.64,13614.66,0.0
50404_368_0,18.04,64.95,21077.47,15988.36,0.0
50405_368_0,16.83,60.59,21069.5,15808.96,0.0
50406_368_0,13.94,50.18,18689.41,13322.15,0.0
50408_368_0,2.02,7.28,22835.89,7985.85,0.0
50410_368_0,18.34,66.01,14589.8,19126.1,0.0
50412_368_0,2.21,7.96,12370.48,14208.35,0.0
50414_368_0,12.98,46.74,21204.87,10088.85,0.0
50415_368_0,7.75,27.91,13790.99,17222.86,0.0
50416_368_0,14.83,53.38,17677.44,18480.7,0.0
50417_368_0,2.19,7.89,12223.18,12174.78,0.0
50420_368_0,12.68,45.64,15404.17,13702.83,0.0
50421_368_0,26.99,97.18,12213.8,8493.01,0.0
50424_368_0,0.03,0.11,13928.34,12262.2,3.0
50427_368_0,0.0,0.0,11867.33,14612.84,6.0
50429_368_0,12.73,45.82,14864.33,11537.37,0.0
50430_368_0,12.38,44.57,20154.95,21072.37,0.0
50431_368_0,14.55,52.38,22511.23,8082.51,0.0
50435_368_0,15.03,54.11,19349.35,5291.5,0.0
50437_368_0,13.87,49.94,10333.69,15968.21,0.0
50439_368_0,14.34,51.61,12602.57,17282.04,0.0
50440_368_0,8.36,30.1,12121.82,11479.03,0.0
50441_368_0,14.06,50.63,14045.11,16225.32,0.0
50445_368_0,12.77,45.96,14700.52,13871.96,0.0
50449_368_0,13.88,49.97,17292.44,13976.12,0.0
50450_368_0,13.23,47.62,11484.94,23146.02,0.0
50451_368_0,13.19,47.48,8988.58,22240.26,0.0
50452_368_0,11.96,43.07,15129.38,17128.23,0.0
50453_368_0,11.51,41.44,13547.5,6746.9,0.0
50459_368_0,13.25,47.71,14092.54,16415.07,0.0
50461_368_0,14.45,52.01,9839.91,13774.29,0.0
50463_368_0,0.44,1.59,8591.51,21715.33,0.0
50466_368_0,12.5,45.0,11603.87,17974.24,0.0
50471_368_0,16.89,60.8,21071.25,15786.35,0.0
50472_368_0,12.59,45.33,16274.42,19734.07,0.0
50476_368_0,8.08,29.09,8060.37,19339.55,0.0
50477_368_0,0.06,0.23,15678.21,13942.02,1.0
50482_368_0,7.17,25.82,9002.74,16136.1,0.0
50483_368_0,12.72,45.79,8786.4,22135.93,0.0
50486_368_0,9.62,34.63,12325.82,10682.12,0.0
50488_368_0,9.44,34.0,15043.67,14175.33,0.0
50489_368_0,12.4,44.63,6526.52,27814.7,0.0
50490_368_0,13.87,49.94,16961.48,11037.08,0.0
50492_368_0,0.0,0.0,9830.12,15055.95,9.0
50494_368_0,26.23,94.43,23370.43,8362.19,0.0
50495_368_0,0.0,0.0,21314.93,10203.67,10.0
50498_368_0,11.82,42.55,19256.58,5195.85,0.0
50499_368_0,10.16,36.57,19105.27,14259.45,0.0
50504_368_0,14.03,50.51,10936.55,14014.53,0.0
50505_368_0,13.28,47.79,15412.98,13779.21,0.0
50506_368_0,13.01,46.83,13661.59,9954.89,0.0
50509_368_0,27.13,97.65,15888.56,15220.65,0.0
50510_368_0,11.31,40.73,22657.26,5968.58,0.0
50512_368_0,22.33,80.39,6437.47,14730.72,0.0
50514_368_0,14.82,53.37,13873.91,16403.5,0.0
50521_368_0,12.8,46.09,9991.65,12854.84,0.0
50522_368_0,0.0,0.0,21205.01,10302.53,8.0
50523_368_0,0.0,0.0,13686.7,14566.19,14.0
50524_368_0,13.27,47.79,14649.25,19675.55,0.0
50528_368_0,10.62,38.24,11056.16,15312.1,0.0
50529_368_0,14.47,52.11,11549.55,22718.53,0.0
50530_368_0,6.26,22.55,8612.01,16174.38,0.0
50533_368_0,24.76,89.12,23455.1,7091.78,0.0
50534_368_0,13.59,48.93,11359.12,11476.21,0.0
50536_368_0,12.48,44.92,10364.38,15908.86,0.0
50537_368_0,7.49,26.95,9937.5,24141.18,0.0
50538_368_0,0.12,0.44,21300.73,10198.39,0.0
50539_368_0,14.23,51.21,6922.41,28321.83,0.0
50540_368_0,0.68,2.47,17017.81,10978.58,0.0
50541_368_0,7.4,26.62,15038.0,16277.78,0.0
50544_368_0,12.2,43.92,21043.47,16797.39,0.0
50545_368_0,13.28,47.82,14915.8,18262.53,0.0
50547_368_0,3.68,13.27,13716.9,14812.28,0.0
50548_368_0,15.59,56.11,6833.36,15784.97,0.0
50549_368_0,0.0,0.0,16452.57,11409.65,15.0
50550_368_0,14.26,51.33,12248.57,16768.42,0.0
50551_368_0,13.16,47.39,18595.53,16166.5,0.0
50552_368_0,8.13,29.27,7965.51,20855.96,0.0
50557_368_0,9.8,35.27,17099.96,15987.29,0.0
50559_368_0,14.15,50.95,15730.74,9916.71,0.0
50562_368_0,17.12,61.64,14586.45,8635.83,0.0
50564_368_0,12.95,46.62,11609.02,15722.24,0.0
50565_368_0,26.33,94.78,20624.32,10493.79,0.0
50567_368_0,11.07,39.85,13918.14,9797.14,0.0
50571_368_0,12.68,45.65,8103.56,17654.31,0.0
50572_368_0,0.0,0.02,14010.41,15981.12,2.0
50573_368_0,13.84,49.83,12771.37,10782.63,0.0
50577_368_0,0.0,0.0,13978.31,15998.19,8.0
50580_368_0,13.38,48.18,15157.64,14214.54,0.0
50581_368_0,11.17,40.2,11211.61,11957.83,0.0
50585_368_0,11.74,42.28,14253.7,13797.94,0.0
50588_368_0,7.8,28.06,6089.68,26141.73,0.0
50589_368_0,3.73,13.41,17524.5,17279.79,0.0
50590_368_0,14.22,51.18,13671.64,14420.62,0.0
50595_368_0,0.04,0.16,18898.13,18875.46,2.0
50596_368_0,13.75,49.5,9763.31,22910.89,0.0
50598_368_0,12.19,43.87,14324.06,10622.04,0.0
50599_368_0,27.85,100.27,6420.86,14457.6,0.0
50605_368_0,20.96,75.46,15975.04,8114.63,0.0
50607_368_0,15.14,54.52,22658.25,6588.48,0.0
50609_368_0,0.0,0.0,11703.53,13978.03,10.0
50613_368_0,15.5,55.81,11908.27,13027.0,0.0
50615_368_0,10.45,37.61,16062.36,11863.31,0.0
50618_368_0,13.27,47.78,15180.6,16172.9,0.0
50621_368_0,8.21,29.55,9315.51,23320.82,0.0
50622_368_0,0.0,0.0,21200.8,10306.38,9.0
50628_368_0,8.86,31.9,11727.26,15537.15,0.0
50631_368_0,11.36,40.9,18983.57,15612.82,0.0
50632_368_0,13.38,48.15,23969.43,7384.04,0.0
50633_368_0,12.15,43.74,12424.33,15423.95,0.0
50635_368_0,9.93,35.76,13884.8,16338.56,0.0
50636_368_0,18.2,65.51,17768.98,18524.69,0.0
50637_368_0,0.0,0.0,16466.69,11409.31,8.0
50638_368_0,24.15,86.94,19845.14,10705.42,0.0
50639_368_0,13.4,48.24,7348.74,12431.2,0.0
50641_368_0,12.85,46.26,5020.99,16217.05,0.0
50644_368_0,0.0,0.0,17714.45,16250.99,4.0
50645_368_0,30.69,110.47,19647.09,15248.05,0.0
50646_368_0,28.92,104.11,18969.52,18141.56,0.0
50647_368_0,17.65,63.54,18855.39,12946.04,0.0
50650_368_0,16.08,57.9,11685.71,13715.89,0.0
50651_368_0,5.44,19.57,12243.26,13810.08,0.0
50659_368_0,11.42,41.11,17663.42,7725.3,0.0
50660_368_0,0.04,0.14,11608.52,14843.55,2.0
50661_368_0,0.0,0.0,13874.45,13715.22,5.0
50663_368_0,11.06,39.81,21483.78,16846.7,0.0
50664_368_0,26.74,96.27,12031.81,16390.77,0.0
50667_368_0,19.07,68.64,17675.5,10512.35,0.0
50670_368_0,12.81,46.11,18004.91,17803.25,0.0
50673_368_0,12.97,46.68,15701.57,14011.97,0.0
50676_368_0,11.55,41.58,17405.31,16784.26,0.0
50678_368_0,11.59,41.73,19282.03,14168.4,0.0
50680_368_0,12.9,46.43,14797.84,18431.13,0.0
50681_368_0,4.55,16.36,11552.57,11233.84,0.0
50682_368_0,15.73,56.62,12651.84,15717.62,0.0
50683_368_0,12.65,45.53,21847.05,17054.84,0.0
50688_368_0,11.82,42.56,20974.18,16800.89,0.0
50689_368_0,11.48,41.34,9232.14,24300.09,0.0
50691_368_0,0.24,0.86,10053.37,12828.56,0.0
50692_368_0,4.92,17.71,16784.66,6412.64,0.0
50695_368_0,17.64,63.52,9057.84,22283.46,0.0
50697_368_0,32.81,118.13,16513.67,10109.05,0.0
50698_368_0,3.56,12.81,22333.95,8708.19,0.0
50700_368_0,13.12,47.23,18062.79,15062.66,0.0
50701_368_0,14.36,51.7,18381.98,16848.11,0.0
50704_368_0,11.83,42.59,13943.13,16113.68,0.0
50706_368_0,11.55,41.57,15150.01,13426.56,0.0
50707_368_0,13.21,47.55,21133.9,8302.27,0.0
50711_368_0,16.46,59.27,12610.11,20713.46,0.0
50715_368_0,31.6,113.75,18193.52,21335.81,0.0
50717_368_0,0.41,1.49,13242.43,12769.08,0.0
50719_368_0,11.24,40.46,16943.86,12948.95,0.0
50723_368_0,29.42,105.92,21867.1,11969.02,0.0
50724_368_0,7.39,26.62,14532.09,9195.28,0.0
50726_368_0,0.0,0.0,20292.78,6664.76,21.0
50727_368_0,13.58,48.88,14013.4,21025.02,0.0
50728_368_0,13.47,48.48,24319.97,7202.77,0.0
50732_368_0,13.53,48.72,22007.85,5007.82,0.0
50734_368_0,5.14,18.51,14774.08,15572.77,0.0
50736_368_0,0.89,3.22,6172.58,14294.26,0.0
50738_368_0,7.12,25.62,9321.1,24320.87,0.0
50740_368_0,5.86,21.08,5364.67,14833.66,0.0
50741_368_0,10.22,36.79,20149.87,17364.3,0.0
50745_368_0,0.66,2.39,6049.2,14267.58,0.0
50747_369_0,3.9,14.05,11367.5,11477.72,0.0
50752_369_0,12.6,45.35,11373.14,19837.49,0.0
50753_369_0,12.91,46.47,17481.78,16974.17,0.0
50754_369_0,14.93,53.75,17562.86,17659.88,0.0
50757_369_0,23.84,85.81,14754.38,6136.16,0.0
50759_369_0,12.48,44.93,12448.65,17123.52,0.0
50761_369_0,2.13,7.65,14530.99,12427.89,0.0
50763_369_0,11.34,40.83,21075.46,10496.16,0.0
50769_369_0,10.31,37.13,9645.86,16658.64,0.0
50770_369_0,0.01,0.05,6621.35,14273.93,1.0
50774_369_0,16.63,59.89,12442.41,15175.57,0.0
50777_369_0,13.01,46.83,13121.84,10350.56,0.0
50778_369_0,2.35,8.46,13701.77,12694.37,0.0
50791_369_0,13.06,47.03,14397.0,10146.27,0.0
50792_369_0,3.41,12.26,15135.13,14219.54,0.0
50795_369_0,8.41,30.27,24238.62,7561.96,0.0
50796_369_0,4.89,17.59,7408.23,27645.79,0.0
50809_369_0,0.0,0.0,16871.71,13941.79,18.0
50810_369_0,21.74,78.26,19662.81,15084.05,0.0
50813_369_0,12.41,44.67,10770.82,7368.31,0.0
50815_369_0,13.06,47.02,14328.15,10658.94,0.0
50816_369_0,24.25,87.29,11316.2,17953.09,0.0
50820_369_0,21.95,79.02,15618.04,15538.76,0.0
50822_369_0,7.5,26.98,10611.28,9812.78,0.0
50824_369_0,12.42,44.73,16154.66,8175.92,0.0
50825_369_0,7.73,27.84,10614.11,12107.16,0.0
50829_369_0,13.13,47.25,16911.12,12432.2,0.0
50830_369_0,0.0,0.0,14031.11,7321.04,3.0
50831_369_0,13.28,47.8,13422.39,13775.19,0.0
50833_369_0,0.05,0.17,16890.25,20702.52,2.0
50834_369_0,9.39,33.8,15581.85,10119.4,0.0
50838_369_0,11.9,42.82,16270.67,7814.59,0.0
50844_369_0,13.68,49.25,21180.27,12224.25,0.0
50847_369_0,8.47,30.48,23563.19,5181.15,0.0
50850_369_0,0.0,0.0,21145.69,17877.57,7.0
50859_369_0,12.71,45.75,14359.96,12907.13,0.0
50861_369_0,25.3,91.09,9520.03,20725.68,0.0
50862_369_0,6.96,25.05,12437.68,13604.44,0.0
50866_369_0,14.04,50.55,19877.79,17053.73,0.0
50868_369_0,0.04,0.15,16844.79,20712.85,1.0
50869_369_0,9.63,34.65,12843.42,17118.94,0.0
50875_369_0,6.93,24.96,13671.1,15862.08,0.0
50880_369_0,11.75,42.3,7372.81,22404.62,0.0
50882_369_0,11.25,40.51,17020.14,15285.7,0.0
50884_369_0,7.76,27.94,8725.69,16157.02,0.0
50891_369_0,11.14,40.12,24397.86,4398.09,0.0
50898_369_0,6.18,22.24,20961.89,8438.16,0.0
50899_369_0,11.79,42.45,13589.38,15230.05,0.0
50901_369_0,8.52,30.66,20014.99,6012.11,0.0
50904_369_0,0.8,2.89,13822.42,14078.75,0.0
50906_369_0,15.65,56.36,13849.88,12779.03,0.0
50909_369_0,1.85,6.68,14863.84,17137.04,0.0
50910_369_0,11.2,40.31,6794.16,24774.1,0.0
50920_369_0,8.36,30.09,7276.17,18812.27,0.0
50922_369_0,10.02,36.07,10552.48,14952.94,0.0
50924_369_0,19.32,69.57,14595.86,8390.29,0.0
50925_369_0,12.52,45.08,7924.72,14194.21,0.0
50926_369_0,14.39,51.81,18655.81,16165.16,0.0
50929_369_0,0.0,0.0,17587.51,17477.94,33.0
50930_369_0,0.03,0.13,12323.7,12371.91,2.0
50933_369_0,0.0,0.0,20728.62,7671.4,6.0
50934_369_0,13.06,47.03,16198.61,14846.06,0.0
50936_369_0,15.86,57.09,16600.04,22917.28,0.0
50937_369_0,27.26,98.13,19292.27,17052.51,0.0
50941_369_0,33.98,122.33,6674.57,18739.47,0.0
50942_369_0,13.9,50.05,10928.72,13436.31,0.0
50943_369_0,12.67,45.63,11585.03,15779.49,0.0
50945_369_0,5.49,19.76,12735.07,12381.22,0.0
50949_369_0,11.6,41.76,14331.82,15668.58,0.0
50958_369_0,16.62,59.84,13008.72,8812.72,0.0
50959_369_0,0.0,0.0,12021.57,12736.53,11.0
50965_369_0,15.08,54.27,19605.22,18797.1,0.0
50966_369_0,0.0,0.0,9447.86,18574.45,12.0
50971_369_0,31.41,113.09,10495.36,21449.48,0.0
50972_369_0,13.87,49.94,12789.57,13390.7,0.0
50973_369_0,35.29,127.06,18022.58,11365.89,0.0
50977_369_0,14.58,52.49,11062.82,13314.89,0.0
50981_369_0,13.76,49.54,13377.11,15224.56,0.0
50984_369_0,18.53,66.72,18874.81,11690.57,0.0
50988_369_0,14.3,51.48,13344.8,20381.24,0.0
50993_369_0,10.45,37.61,18887.95,18095.76,0.0
50996_369_0,13.2,47.52,13099.45,14733.47,0.0
50997_369_0,32.01,115.24,19436.39,16242.35,0.0
50999_369_0,14.19,51.09,13096.5,11558.02,0.0
51003_369_0,13.61,49.01,18419.02,15128.43,0.0
51004_369_0,7.22,25.98,23777.23,11949.1,0.0
51007_369_0,12.01,43.24,15086.19,13078.53,0.0
51010_369_0,10.21,36.75,15055.14,14187.87,0.0
51014_369_0,9.89,35.61,17870.44,16148.78,0.0
51019_369_0,28.92,104.1,20126.87,11884.23,0.0
51021_369_0,11.64,41.89,15908.72,9692.44,0.0
51024_369_0,12.39,44.62,12960.32,20199.48,0.0
51028_369_0,16.22,58.38,15438.74,17473.78,0.0
51029_369_0,10.43,37.53,13087.54,11070.03,0.0
51030_369_0,37.3,134.27,12967.39,8128.38,0.0
51032_369_0,1.52,5.47,10684.18,16352.89,0.0
51033_369_0,16.41,59.06,16504.52,23509.6,0.0
51034_369_0,5.68,20.45,16802.2,20723.85,0.0
51039_369_0,8.05,28.97,13942.01,14461.33,0.0
51040_369_0,14.77,53.18,18719.86,12677.52,0.0
51041_369_0,0.02,0.07,20751.01,8172.02,9.0
51042_369_0,0.0,0.01,12458.78,13640.32,3.0
51046_369_0,14.62,52.61,14155.69,18067.6,0.0
51050_369_0,13.38,48.16,14288.99,13159.83,0.0
51051_369_0,14.55,52.37,19516.09,14177.14,0.0
51052_369_0,12.86,46.3,12359.97,16092.02,0.0
51055_369_0,11.21,40.34,13369.08,20378.74,0.0
51057_369_0,10.51,37.82,15461.12,14192.96,0.0
51059_369_0,17.52,63.07,18878.19,15331.3,0.0
51060_369_0,0.0,0.0,17717.46,16247.48,6.0
51061_369_0,13.06,47.03,22160.33,8703.05,0.0
51062_369_0,9.74,35.06,14547.2,11168.34,0.0
51064_369_0,30.7,110.51,16274.7,9798.62,0.0
51066_369_0,1.24,4.48,15659.21,8470.65,0.0
51071_369_0,0.0,0.0,14032.41,15827.49,6.0
51072_369_0,0.0,0.0,19884.01,17289.37,3.0
51074_369_0,11.34,40.83,22722.58,5018.97,0.0
51075_369_0,0.0,0.0,10895.7,14913.16,11.0
51080_369_0,42.05,151.38,14561.56,8484.57,0.0
51081_369_0,13.93,50.16,15786.37,13938.71,0.0
51083_369_0,11.74,42.26,11604.58,15711.16,0.0
51085_369_0,8.51,30.63,12846.66,13087.77,0.0
51086_369_0,13.17,47.41,12407.71,25127.01,0.0
51087_369_0,15.6,56.15,14030.17,21475.54,0.0
51088_369_0,8.24,29.67,24238.81,4602.45,0.0
51093_369_0,5.34,19.21,13550.19,15237.6,0.0
51096_369_0,6.22,22.41,9274.21,16098.12,0.0
51098_369_0,11.9,42.83,11211.62,15557.92,0.0
51104_369_0,0.0,0.0,15179.83,12955.68,8.0
51111_369_0,11.58,41.68,22323.02,8784.45,0.0
51115_369_0,9.38,33.78,17448.25,14017.36,0.0
51119_369_0,6.02,21.67,15748.92,21088.44,0.0
51123_369_0,2.31,8.33,14702.92,10279.88,0.0
51126_369_0,11.65,41.96,20850.43,8798.72,0.0
51129_369_0,12.64,45.52,9790.62,15066.32,0.0
51133_369_0,30.89,111.21,18155.91,21086.84,0.0
51134_369_0,5.75,20.71,9419.87,23008.77,0.0
51135_369_0,11.76,42.33,7344.92,18927.62,0.0
51138_369_0,12.55,45.19,12002.05,15877.47,0.0
51140_369_0,8.93,32.15,14083.63,15228.72,0.0
51142_369_0,0.0,0.0,17201.9,10776.57,6.0
51143_369_0,1.12,4.01,17288.66,7985.89,0.0
51145_369_0,26.05,93.77,21197.56,10448.27,0.0
51146_369_0,13.34,48.02,8542.55,21953.9,0.0
51148_369_0,13.03,46.89,13089.83,8957.45,0.0
51154_369_0,12.33,44.38,9307.17,20049.47,0.0
51156_369_0,0.0,0.0,20296.3,6653.8,19.0
51157_369_0,12.52,45.07,10331.95,22995.76,0.0
51161_369_0,0.0,0.0,11668.46,13837.77,3.0
51162_369_0,14.17,51.03,8645.74,22060.42,0.0
51167_369_0,16.02,57.66,16835.38,11951.47,0.0
51168_369_0,2.44,8.78,16854.71,14393.83,0.0
51169_369_0,13.86,49.89,12786.89,14434.29,0.0
51170_369_0,13.33,48.0,16174.7,13821.99,0.0
51172_369_0,13.33,47.97,22650.33,6288.87,0.0
51177_369_0,0.04,0.16,16096.74,7951.72,1.0
51178_369_0,15.26,54.93,14813.74,15625.98,0.0
51187_369_0,1.92,6.92,14046.33,13733.69,0.0
51189_369_0,14.58,52.48,6130.12,26612.13,0.0
51196_369_0,2.3,8.3,9792.36,12739.37,0.0
51197_369_0,12.09,43.54,14101.02,12178.73,0.0
51198_369_0,10.79,38.85,21046.56,17660.85,0.0
51199_369_0,26.21,94.36,20377.31,13588.01,0.0
51200_369_0,15.82,56.97,16996.86,6373.45,0.0
51201_369_0,30.91,111.27,19692.54,10798.14,0.0
51203_369_0,0.0,0.0,10414.95,16524.09,12.0
51204_369_0,1.3,4.69,15105.71,14217.29,0.0
51205_369_0,0.76,2.74,14814.85,16598.7,0.0
51206_369_0,2.75,9.91,9193.57,23363.86,0.0
51207_369_0,11.53,41.52,15676.67,9989.92,0.0
51208_369_0,10.6,38.15,20552.03,7217.41,0.0
51221_369_0,25.23,90.83,23485.27,6650.5,0.0
51222_369_0,12.52,45.07,20835.55,16773.72,0.0
51223_369_0,11.84,42.63,16829.82,11164.26,0.0
51226_369_0,12.21,43.97,21101.78,9843.56,0.0
51229_369_0,13.38,48.16,20834.21,17471.95,0.0
51231_369_0,13.7,49.32,18730.66,12251.69,0.0
51236_369_0,10.83,38.99,14538.69,9167.28,0.0
51240_369_0,19.95,71.83,19570.67,15379.42,0.0
51243_369_0,5.92,21.31,6707.63,14312.72,0.0
51244_369_0,0.0,0.0,17056.22,13665.86,7.0
51251_369_0,10.88,39.16,11059.21,15322.4,0.0
51256_369_0,0.25,0.91,20749.71,8139.91,0.0
51258_369_0,12.5,44.99,15396.12,13660.57,0.0
51263_369_0,0.0,0.0,14921.45,18082.95,9.0
51265_369_0,24.54,88.34,17645.96,11204.4,0.0
51268_369_0,7.68,27.63,10785.44,17720.98,0.0
51273_369_0,11.23,40.42,22142.97,17132.84,0.0
51275_369_0,5.28,19.03,9265.14,14141.66,0.0
51277_369_0,8.01,28.84,8899.31,16147.08,0.0
51281_369_0,9.89,35.59,12372.12,5504.55,0.0
51283_369_0,7.78,28.02,13366.54,19374.18,0.0
51287_369_0,0.01,0.02,14273.48,11035.4,3.0
51291_369_0,0.0,0.0,17529.24,16790.99,20.0
51292_369_0,14.1,50.78,5761.93,14146.95,0.0
51297_369_0,0.0,0.0,11756.49,14334.7,16.0
51299_369_0,13.49,48.55,16784.99,11865.27,0.0
51302_369_0,19.66,70.77,12584.78,15645.62,0.0
51303_369_0,0.0,0.01,21213.43,10294.83,5.0
51305_369_0,12.08,43.48,6666.83,13849.6,0.0
51307_369_0,7.45,26.81,7927.69,19353.98,0.0
51308_369_0,12.23,44.04,22856.19,7516.47,0.0
51311_369_0,14.49,52.15,18946.29,16454.29,0.0
51312_369_0,6.59,23.72,13865.77,13717.37,0.0
51317_369_0,12.67,45.61,6923.78,27225.85,0.0
51319_369_0,10.56,38.01,17757.92,14137.37,0.0
51321_369_0,0.0,0.0,20293.04,6627.03,9.0
51324_369_0,12.72,45.8,20520.36,20340.89,0.0
51325_369_0,14.01,50.42,14914.0,13270.34,0.0
51327_369_0,27.14,97.71,18910.23,11377.9,0.0
51331_369_0,0.0,0.0,13469.05,12126.53,21.0
51333_369_0,0.0,0.0,13903.52,12282.65,12.0
51336_369_0,10.81,38.91,16252.06,8671.09,0.0
51338_369_0,20.39,73.42,14988.59,16155.47,0.0
51339_369_0,9.42,33.91,12579.38,13130.81,0.0
51344_369_0,11.16,40.18,6770.19,18651.53,0.0
51346_369_0,12.0,43.2,12729.16,10924.31,0.0
51347_369_0,18.29,65.85,12702.43,6423.17,0.0
51351_369_0,11.49,41.35,17968.85,17740.6,0.0
51352_369_0,54.65,196.74,6668.81,24074.59,0.0
51355_369_0,10.09,36.34,13280.24,15051.45,0.0
51356_369_0,11.03,39.72,16146.96,13821.16,0.0
51358_369_0,35.94,129.39,13719.09,8033.46,0.0
51359_369_0,10.97,39.5,8110.22,19393.88,0.0
51361_369_0,13.01,46.85,11557.62,16089.04,0.0
51363_369_0,4.97,17.89,19757.22,17248.75,0.0
51365_369_0,10.2,36.71,15959.22,11558.26,0.0
51369_369_0,10.93,39.33,19369.49,15381.56,0.0
51370_369_0,10.63,38.26,9673.2,23473.7,0.0
51371_369_0,26.24,94.45,23131.22,11680.9,0.0
51372_369_0,14.17,51.0,6311.96,14268.77,0.0
51373_369_0,15.55,55.96,21958.67,3315.55,0.0
51377_369_0,28.33,101.99,14606.87,5643.29,0.0
51379_369_0,8.91,32.06,20542.62,17557.89,0.0
51380_369_0,7.86,28.31,22204.31,8092.31,0.0
51382_369_0,0.0,0.0,20727.24,7701.97,10.0
51385_369_0,27.38,98.57,22297.31,15104.39,0.0
51386_369_0,8.04,28.94,11863.38,14951.57,0.0
51387_369_0,25.89,93.21,19420.19,16302.37,0.0
51391_369_0,13.52,48.68,13442.7,18229.38,0.0
51395_369_0,12.63,45.45,15095.63,14233.89,0.0
51398_369_0,0.0,0.0,17224.05,8028.54,9.0
51400_369_0,14.59,52.53,19532.9,15280.09,0.0
51401_369_0,9.84,35.41,19796.46,17264.43,0.0
51405_369_0,3.83,13.78,10538.13,16462.72,0.0
51406_369_0,12.0,43.19,18032.74,17850.26,0.0
51407_369_0,13.51,48.62,18089.66,1961.53,0.0
51410_369_0,0.0,0.01,14846.48,16021.83,2.0
51411_369_0,0.0,0.02,17238.15,8019.25,3.0
51415_369_0,11.57,41.66,22589.12,12738.81,0.0
51416_369_0,3.34,12.03,15309.24,16116.71,0.0
51420_369_0,0.0,0.0,20750.77,8166.7,7.0
51422_369_0,8.58,30.9,17007.85,11653.2,0.0
51425_369_0,11.39,41.0,24299.22,7274.72,0.0
51426_369_0,8.14,29.32,21942.01,17748.08,0.0
51427_369_0,15.82,56.97,18725.24,12726.85,0.0
51428_369_0,0.0,0.0,23360.6,4986.85,8.0
51431_369_0,0.0,0.02,24227.94,7617.42,1.0
51435_369_0,16.9,60.85,18153.53,10328.38,0.0
51436_369_0,5.71,20.56,13626.72,12569.94,0.0
51437_369_0,10.64,38.3,20166.18,17368.85,0.0
51439_369_0,24.55,88.39,19388.67,10979.15,0.0
51442_369_0,9.82,35.36,14872.87,15701.12,0.0
51444_369_0,25.41,91.48,10550.17,19348.11,0.0
51447_369_0,30.99,111.58,18960.02,11572.48,0.0
51449_369_0,15.84,57.03,23585.14,15171.17,0.0
51450_369_0,11.28,40.6,14622.26,13220.0,0.0
51455_369_0,7.27,26.17,24253.12,4443.97,0.0
51456_369_0,11.0,39.6,17903.28,4384.69,0.0
51457_369_0,0.0,0.0,20730.22,7697.07,11.0
51465_369_0,11.07,39.85,8895.39,24959.38,0.0
51466_369_0,12.72,45.79,10914.87,13998.0,0.0
51468_369_0,13.11,47.2,9266.63,12403.64,0.0
51469_369_0,12.14,43.72,22139.54,9436.72,0.0
51471_369_0,12.85,46.26,21206.75,12701.57,0.0
51472_369_0,10.79,38.85,14908.71,18068.32,0.0
51477_369_0,4.9,17.63,9937.05,15778.58,0.0
51484_369_0,13.12,47.21,14625.06,18060.11,0.0
51488_369_0,12.65,45.55,9766.23,12635.48,0.0
51489_369_0,0.0,0.0,17711.16,10516.25,15.0
51491_369_0,10.75,38.7,12469.38,15381.92,0.0
51492_369_0,6.19,22.28,6037.34,14014.77,0.0
51494_369_0,13.26,47.73,18220.43,14177.44,0.0
51499_369_0,22.96,82.64,23431.19,7983.61,0.0
51501_369_0,0.66,2.39,21239.25,10271.22,0.0
51505_369_0,11.84,42.63,11190.41,15525.9,0.0
51506_369_0,0.0,0.0,19909.23,5870.3,6.0
51507_369_0,14.53,52.3,12195.43,15913.12,0.0
51512_369_0,10.99,39.55,15980.66,12083.88,0.0
51515_369_0,7.79,28.03,13913.0,17337.26,0.0
51517_369_0,8.92,32.12,15081.81,14206.23,0.0
51523_370_0,12.67,45.62,17630.15,17240.49,0.0
51525_370_0,12.84,46.22,14496.02,16412.85,0.0
51526_370_0,19.77,71.18,17892.14,10448.05,0.0
51527_370_0,12.6,45.38,12412.01,14618.67,0.0
51535_370_0,12.21,43.96,9667.66,18585.65,0.0
51538_370_0,6.01,21.63,9988.03,14052.55,0.0
51540_370_0,10.84,39.01,11925.86,10958.61,0.0
51542_370_0,11.47,41.31,9316.59,13793.2,0.0
51548_370_0,2.64,9.5,17133.89,15974.5,0.0
51556_370_0,25.87,93.13,10897.09,18844.99,0.0
51559_370_0,0.0,0.0,19793.52,17243.62,18.0
51564_370_0,7.14,25.72,14938.26,11340.17,0.0
51565_370_0,15.47,55.69,11291.74,9173.29,0.0
51577_370_0,9.4,33.84,14697.32,16379.35,0.0
51579_370_0,14.1,50.75,16922.06,10993.18,0.0
51581_370_0,15.27,54.96,11686.69,13764.91,0.0
51583_370_0,0.01,0.05,6025.03,14313.46,2.0
51584_370_0,12.66,45.57,16939.8,20743.44,0.0
51587_370_0,22.92,82.51,23233.86,11679.57,0.0
51596_370_0,20.59,74.14,10708.28,10045.11,0.0
51607_370_0,10.98,39.52,11412.69,13487.16,0.0
51609_370_0,12.39,44.61,22000.3,17645.63,0.0
51612_370_0,0.0,0.0,11809.36,13321.58,6.0
51617_370_0,12.09,43.52,10922.67,15139.49,0.0
51623_370_0,7.53,27.12,19367.92,19611.1,0.0
51624_370_0,27.29,98.24,6957.26,19333.01,0.0
51627_370_0,14.54,52.33,13261.15,20410.29,0.0
51628_370_0,27.03,97.29,24058.94,8417.12,0.0
51630_370_0,7.0,25.22,21791.0,13995.91,0.0
51633_370_0,13.49,48.58,17801.54,17443.81,0.0
51638_370_0,10.79,38.85,6499.97,14257.17,0.0
51640_370_0,13.12,47.21,15661.15,14500.68,0.0
51641_370_0,11.65,41.95,13058.89,12568.44,0.0
51645_370_0,14.18,51.04,8504.02,14171.74,0.0
51648_370_0,1.62,5.83,14889.31,18832.08,0.0
51650_370_0,2.11,7.58,21317.78,10196.62,0.0
51651_370_0,5.64,20.31,19936.47,17301.25,0.0
51657_370_0,0.0,0.0,20256.51,17375.37,10.0
51659_370_0,8.21,29.55,10480.86,17666.67,0.0
51660_370_0,0.0,0.0,21714.65,8665.7,5.0
51661_370_0,10.82,38.93,10896.91,15096.71,0.0
51663_370_0,11.93,42.94,21824.4,17959.26,0.0
51664_370_0,11.33,40.8,16108.63,7936.04,0.0
51667_370_0,12.99,46.78,24353.75,4811.6,0.0
51671_370_0,18.82,67.76,11970.33,12807.18,0.0
51676_370_0,7.53,27.11,11743.15,13139.16,0.0
51685_370_0,7.54,27.14,10216.39,16215.88,0.0
51686_370_0,13.38,48.18,21690.21,18171.44,0.0
51687_370_0,12.92,46.51,8637.88,22051.79,0.0
51691_370_0,7.09,25.52,19799.42,5972.77,0.0
51694_370_0,11.98,43.11,21841.03,9358.11,0.0
51695_370_0,0.06,0.22,13657.01,13737.64,1.0
51697_370_0,13.05,46.96,11261.54,19029.76,0.0
51700_370_0,23.33,83.99,10447.68,19493.8,0.0
51702_370_0,12.83,46.17,9113.3,19960.28,0.0
51705_370_0,13.75,49.51,21439.2,12602.06,0.0
51706_370_0,12.27,44.17,18347.01,6864.64,0.0
51709_370_0,1.91,6.86,17060.28,13439.3,0.0
51712_370_0,28.81,103.71,23485.63,6277.06,0.0
51720_370_0,0.0,0.0,13273.94,18714.12,4.0
51724_370_0,0.0,0.0,13473.03,12136.08,25.0
51726_370_0,20.34,73.21,20818.56,18685.51,0.0
51728_370_0,9.61,34.58,13782.18,17306.26,0.0
51732_370_0,13.56,48.82,13377.74,14395.88,0.0
51734_370_0,13.47,48.5,13122.68,20467.0,0.0
51735_370_0,16.56,59.63,11019.05,4387.51,0.0
51736_370_0,8.21,29.56,8129.53,28259.5,0.0
51745_370_0,0.08,0.29,16914.48,12482.42,1.0
51747_370_0,11.42,41.13,14167.23,11660.32,0.0
51754_370_0,0.0,0.0,14315.27,10797.33,10.0
51755_370_0,10.02,36.07,22462.36,9897.74,0.0
51759_370_0,8.69,31.29,17392.42,14123.41,0.0
51760_370_0,12.76,45.95,17288.65,18570.92,0.0
51761_370_0,3.05,10.97,13096.84,12872.76,0.0
51763_370_0,13.05,46.99,16690.66,13898.41,0.0
51770_370_0,12.85,46.25,13004.96,19611.78,0.0
51773_370_0,13.58,48.9,12805.03,13242.21,0.0
51778_370_0,12.13,43.69,17498.46,7853.17,0.0
51779_370_0,14.51,52.25,14461.4,9789.07,0.0
51785_370_0,7.72,27.78,15511.38,14220.0,0.0
51787_370_0,9.74,35.06,6478.71,28265.45,0.0
51788_370_0,14.05,50.57,18884.19,13409.03,0.0
51789_370_0,14.12,50.82,7166.61,22209.45,0.0
51797_370_0,11.94,42.98,17569.19,17165.27,0.0
51801_370_0,12.86,46.28,9209.95,14416.81,0.0
51806_370_0,0.0,0.0,20295.92,6621.25,9.0
51808_370_0,14.72,52.98,17878.21,16701.94,0.0
51812_370_0,7.86,28.3,20885.72,8269.44,0.0
51814_370_0,11.45,41.22,21498.82,16861.14,0.0
51816_370_0,3.11,11.2,8542.27,21783.89,0.0
51817_370_0,0.01,0.05,11444.76,15870.79,1.0
51822_370_0,13.11,47.2,13881.93,16336.53,0.0
51823_370_0,28.73,103.42,24047.89,8460.48,0.0
51826_370_0,12.8,46.08,16084.7,13208.61,0.0
51838_370_0,4.51,16.24,9455.53,22546.56,0.0
51839_370_0,20.28,73.02,11963.29,14878.58,0.0
51840_370_0,13.35,48.05,23922.61,5393.43,0.0
51845_370_0,12.28,44.22,21096.67,9766.19,0.0
51852_370_0,11.95,43.04,7506.81,18509.0,0.0
51855_370_0,12.33,44.4,8045.72,14194.25,0.0
51857_370_0,0.44,1.58,17060.02,13446.39,0.0
51858_370_0,6.58,23.7,17855.51,16109.08,0.0
51864_370_0,0.0,0.0,19139.73,17095.52,20.0
51865_370_0,13.21,47.56,11250.77,4908.16,0.0
51866_370_0,12.15,43.73,17621.25,16366.42,0.0
51869_370_0,5.09,18.33,16909.36,6345.23,0.0
51872_370_0,2.53,9.11,11020.95,15293.53,0.0
51873_370_0,12.91,46.48,14827.15,13238.84,0.0
51874_370_0,8.75,31.51,17848.06,14118.91,0.0
51876_370_0,16.11,57.99,19135.56,15960.71,0.0
51881_370_0,7.59,27.33,11820.86,12537.23,0.0
51885_370_0,6.84,24.63,21095.83,9309.99,0.0
51887_370_0,9.53,34.3,21430.7,10334.94,0.0
51889_370_0,0.0,0.0,4778.37,14356.95,2.0
51890_370_0,19.51,70.24,17199.23,18813.72,0.0
51891_370_0,11.91,42.88,8118.43,25614.44,0.0
51893_370_0,13.39,48.21,14580.23,13212.72,0.0
51896_370_0,14.08,50.7,14453.48,8994.99,0.0
51898_370_0,13.02,46.87,20838.71,15405.86,0.0
51899_370_0,18.95,68.21,23543.97,5323.28,0.0
51902_370_0,10.84,39.03,20937.6,16801.91,0.0
51904_370_0,1.28,4.6,11550.07,11236.01,0.0
51909_370_0,17.22,62.0,9133.84,22328.03,0.0
51911_370_0,11.95,43.0,15303.36,13445.6,0.0
51913_370_0,13.07,47.07,16709.02,14918.78,0.0
51915_370_0,16.71,60.16,16914.73,15664.5,0.0
51919_370_0,14.74,53.08,14460.04,9722.65,0.0
51923_370_0,11.81,42.51,15521.41,13906.96,0.0
51929_370_0,31.84,114.62,20445.78,15486.13,0.0
51933_370_0,12.36,44.5,21219.88,14628.05,0.0
51938_370_0,12.09,43.52,22824.15,18690.39,0.0
51939_370_0,11.43,41.16,9025.25,24800.59,0.0
51941_370_0,12.48,44.91,21888.92,9384.95,0.0
51943_370_0,8.66,31.17,13661.94,14931.22,0.0
51944_370_0,16.82,60.54,19211.56,15961.48,0.0
51951_370_0,16.7,60.11,9973.79,20307.04,0.0
51954_370_0,2.49,8.95,19398.66,17151.32,0.0
51959_370_0,9.92,35.73,17134.02,12445.92,0.0
51960_370_0,7.86,28.3,5037.92,16072.65,0.0
51962_370_0,12.39,44.6,10815.15,14518.37,0.0
51965_370_0,0.51,1.83,22619.28,7548.57,0.0
51967_370_0,21.6,77.77,19969.5,14240.7,0.0
51969_370_0,0.0,0.0,10710.52,12119.26,6.0
51972_370_0,9.15,32.93,21355.74,8602.36,0.0
51974_370_0,13.47,48.49,9443.46,18430.41,0.0
51975_370_0,36.75,132.3,8040.67,11595.89,0.0
51979_370_0,0.0,0.0,20727.86,7711.31,15.0
51980_370_0,0.0,0.0,11847.35,14648.8,2.0
51990_370_0,15.13,54.46,13780.35,12390.96,0.0
51995_370_0,6.8,24.49,21933.9,18311.45,0.0
51996_370_0,13.34,48.04,10000.47,13412.0,0.0
51997_370_0,14.56,52.42,7708.79,16808.1,0.0
51999_370_0,13.94,50.19,20952.55,12811.1,0.0
52002_370_0,0.0,0.0,19868.67,17285.09,12.0
52008_370_0,3.95,14.24,21551.16,14314.89,0.0
52014_370_0,11.99,43.18,11712.35,12242.26,0.0
52019_370_0,13.87,49.93,17315.78,18484.36,0.0
52021_370_0,12.56,45.22,16426.01,17070.3,0.0
52025_370_0,2.17,7.81,20296.3,6693.76,0.0
52026_370_0,14.66,52.77,14036.92,15061.31,0.0
52031_370_0,29.76,107.15,19283.6,16919.88,0.0
52032_370_0,11.42,41.12,13337.11,18794.86,0.0
52034_370_0,11.71,42.15,22349.33,8954.05,0.0
52035_370_0,12.99,46.77,22094.85,8976.8,0.0
52039_370_0,0.0,0.0,6028.3,14286.82,7.0
52040_370_0,6.01,21.63,19380.29,20778.17,0.0
52041_370_0,12.74,45.87,19186.98,5122.92,0.0
52043_370_0,13.79,49.66,17294.98,16534.09,0.0
52045_370_0,0.0,0.0,15291.06,18152.07,10.0
52046_370_0,8.81,31.72,18782.5,14222.78,0.0
52048_370_0,12.79,46.03,8256.23,28353.39,0.0
52052_370_0,8.53,30.7,24144.41,3931.93,0.0
52055_370_0,18.11,65.18,8989.74,27539.69,0.0
52058_370_0,10.21,36.76,14913.41,17883.23,0.0
52064_370_0,14.1,50.76,5821.29,15908.7,0.0
52065_370_0,23.82,85.75,23477.69,6748.32,0.0
52066_370_0,9.66,34.76,14031.66,16228.68,0.0
52067_370_0,12.36,44.48,8698.87,12701.35,0.0
52069_370_0,14.84,53.44,8277.66,17610.71,0.0
52070_370_0,14.83,53.37,10454.21,9689.53,0.0
52071_370_0,2.18,7.85,21158.16,10356.6,0.0
52073_370_0,0.0,0.0,17532.73,16793.6,24.0
52076_370_0,12.2,43.92,16955.23,13026.38,0.0
52078_370_0,12.07,43.44,11098.44,21298.43,0.0
52084_370_0,0.13,0.46,7355.03,14206.14,0.0
52086_370_0,11.83,42.6,15310.59,12805.14,0.0
52087_370_0,14.53,52.3,16753.19,11219.63,0.0
52089_370_0,13.73,49.42,22438.64,8410.41,0.0
52097_370_0,7.82,28.14,24065.21,5598.75,0.0
52100_370_0,0.0,0.0,12369.69,13534.43,8.0
52111_370_0,10.2,36.71,14155.23,11735.58,0.0
52112_370_0,9.74,35.05,20131.15,17359.02,0.0
52116_370_0,0.87,3.14,8526.7,21851.5,0.0
52118_370_0,12.54,45.16,8166.12,13551.11,0.0
52119_370_0,7.11,25.6,13312.32,18008.88,0.0
52120_370_0,0.41,1.49,17579.32,17470.49,0.0
52121_370_0,5.27,18.98,14636.08,12272.54,0.0
52124_370_0,33.11,119.18,12157.12,8525.88,0.0
52128_370_0,0.0,0.0,12018.46,12735.42,12.0
52129_370_0,11.67,42.0,9642.17,12779.2,0.0
52139_370_0,0.03,0.11,17299.14,7978.96,6.0
52141_370_0,3.77,13.57,8684.42,14154.91,0.0
52144_370_0,15.51,55.85,10086.94,20676.67,0.0
52146_370_0,0.0,0.0,22615.78,7551.48,5.0
52149_370_0,11.27,40.56,12225.9,18023.05,0.0
52150_370_0,8.99,32.37,14140.99,12397.06,0.0
52152_370_0,10.82,38.96,19738.38,20393.9,0.0
52153_370_0,0.02,0.07,16993.68,11004.81,2.0
52156_370_0,14.38,51.78,18376.34,15140.35,0.0
52159_370_0,11.76,42.32,11858.97,13335.07,0.0
52160_370_0,12.97,46.69,8906.13,14748.0,0.0
52161_370_0,0.0,0.0,12227.23,13816.04,9.0
52162_370_0,12.56,45.22,18317.83,4658.06,0.0
52163_370_0,0.01,0.02,10536.18,12999.41,4.0
52164_370_0,0.0,0.0,9229.81,12695.63,6.0
52165_370_0,0.0,0.0,12505.99,11948.97,10.0
52168_370_0,12.95,46.61,11687.82,9240.44,0.0
52169_370_0,19.72,70.99,23545.71,5351.25,0.0
52170_370_0,7.88,28.37,21464.89,10352.59,0.0
52174_370_0,0.0,0.0,11862.06,14618.18,9.0
52176_370_0,12.88,46.36,17949.29,7257.17,0.0
52181_370_0,8.46,30.45,13901.33,14649.56,0.0
52183_370_0,6.69,24.07,13344.67,17459.66,0.0
52184_370_0,13.77,49.56,14346.82,20625.49,0.0
52186_370_0,13.66,49.16,21090.61,16794.63,0.0
52188_370_0,6.15,22.14,8563.98,21985.51,0.0
52189_370_0,0.86,3.11,15616.34,14381.18,0.0
52192_370_0,26.45,95.24,21351.63,10429.15,0.0
52193_370_0,12.13,43.69,16732.3,6584.16,0.0
52194_370_0,0.0,0.0,14702.39,4252.09,0.0
52196_370_0,13.02,46.86,20996.69,10672.35,0.0
52200_370_0,8.22,29.59,13588.69,13520.31,0.0
52203_370_0,0.0,0.0,14974.33,15831.06,13.0
52205_370_0,4.53,16.32,21539.77,13926.38,0.0
52206_370_0,4.51,16.23,8010.93,21127.11,0.0
52209_370_0,14.89,53.61,22706.77,18681.82,0.0
52211_370_0,0.0,0.0,11564.02,14453.07,7.0
52213_370_0,10.24,36.88,14478.76,17008.22,0.0
52217_370_0,28.04,100.93,21540.43,12190.95,0.0
52224_370_0,8.09,29.11,10136.77,16292.73,0.0
52230_370_0,9.95,35.81,19773.15,18781.51,0.0
52234_370_0,14.89,53.6,24464.96,11343.78,0.0
52236_370_0,9.52,34.28,16365.35,13853.79,0.0
52237_370_0,0.03,0.11,13664.24,14410.93,1.0
52239_370_0,12.84,46.23,20621.89,10114.38,0.0
52240_370_0,14.75,53.12,19025.4,15382.82,0.0
52241_370_0,7.46,26.86,10945.1,13084.49,0.0
52242_370_0,2.71,9.76,9666.91,12851.18,0.0
52244_370_0,0.96,3.45,23336.46,4968.53,0.0
52245_370_0,12.45,44.83,12680.87,20192.72,0.0
52248_370_0,11.95,43.02,9913.34,23102.54,0.0
52249_370_0,0.0,0.0,15478.64,14190.02,8.0
52250_370_0,0.0,0.0,15048.63,14216.57,3.0
52254_370_0,22.13,79.67,22006.36,15118.13,0.0
52263_370_0,1.68,6.05,19395.54,18732.0,0.0
52265_370_0,13.31,47.91,9473.62,16808.14,0.0
52266_370_0,8.1,29.17,21038.96,17294.98,0.0
52269_370_0,6.74,24.28,9298.53,23654.83,0.0
52270_370_0,11.45,41.23,23211.3,5460.15,0.0
52272_370_0,8.31,29.93,11554.58,11267.97,0.0
52273_370_0,0.0,0.0,8438.97,21427.2,6.0
52280_370_0,0.0,0.0,19838.01,17276.52,21.0
52281_370_0,10.91,39.27,12752.03,11392.64,0.0
52282_370_0,0.0,0.0,17329.29,16593.87,9.0
52290_370_0,18.14,65.3,9711.27,23344.86,0.0
52293_370_0,0.02,0.06,13785.16,17280.13,1.0
52294_370_0,13.49,48.56,19128.66,3704.57,0.0
52297_370_0,18.88,67.96,5877.58,25601.31,0.0
52301_370_0,23.03,82.89,11722.98,17007.5,0.0
52302_370_0,2.01,7.24,16683.29,8375.89,0.0
52309_370_0,0.0,0.0,12668.74,11837.4,4.0
52314_370_0,22.97,82.68,13795.35,9091.38,0.0
52317_370_0,12.01,43.25,10601.25,14947.12,0.0
52325_370_0,11.82,42.56,8453.98,14172.57,0.0
52329_370_0,19.94,71.77,16769.75,21886.1,0.0
52334_370_0,0.0,0.0,11307.76,17670.55,12.0
52335_370_0,15.69,56.48,12139.49,12353.14,0.0
52341_370_0,7.39,26.62,16001.0,8549.73,0.0
52343_370_0,31.7,114.13,8319.94,11384.51,0.0
52344_370_0,0.0,0.0,21318.03,10200.86,7.0
52345_370_0,14.76,53.12,19502.82,13613.35,0.0
52347_370_0,10.53,37.91,16573.88,7634.53,0.0
52349_370_0,9.01,32.45,11535.02,13288.51,0.0
52350_370_0,13.81,49.72,13990.09,12197.68,0.0
52353_370_0,14.64,52.7,12253.69,13169.55,0.0
52354_370_0,12.13,43.68,16553.34,20794.98,0.0
52355_370_0,13.51,48.63,18698.53,12239.59,0.0
52357_370_0,7.47,26.91,17541.31,17412.31,0.0
52358_370_0,14.38,51.75,14760.01,13227.38,0.0
52363_370_0,23.17,83.43,14624.05,7600.64,0.0
52367_370_0,8.57,30.86,16453.39,12758.07,0.0
52373_370_0,13.4,48.23,12688.76,13849.5,0.0
52384_370_0,6.62,23.83,12935.88,14378.66,0.0
52386_370_0,12.3,44.26,13603.45,15753.55,0.0
52389_370_0,15.72,56.61,16980.99,10871.98,0.0
52392_370_0,13.19,47.47,11983.02,13332.37,0.0
52394_370_0,14.21,51.17,12565.33,10534.92,0.0
52399_370_0,0.6,2.17,8549.36,21960.87,0.0
52401_370_0,30.44,109.57,21504.63,12196.96,0.0
52403_370_0,11.39,40.99,15712.35,12223.31,0.0
52407_370_0,34.83,125.4,22503.88,9622.42,0.0
52410_370_0,6.57,23.67,16636.41,8789.63,0.0
52411_370_0,0.0,0.0,19854.23,17277.62,18.0
52412_370_0,1.6,5.76,19419.28,17156.09,0.0
52417_370_0,0.0,0.02,13565.51,12368.28,4.0
52420_370_0,18.36,66.1,12299.28,6059.99,0.0
52423_370_0,0.0,0.0,24226.03,7627.26,5.0
52426_370_0,0.0,0.0,21528.79,9268.47,8.0
52428_370_0,8.39,30.22,11765.95,11986.32,0.0
52430_370_0,9.6,34.55,13611.14,18197.51,0.0
52431_370_0,10.74,38.67,14114.36,7395.69,0.0
52432_370_0,0.0,0.0,10632.58,12102.81,5.0
52437_370_0,12.97,46.71,21219.52,14613.56,0.0
52438_370_0,0.0,0.0,15521.83,9560.24,25.0
52440_370_0,11.51,41.44,22568.25,7990.58,0.0
52444_370_0,26.83,96.59,20775.92,12041.41,0.0
52447_370_0,0.11,0.39,14100.43,16511.79,0.0
52452_370_0,14.25,51.3,16652.84,16937.1,0.0
52455_370_0,2.34,8.41,8538.74,21791.91,0.0
52456_370_0,11.77,42.38,15405.62,14204.17,0.0
52457_370_0,13.33,48.0,11919.81,12701.19,0.0
52459_370_0,5.24,18.87,23573.77,5133.76,0.0
52465_370_0,12.63,45.46,13713.08,18159.47,0.0
52466_370_0,13.56,48.8,23818.83,7460.66,0.0
52470_370_0,11.42,41.12,14903.87,17365.28,0.0
52471_370_0,10.63,38.26,13517.23,20518.86,0.0
52472_370_0,11.37,40.95,17269.9,17455.73,0.0
52474_370_0,8.72,31.37,11392.59,17215.41,0.0
52477_370_0,8.65,31.14,16998.89,11103.4,0.0
52486_370_0,4.34,15.63,20729.66,7742.55,0.0
52487_370_0,0.01,0.03,22814.85,7990.25,1.0
52489_370_0,12.85,46.26,13720.81,12435.9,0.0
52492_370_0,3.17,11.43,17726.77,10514.17,0.0
52494_370_0,14.37,51.74,12844.38,14352.11,0.0
52498_370_0,10.23,36.84,10864.03,13966.14,0.0
52500_370_0,14.95,53.81,6081.78,12055.64,0.0
52501_370_0,9.18,33.04,23810.59,3924.57,0.0
52502_370_0,16.74,60.25,11171.94,10069.78,0.0
52509_370_0,7.63,27.47,17157.88,3710.55,0.0
52510_370_0,9.6,34.54,14221.84,11400.11,0.0
52511_370_0,7.86,28.29,13978.31,14181.57,0.0
52517_370_0,14.84,53.42,22736.3,7989.14,0.0
52519_370_0,8.97,32.31,14933.93,11342.51,0.0
52525_370_0,15.33,55.19,18877.23,12974.69,0.0
52527_370_0,9.2,33.1,11653.95,13612.47,0.0
52531_370_0,18.76,67.55,12694.34,23832.07,0.0
52533_370_0,12.1,43.55,20305.5,5781.42,0.0
52537_370_0,12.32,44.34,10899.31,15413.17,0.0
52539_370_0,8.5,30.59,11547.12,13302.01,0.0
52541_370_0,7.31,26.32,22284.38,17107.31,0.0
52542_370_0,10.5,37.78,17920.3,4389.13,0.0
52547_370_0,8.4,30.22,9512.41,24359.96,0.0
52550_370_0,13.83,49.8,14124.89,11967.05,0.0
52551_370_0,0.0,0.0,19491.91,17177.03,8.0
52557_370_0,0.02,0.08,16875.04,13952.21,1.0
52561_370_0,0.0,0.01,21211.2,10292.4,5.0
52563_370_0,12.57,45.27,13578.62,14421.59,0.0
52569_370_0,12.24,44.06,18845.46,5083.96,0.0
52570_370_0,9.28,33.42,16762.75,13581.19,0.0
52581_370_0,14.03,50.5,18012.14,15876.79,0.0
52583_370_0,12.55,45.18,10818.51,12230.37,0.0
52587_370_0,1.17,4.2,21242.91,10263.4,0.0
52590_370_0,18.13,65.26,9091.65,22298.94,0.0
52591_370_0,11.94,42.98,21221.03,10566.1,0.0
52593_370_0,11.37,40.93,18963.2,14814.43,0.0
52595_370_0,9.77,35.17,8500.48,23570.89,0.0
52599_370_0,14.84,53.42,13500.95,15206.13,0.0
52600_370_0,14.46,52.07,22167.73,16760.99,0.0
52603_370_0,7.71,27.74,21855.98,14067.03,0.0
52604_370_0,14.98,53.93,12576.86,12066.57,0.0
52606_370_0,7.36,26.49,13135.51,19374.71,0.0
52607_370_0,0.24,0.85,10439.31,9615.2,0.0
52608_370_0,13.4,48.22,15350.27,14207.37,0.0
52612_370_0,12.58,45.29,10751.82,13675.34,0.0
52613_370_0,12.28,44.22,13302.99,12735.43,0.0
52614_370_0,0.0,0.0,20292.74,6670.15,23.0
52615_370_0,11.58,41.68,6087.12,26083.86,0.0
52624_370_0,13.89,50.0,17150.74,3592.47,0.0
52630_370_0,11.73,42.24,5940.82,13963.92,0.0
52636_370_0,8.64,31.1,18791.64,14192.74,0.0
52637_370_0,9.45,34.0,12605.04,13153.07,0.0
52639_370_0,0.0,0.0,20296.08,6664.67,21.0
52641_370_0,25.34,91.21,11862.42,24099.53,0.0
52642_370_0,9.79,35.26,19808.79,17264.62,0.0
52652_370_0,8.91,32.09,16655.98,15160.4,0.0
52653_370_0,6.77,24.38,14138.48,11894.55,0.0
52656_370_0,4.87,17.54,9259.21,23675.6,0.0
52657_370_0,1.31,4.72,17488.95,17189.96,0.0
52661_370_0,0.0,0.0,21711.19,8673.95,16.0
52664_370_0,11.17,40.22,6437.87,17725.53,0.0
52667_370_0,14.29,51.45,16525.39,20814.24,0.0
52676_370_0,14.76,53.14,20381.01,14548.88,0.0
52679_370_0,14.96,53.84,18216.78,10256.2,0.0
52680_370_0,11.23,40.44,5848.07,14297.03,0.0
52693_370_0,12.46,44.86,21763.64,10617.14,0.0
52699_370_0,0.0,0.0,12221.59,13816.27,6.0
52700_370_0,11.99,43.17,17547.8,4168.73,0.0
52701_370_0,2.31,8.32,18355.21,13353.21,0.0
52706_370_0,15.67,56.41,5780.31,25642.07,0.0
52707_370_0,22.8,82.08,12101.45,6908.22,0.0
52710_370_0,7.91,28.47,12246.75,13650.78,0.0
52711_370_0,0.25,0.89,14015.13,15870.5,0.0
52719_370_0,11.17,40.22,10093.18,23040.68,0.0
52720_370_0,13.21,47.54,13273.45,9296.81,0.0
52724_370_0,0.03,0.09,18841.17,18811.1,1.0
52727_370_0,12.97,46.68,17070.7,16734.86,0.0
52728_370_0,5.57,20.07,16573.93,12928.45,0.0
52733_370_0,11.64,41.92,12903.23,14780.26,0.0
52734_370_0,29.67,106.83,6587.86,17079.28,0.0
52736_370_0,14.23,51.24,16034.41,8032.45,0.0
52739_370_0,11.78,42.4,9106.09,15547.43,0.0
52740_370_0,12.69,45.7,18892.26,18853.9,0.0
52742_370_0,14.05,50.58,19123.49,17211.22,0.0
52744_370_0,6.83,24.57,18337.38,13494.39,0.0
52752_370_0,19.99,71.96,9305.3,22432.51,0.0
52758_370_0,15.5,55.79,11074.92,6758.99,0.0
52761_371_0,8.87,31.95,23909.32,4457.35,0.0
52762_371_0,11.27,40.58,15387.61,10357.71,0.0
52763_371_0,7.09,25.53,19334.18,15381.02,0.0
52770_371_0,16.59,59.71,19776.5,15624.31,0.0
52773_371_0,12.75,45.89,17925.6,7314.35,0.0
52787_371_0,0.0,0.0,15702.02,8425.87,15.0
52794_371_0,2.92,10.52,14921.18,5875.83,0.0
52796_371_0,13.48,48.51,12919.76,15846.47,0.0
52800_371_0,0.0,0.0,19140.85,17089.04,17.0
52802_371_0,15.45,55.63,14143.17,13616.46,0.0
52804_371_0,12.82,46.16,24478.79,11406.89,0.0
52805_371_0,7.6,27.36,5612.99,14639.8,0.0
52809_371_0,15.72,56.58,17038.84,15909.4,0.0
52812_371_0,14.03,50.49,16754.11,10984.94,0.0
52813_371_0,2.48,8.94,14624.73,18559.88,0.0
52815_371_0,6.75,24.29,16464.76,9029.51,0.0
52817_371_0,8.56,30.81,13295.51,18452.86,0.0
52818_371_0,11.63,41.88,24326.62,6395.29,0.0
52819_371_0,10.95,39.43,11124.07,15726.84,0.0
52824_371_0,14.35,51.68,9138.19,17056.93,0.0
52827_371_0,10.78,38.8,20285.66,6572.96,0.0
52828_371_0,0.0,0.0,9675.83,22808.98,0.0
52829_371_0,28.3,101.88,6700.16,12574.76,0.0
52832_371_0,12.56,45.2,10529.37,15513.69,0.0
52838_371_0,31.06,111.83,10878.62,18846.35,0.0
52841_371_0,4.28,15.4,10282.97,20877.35,0.0
52847_371_0,14.64,52.7,14754.76,11848.35,0.0
52848_371_0,5.78,20.82,5719.91,13888.0,0.0
52862_371_0,0.0,0.0,11699.32,15720.08,7.0
52869_371_0,0.0,0.0,19398.51,18716.47,9.0
52870_371_0,14.55,52.39,9372.55,16864.27,0.0
52876_371_0,8.97,32.3,15022.82,14154.12,0.0
52883_371_0,6.97,25.09,22982.97,14010.96,0.0
52889_371_0,10.79,38.84,10493.27,15618.94,0.0
52890_371_0,0.05,0.19,20753.26,8230.3,1.0
52891_371_0,11.88,42.78,24103.8,5051.08,0.0
52899_371_0,0.0,0.0,21194.37,10307.79,12.0
52900_371_0,10.56,38.0,9612.04,14413.33,0.0
52904_371_0,9.72,34.98,8423.86,15195.79,0.0
52905_371_0,12.94,46.6,13507.53,12222.78,0.0
52908_371_0,16.77,60.37,23548.76,5296.6,0.0
52913_371_0,11.38,40.97,21572.55,16935.87,0.0
52916_371_0,13.62,49.02,22545.42,7897.11,0.0
52919_371_0,0.05,0.19,20216.19,6350.34,1.0
52920_371_0,9.88,35.56,12842.69,13145.98,0.0
52921_371_0,12.76,45.95,6505.21,28179.29,0.0
52927_371_0,12.0,43.18,12191.0,15914.15,0.0
52931_371_0,21.54,77.54,22293.06,9818.46,0.0
52932_371_0,13.83,49.8,9044.3,24787.02,0.0
52938_371_0,11.32,40.75,20543.13,7201.14,0.0
52944_371_0,10.64,38.3,6805.77,18629.85,0.0
52946_371_0,11.55,41.57,13837.94,7148.44,0.0
52949_371_0,5.17,18.62,17425.55,16834.22,0.0
52950_371_0,0.06,0.21,17318.07,7966.6,1.0
52952_371_0,10.77,38.76,14729.79,10283.0,0.0
52953_371_0,26.66,95.96,11800.65,16835.74,0.0
52954_371_0,32.48,116.94,24170.27,11311.56,0.0
52955_371_0,28.97,104.3,23501.67,6227.23,0.0
52959_371_0,11.16,40.18,14894.44,18066.86,0.0
52964_371_0,12.74,45.86,20247.43,21146.79,0.0
52965_371_0,14.86,53.48,10904.13,13555.69,0.0
52972_371_0,0.0,0.0,11667.98,13954.82,6.0
52976_371_0,15.18,54.66,10093.78,20529.26,0.0
52977_371_0,12.63,45.47,14407.15,15752.31,0.0
52978_371_0,13.35,48.06,17672.63,12492.6,0.0
52984_371_0,11.39,41.01,8605.25,14158.55,0.0
52986_371_0,17.61,63.4,23832.47,11746.95,0.0
52992_371_0,28.27,101.78,22385.48,9730.65,0.0
53003_371_0,2.19,7.9,9100.41,23548.63,0.0
53008_371_0,6.0,21.61,23729.59,7295.29,0.0
53010_371_0,11.64,41.89,22489.4,15488.88,0.0
53011_371_0,13.1,47.15,21905.08,18962.58,0.0
53012_371_0,14.14,50.91,19007.57,2822.18,0.0
53013_371_0,13.42,48.32,6958.06,28322.48,0.0
53018_371_0,11.92,42.9,10726.59,16955.15,0.0
53028_371_0,7.87,28.32,8060.41,20717.63,0.0
53031_371_0,7.34,26.43,7180.38,27403.36,0.0
53035_371_0,10.66,38.36,11996.3,16376.62,0.0
53042_371_0,12.36,44.49,20148.29,6481.88,0.0
53048_371_0,14.07,50.67,12687.59,11101.96,0.0
53053_371_0,1.26,4.52,16833.75,20715.57,0.0
53054_371_0,12.7,45.7,22627.56,7396.06,0.0
53059_371_0,15.46,55.65,19469.71,15332.87,0.0
53060_371_0,12.28,44.19,19984.25,12968.72,0.0
53061_371_0,0.59,2.13,9463.53,22561.14,0.0
53062_371_0,16.63,59.86,18244.18,12124.78,0.0
53068_371_0,7.49,26.97,5602.29,14648.43,0.0
53069_371_0,20.37,73.32,12380.84,6114.81,0.0
53070_371_0,15.65,56.34,20058.18,23261.37,0.0
53072_371_0,0.0,0.0,21296.17,10193.27,10.0
53092_371_0,7.7,27.73,14215.39,13759.33,0.0
53093_371_0,1.34,4.84,20742.89,8018.98,0.0
53094_371_0,0.0,0.0,10848.12,14916.13,13.0
53097_371_0,16.29,58.63,19428.91,15353.47,0.0
53100_371_0,20.11,72.38,16226.88,14871.58,0.0
53108_371_0,30.3,109.09,6519.86,16050.01,0.0
53110_371_0,12.15,43.73,19470.33,17600.13,0.0
53111_371_0,15.39,55.41,17439.94,17350.17,0.0
53113_371_0,12.85,46.26,14400.61,15742.82,0.0
53114_371_0,11.11,40.0,22888.12,17134.35,0.0
53115_371_0,18.23,65.63,14593.14,8510.97,0.0
53118_371_0,12.99,46.75,11929.81,11197.45,0.0
53124_371_0,25.13,90.48,23393.02,8252.0,0.0
53127_371_0,11.1,39.95,12184.07,12243.48,0.0
53128_371_0,13.81,49.73,17943.33,15049.55,0.0
53130_371_0,4.46,16.06,22402.37,17603.8,0.0
53135_371_0,13.3,47.89,21237.04,18000.63,0.0
53138_371_0,11.81,42.52,18651.44,4935.14,0.0
53139_371_0,14.18,51.04,11490.78,17388.28,0.0
53143_371_0,12.45,44.83,22800.64,14461.47,0.0
53150_371_0,0.0,0.0,21164.91,10334.74,22.0
53152_371_0,45.85,165.07,11314.46,3580.48,0.0
53154_371_0,13.47,48.5,21987.86,18456.81,0.0
53158_371_0,0.0,0.0,11295.35,17633.53,6.0
53159_371_0,24.22,87.19,15824.4,15311.53,0.0
53164_371_0,14.68,52.85,11083.67,12209.51,0.0
53173_371_0,6.97,25.1,23507.23,12606.94,0.0
53180_371_0,12.87,46.33,14748.16,16181.13,0.0
53182_371_0,8.74,31.45,13605.76,9864.78,0.0
53184_371_0,12.71,45.76,11887.62,16153.85,0.0
53194_371_0,8.53,30.72,21459.86,13727.77,0.0
53200_371_0,14.72,52.98,9659.82,20088.87,0.0
53202_371_0,10.7,38.51,16232.53,13834.36,0.0
53204_371_0,7.69,27.68,16178.89,11875.46,0.0
53205_371_0,7.86,28.29,20882.27,8284.21,0.0
53209_371_0,11.8,42.47,12329.59,16963.04,0.0
53214_371_0,12.57,45.26,17363.92,15008.8,0.0
53215_371_0,13.78,49.61,12727.02,12347.94,0.0
53216_371_0,12.92,46.5,23022.54,14812.31,0.0
53220_371_0,8.94,32.19,13006.53,16421.6,0.0
53223_371_0,12.45,44.82,19289.54,14022.76,0.0
53224_371_0,9.89,35.6,9895.07,17331.36,0.0
53226_371_0,2.45,8.8,14394.72,12376.4,0.0
53228_371_0,8.1,29.17,12949.79,18589.98,0.0
53230_371_0,1.58,5.68,14101.14,16516.98,0.0
53234_371_0,11.88,42.77,7074.07,25773.35,0.0
53236_371_0,7.2,25.92,20722.14,9057.96,0.0
53237_371_0,14.58,52.47,12836.25,14682.69,0.0
53243_371_0,15.59,56.13,10778.72,22295.51,0.0
53246_371_0,12.45,44.83,12620.5,12763.05,0.0
53249_371_0,1.49,5.37,19436.24,17216.37,0.0
53250_371_0,2.73,9.84,12243.88,15305.49,0.0
53252_371_0,6.87,24.73,19332.58,17131.44,0.0
53254_371_0,2.19,7.88,8978.28,23647.93,0.0
53257_371_0,0.51,1.85,9961.49,14092.71,0.0
53258_371_0,12.52,45.06,19325.59,17697.47,0.0
53261_371_0,0.0,0.0,21295.28,10192.28,9.0
53263_371_0,13.94,50.2,14206.77,11464.8,0.0
53266_371_0,14.71,52.95,13738.89,14008.82,0.0
53272_371_0,16.16,58.19,14815.7,15998.66,0.0
53274_371_0,0.0,0.0,20295.99,6675.53,23.0
53281_371_0,12.79,46.03,4827.96,14507.51,0.0
53283_371_0,15.74,56.67,22132.36,17138.54,0.0
53289_371_0,1.92,6.91,12220.84,12191.91,0.0
53290_371_0,13.38,48.16,11400.62,13287.89,0.0
53293_371_0,6.8,24.48,16787.95,6412.13,0.0
53294_371_0,0.0,0.0,9272.05,14099.46,9.0
53297_371_0,10.01,36.04,10658.7,18394.04,0.0
53302_371_0,0.0,0.0,11683.15,13612.96,6.0
53303_371_0,0.0,0.0,19890.01,17287.62,8.0
53312_371_0,28.59,102.94,20478.0,10488.08,0.0
53314_371_0,0.0,0.0,10550.74,14026.95,5.0
53315_371_0,13.25,47.71,13129.45,19906.99,0.0
53318_371_0,12.05,43.38,15519.92,10216.18,0.0
53321_371_0,5.49,19.76,22964.13,6964.47,0.0
53325_371_0,11.2,40.32,12005.02,16542.55,0.0
53326_371_0,13.13,47.27,12770.32,10847.37,0.0
53329_371_0,15.94,57.37,18332.84,10154.12,0.0
53330_371_0,27.38,98.58,18335.38,12047.31,0.0
53331_371_0,12.25,44.1,15687.63,9974.89,0.0
53340_371_0,0.01,0.02,19394.23,17149.97,3.0
53343_371_0,14.7,52.94,9146.77,17045.19,0.0
53345_371_0,12.98,46.74,14716.02,15486.86,0.0
53346_371_0,14.12,50.84,16276.17,14848.33,0.0
53353_371_0,11.89,42.79,15831.24,6343.09,0.0
53354_371_0,12.26,44.12,16473.16,19567.06,0.0
53355_371_0,0.0,0.0,11776.5,15632.39,6.0
53360_371_0,9.23,33.21,8176.67,16559.44,0.0
53362_371_0,13.15,47.35,10963.26,19285.67,0.0
53366_371_0,13.8,49.68,14009.3,13405.69,0.0
53368_371_0,15.44,55.58,22625.32,7456.44,0.0
53377_371_0,7.77,27.97,14457.57,19743.07,0.0
53382_371_0,11.67,42.02,24304.67,7256.61,0.0
53383_371_0,0.0,0.0,21190.16,10311.64,13.0
53384_371_0,6.32,22.77,20040.41,17647.06,0.0
53392_371_0,7.58,27.27,13350.75,14887.39,0.0
53393_371_0,13.66,49.19,15394.66,5938.75,0.0
53398_371_0,1.88,6.78,10550.2,14023.69,0.0
53399_371_0,7.8,28.09,16463.85,13855.1,0.0
53406_371_0,4.92,17.71,10697.5,16354.4,0.0
53414_371_0,12.45,44.82,14459.2,13841.96,0.0
53415_371_0,4.07,14.66,17998.17,15750.58,0.0
53424_371_0,8.03,28.91,17030.23,14274.03,0.0
53425_371_0,12.93,46.54,7717.13,22281.98,0.0
53429_371_0,0.0,0.0,19018.32,17042.22,1.0
53434_371_0,5.74,20.66,19442.89,17176.93,0.0
53438_371_0,11.14,40.11,6954.75,28737.08,0.0
53449_371_0,0.96,3.44,8537.09,21929.39,0.0
53452_371_0,0.73,2.64,22809.62,7990.54,0.0
53454_371_0,10.12,36.44,8759.62,22121.14,0.0
53456_371_0,0.0,0.0,11667.8,13951.52,10.0
53459_371_0,11.26,40.54,19648.27,17219.3,0.0
53467_371_0,15.15,54.53,23527.09,7837.94,0.0
53469_371_0,13.38,48.18,21976.0,17382.06,0.0
53471_371_0,12.4,44.63,16959.2,11014.55,0.0
53472_371_0,22.19,79.88,19173.61,17590.24,0.0
53482_371_0,9.83,35.38,16348.21,13851.28,0.0
53483_371_0,8.4,30.24,13498.33,18032.1,0.0
53486_371_0,12.56,45.2,22057.44,9085.71,0.0
53489_371_0,11.32,40.76,9362.87,22554.62,0.0
53490_371_0,14.31,51.52,15217.91,5885.89,0.0
53491_371_0,14.78,53.22,14029.62,18068.0,0.0
53504_371_0,13.11,47.2,7958.5,19837.57,0.0
53506_371_0,7.57,27.25,17646.37,17525.69,0.0
53508_371_0,8.44,30.38,9024.1,23693.0,0.0
53512_371_0,11.39,41.01,17495.13,17049.69,0.0
53523_371_0,11.05,39.78,12405.94,13490.31,0.0
53525_371_0,6.43,23.14,13910.81,16505.56,0.0
53528_371_0,6.83,24.58,19838.96,23657.8,0.0
53529_371_0,25.23,90.83,23527.14,5649.31,0.0
53531_371_0,11.38,40.97,6912.1,22335.09,0.0
53533_371_0,29.05,104.6,11649.99,22599.66,0.0
53534_371_0,6.8,24.47,21133.03,16808.05,0.0
53537_371_0,13.11,47.21,10134.46,16464.8,0.0
53538_371_0,13.73,49.43,10641.75,17327.8,0.0
53539_371_0,11.09,39.93,22476.1,14635.79,0.0
53547_371_0,12.25,44.11,11313.94,24275.27,0.0
53548_371_0,15.5,55.81,18668.31,12567.72,0.0
53549_371_0,0.0,0.0,11685.58,13629.69,13.0
53552_371_0,20.64,74.31,14606.28,15879.73,0.0
53553_371_0,0.01,0.03,19812.17,17201.6,3.0
53556_371_0,7.9,28.43,6020.47,14316.5,0.0
53561_371_0,37.27,134.17,12819.13,8206.42,0.0
53563_371_0,0.23,0.83,21299.82,10197.38,0.0
53577_371_0,14.19,51.09,15802.11,9820.93,0.0
53584_371_0,13.05,46.99,19892.27,14255.72,0.0
53587_371_0,30.73,110.64,6479.82,12704.53,0.0
53588_371_0,0.0,0.0,13329.42,14423.5,21.0
53589_371_0,13.23,47.63,15868.14,13128.11,0.0
53590_371_0,0.0,0.0,6029.25,14310.89,20.0
53591_371_0,12.56,45.23,22625.52,7376.63,0.0
53598_371_0,12.34,44.43,10490.51,11984.32,0.0
53604_371_0,18.31,65.91,17645.44,19789.83,0.0
53605_371_0,0.0,0.0,24268.37,7336.18,11.0
53607_371_0,15.01,54.05,20936.74,17559.35,0.0
53610_371_0,23.18,83.46,22387.21,9733.52,0.0
53613_371_0,9.96,35.84,14352.82,12377.69,0.0
53617_371_0,12.04,43.36,6626.51,14217.57,0.0
53629_371_0,1.22,4.41,18853.87,18825.45,0.0
53631_371_0,11.78,42.41,15707.92,14135.88,0.0
53632_371_0,0.0,0.0,15281.23,14218.78,7.0
53634_371_0,11.38,40.97,19148.87,19322.87,0.0
53637_371_0,7.08,25.48,8403.25,16351.14,0.0
53640_371_0,13.52,48.66,8053.03,19640.73,0.0
53642_371_0,13.09,47.13,16661.57,13895.65,0.0
53645_371_0,0.0,0.0,19141.41,17085.8,15.0
53646_371_0,0.0,0.0,16469.09,13723.99,13.0
53647_371_0,11.78,42.42,21036.82,17990.02,0.0
53651_371_0,18.26,65.72,15419.83,8775.88,0.0
53653_371_0,18.23,65.64,17297.53,14984.55,0.0
53654_371_0,3.36,12.09,17520.44,16796.34,0.0
53655_371_0,32.57,117.26,8955.03,21487.91,0.0
53657_371_0,8.38,30.16,20573.88,15497.52,0.0
53666_371_0,4.29,15.45,12045.9,12694.74,0.0
53667_371_0,0.0,0.0,14270.32,11019.1,13.0
53669_371_0,11.48,41.31,13286.72,18690.66,0.0
53672_371_0,25.32,91.14,9758.02,26534.25,0.0
53674_371_0,9.27,33.37,6870.18,18588.14,0.0
53679_371_0,10.46,37.67,11553.68,13965.21,0.0
53683_371_0,13.3,47.87,18108.76,16759.59,0.0
53684_371_0,14.09,50.73,11880.23,12691.11,0.0
53685_371_0,11.66,41.98,9839.23,15202.77,0.0
53689_371_0,11.56,41.63,18390.59,4712.51,0.0
53692_371_0,6.53,23.5,22336.34,8702.04,0.0
53694_371_0,14.93,53.73,13321.36,15902.05,0.0
53696_371_0,12.62,45.43,19086.15,17042.8,0.0
53699_371_0,11.78,42.4,12523.06,11196.51,0.0
53702_371_0,11.37,40.94,9120.03,15460.8,0.0
53705_371_0,9.6,34.55,13514.06,16199.48,0.0
53706_371_0,13.64,49.1,20561.23,17867.58,0.0
53708_371_0,12.02,43.29,24397.3,4417.51,0.0
53713_371_0,10.67,38.4,17022.01,13831.78,0.0
53717_371_0,11.74,42.26,14608.97,11204.7,0.0
53719_371_0,7.32,26.35,9239.69,24431.1,0.0
53720_371_0,12.01,43.25,12872.85,14327.6,0.0
53725_371_0,12.69,45.7,6471.62,14725.61,0.0
53730_371_0,17.74,63.85,15929.27,8170.9,0.0
53731_371_0,15.49,55.76,18702.56,12109.32,0.0
53732_371_0,10.74,38.67,8213.23,20635.36,0.0
53738_371_0,0.13,0.47,19519.37,17184.92,0.0
53739_371_0,0.18,0.66,14432.42,8985.73,0.0
53741_371_0,14.94,53.8,15340.41,17428.91,0.0
53742_371_0,0.0,0.0,10722.78,10647.02,4.0
53744_371_0,0.0,0.0,9452.75,22607.9,51.0
53749_371_0,14.61,52.59,23553.61,5249.96,0.0
53750_371_0,11.14,40.1,6480.86,15739.24,0.0
53751_371_0,8.65,31.13,5052.46,15226.46,0.0
53753_371_0,0.0,0.0,20675.9,17506.83,0.0
53758_371_0,14.61,52.61,7752.14,16676.9,0.0
53759_371_0,2.77,9.98,23797.64,4990.33,0.0
53761_371_0,1.56,5.61,18701.81,14714.92,0.0
53762_371_0,0.2,0.71,7608.78,14208.17,0.0
53768_371_0,11.88,42.76,18734.67,12708.42,0.0
53770_371_0,14.02,50.48,12453.09,20191.35,0.0
53772_371_0,7.12,25.64,9246.33,23572.98,0.0
53776_371_0,7.6,27.34,5647.95,14612.51,0.0
53777_371_0,13.85,49.86,21580.19,7626.51,0.0
53784_371_0,18.61,67.01,17809.07,15034.88,0.0
53791_371_0,14.92,53.7,16183.16,17062.76,0.0
53793_371_0,8.93,32.16,19372.8,18840.22,0.0
53794_371_0,13.03,46.92,21082.25,14830.32,0.0
53796_371_0,7.68,27.64,14151.99,18184.28,0.0
53797_371_0,8.75,31.5,16107.19,12091.82,0.0
53801_371_0,6.25,22.49,19851.26,17639.77,0.0
53802_371_0,12.39,44.61,17833.4,5989.06,0.0
53805_371_0,7.44,26.79,14231.75,12507.93,0.0
53808_371_0,31.34,112.83,13486.38,22003.58,0.0
53809_371_0,13.74,49.46,20919.45,15389.74,0.0
53817_371_0,11.68,42.05,10052.62,23165.52,0.0
53820_371_0,13.04,46.93,21389.83,14653.41,0.0
53825_371_0,14.49,52.15,21895.78,5909.11,0.0
53826_371_0,8.58,30.89,24212.61,7804.0,0.0
53827_371_0,12.79,46.03,13665.93,13976.48,0.0
53831_371_0,14.19,51.1,12679.87,15639.65,0.0
53839_371_0,16.3,58.68,17496.35,17936.99,0.0
53844_371_0,0.0,0.0,15578.4,12382.12,9.0
53847_371_0,0.01,0.03,19510.14,17182.29,2.0
53848_371_0,9.78,35.19,21669.24,10563.08,0.0
53849_371_0,5.73,20.63,11687.83,13905.13,0.0
53850_371_0,1.62,5.85,10732.56,12365.57,0.0
53851_371_0,21.12,76.04,17097.83,19153.1,0.0
53852_371_0,5.39,19.39,21570.98,17795.7,0.0
53853_371_0,6.81,24.5,11869.55,12169.42,0.0
53859_371_0,2.36,8.5,20517.51,14518.57,0.0
53862_371_0,11.39,40.99,22540.17,7935.99,0.0
53865_371_0,8.09,29.11,14317.13,12981.25,0.0
53870_371_0,13.7,49.31,15544.3,12332.07,0.0
53871_371_0,13.77,49.57,18159.98,15079.36,0.0
53872_371_0,27.73,99.82,6571.86,17767.39,0.0
53873_371_0,14.18,51.05,19730.29,15237.99,0.0
53877_371_0,0.04,0.13,11315.02,17676.5,2.0
53886_371_0,5.08,18.28,8551.73,21764.6,0.0
53887_371_0,9.38,33.75,12343.36,17936.41,0.0
53888_371_0,13.72,49.4,24129.76,4999.25,0.0
53892_371_0,0.0,0.0,11751.37,14341.0,9.0
53896_371_0,7.68,27.64,14072.12,16209.78,0.0
53900_371_0,7.18,25.85,12812.11,14096.23,0.0
53901_371_0,0.9,3.23,15276.62,18134.7,0.0
53904_371_0,28.6,102.98,23144.0,8939.49,0.0
53905_371_0,9.14,32.9,14146.24,11851.43,0.0
53908_371_0,11.71,42.15,7696.18,16855.36,0.0
53916_371_0,6.31,22.72,12374.03,17325.41,0.0
53919_371_0,19.85,71.46,6233.1,26843.19,0.0
53922_371_0,28.79,103.66,18858.63,11481.99,0.0
53924_371_0,13.3,47.88,14078.6,14792.16,0.0
53926_371_0,12.07,43.45,16207.51,9039.39,0.0
53931_371_0,1.35,4.84,13756.99,12796.3,0.0
53932_371_0,12.55,45.18,12766.86,11508.51,0.0
53940_371_0,7.76,27.93,7195.46,27426.51,0.0
53945_371_0,0.0,0.01,12211.41,12184.48,3.0
53948_371_0,16.99,61.17,18935.08,13049.88,0.0
53952_371_0,12.81,46.11,9591.64,23565.87,0.0
53955_371_0,4.09,14.73,15628.8,14414.28,0.0
53964_371_0,16.66,59.99,21062.66,15709.56,0.0
53970_371_0,15.07,54.27,16348.94,12815.54,0.0
53976_371_0,7.04,25.33,11615.66,11989.04,0.0
53978_371_0,1.16,4.19,8541.75,21942.11,0.0
53983_371_0,12.83,46.18,21153.44,14719.74,0.0
53989_371_0,0.08,0.27,20724.9,7660.83,1.0
53991_371_0,13.11,47.2,10570.32,14719.88,0.0
53998_371_0,14.79,53.26,15643.68,17193.77,0.0
53999_371_0,8.5,30.59,8755.98,14783.34,0.0
54000_371_0,5.68,20.46,23207.4,12109.0,0.0
54007_371_0,14.13,50.87,20756.61,12858.84,0.0
54008_371_0,15.96,57.45,11687.17,13789.3,0.0
54009_371_0,11.38,40.98,17095.44,16723.36,0.0
54013_371_0,0.01,0.04,15766.19,9866.27,3.0
54015_371_0,13.12,47.25,14772.38,16472.6,0.0
54016_371_0,11.69,42.08,13801.45,13205.72,0.0
54018_371_0,13.05,46.99,8760.4,19795.55,0.0
54019_371_0,16.81,60.53,9909.74,20902.32,0.0
54022_371_0,14.47,52.1,17156.89,6287.91,0.0
54024_371_0,0.0,0.0,18890.52,18866.86,6.0
54033_371_0,14.77,53.19,14782.62,8984.28,0.0
54037_371_0,12.94,46.59,19698.03,13228.5,0.0
54039_371_0,14.01,50.44,13561.83,14853.92,0.0
54040_371_0,12.3,44.27,18567.66,16783.81,0.0
54043_371_0,14.67,52.8,13254.38,15057.54,0.0
54044_371_0,13.28,47.81,16343.88,14849.19,0.0
54047_371_0,14.89,53.6,12840.56,12316.52,0.0
54048_371_0,14.57,52.47,15319.04,14213.38,0.0
54049_371_0,1.6,5.76,19845.07,12924.38,0.0
54051_371_0,14.83,53.38,11149.1,13363.66,0.0
54057_371_0,0.0,0.0,21973.34,7507.05,5.0
54060_371_0,2.26,8.14,12145.34,14399.53,0.0
54061_371_0,16.42,59.11,11970.39,13336.56,0.0
54062_371_0,15.14,54.5,19353.72,19974.85,0.0
54070_371_0,13.05,46.99,9728.89,20326.46,0.0
54073_371_0,14.45,52.01,12193.77,14773.76,0.0
54074_371_0,7.01,25.24,20903.42,8081.26,0.0
54075_371_0,14.17,51.02,12093.34,7405.65,0.0
54076_371_0,12.22,43.98,9427.9,18023.66,0.0
54077_371_0,13.46,48.46,13277.72,18648.55,0.0
54080_371_0,0.0,0.0,11643.0,14817.24,19.0
54082_371_0,12.89,46.4,13141.64,10346.07,0.0
54083_371_0,12.86,46.29,13777.04,10134.18,0.0
54086_371_0,12.85,46.25,12648.86,12809.13,0.0
54090_371_0,11.69,42.1,6887.61,14235.06,0.0
54091_371_0,13.2,47.52,16948.9,8525.19,0.0
54096_371_0,5.44,19.59,13726.66,15291.31,0.0
54099_371_0,3.48,12.51,22407.28,9182.04,0.0
54103_371_0,37.29,134.23,8935.85,10945.24,0.0
54106_371_0,12.73,45.83,18569.17,12006.36,0.0
54108_371_0,15.68,56.46,18337.36,17612.13,0.0
54110_371_0,14.62,52.64,5564.6,21783.07,0.0
54111_371_0,12.25,44.09,13037.22,12666.71,0.0
54112_371_0,0.0,0.0,12539.02,14517.32,12.0
54115_371_0,12.5,45.0,16156.45,17474.65,0.0
54117_371_0,17.54,63.15,18264.43,10214.29,0.0
54129_371_0,12.39,44.59,15788.41,14657.29,0.0
54135_371_0,8.24,29.65,16864.05,7774.93,0.0
54143_371_0,0.0,0.01,9050.82,19931.62,1.0
54146_371_0,10.06,36.23,20290.57,6589.04,0.0
54150_371_0,14.67,52.82,10769.26,20322.1,0.0
54151_371_0,8.62,31.02,12878.67,17379.11,0.0
54156_371_0,12.64,45.5,6489.43,14278.54,0.0
54162_371_0,2.37,8.55,15039.31,13167.58,0.0
54173_371_0,0.0,0.0,12816.38,11740.93,9.0
54184_371_0,13.97,50.29,21008.57,8029.58,0.0
54185_371_0,0.0,0.0,15270.97,14216.91,21.0
54190_371_0,11.44,41.17,22618.2,7336.02,0.0
54191_371_0,35.92,129.3,14560.12,8552.33,0.0
54192_371_0,6.77,24.36,20010.08,5998.64,0.0
54193_371_0,12.24,44.05,9233.89,16970.15,0.0
54198_371_0,12.45,44.83,14223.42,11384.07,0.0
54199_371_0,13.65,49.15,13398.75,14398.62,0.0
54200_371_0,14.81,53.31,17807.11,16681.78,0.0
54203_371_0,14.22,51.21,17244.32,6343.79,0.0
54207_371_0,13.03,46.92,12170.04,22010.2,0.0
54212_371_0,12.01,43.23,13772.88,17387.51,0.0
54213_371_0,0.0,0.0,19805.95,17215.61,7.0
54215_371_0,16.41,59.08,16974.31,6365.5,0.0
54216_371_0,0.0,0.0,19859.34,17279.05,16.0
54218_371_0,3.89,14.01,13480.89,12155.69,0.0
54221_371_0,16.56,59.61,13000.22,20129.42,0.0
54223_371_0,12.86,46.28,16853.38,12513.98,0.0
54228_371_0,25.59,92.12,17605.13,11184.41,0.0
54233_371_0,0.0,0.0,9374.96,23353.08,17.0
54234_371_0,0.71,2.55,23818.42,4990.76,0.0
54235_371_0,6.79,24.44,8103.22,28336.98,0.0
54241_371_0,14.2,51.11,18242.13,14177.99,0.0
54245_371_0,0.01,0.04,6611.84,14278.03,1.0
54246_371_0,7.88,28.38,23566.67,3646.67,0.0
54247_371_0,0.0,0.02,13212.32,11489.35,2.0
54249_371_0,12.6,45.36,16941.71,12932.4,0.0
54252_371_0,10.49,37.76,14165.73,11882.36,0.0
54259_371_0,0.16,0.58,20287.02,17385.08,0.0
54261_371_0,3.92,14.11,18991.83,17133.74,0.0
54265_371_0,12.07,43.44,6614.63,27533.0,0.0
54266_371_0,0.0,0.0,6161.19,14291.68,54.0
54267_371_0,7.27,26.17,10205.31,21227.22,0.0
54274_371_0,12.49,44.98,10001.83,13488.86,0.0
54280_371_0,6.47,23.27,16786.67,13654.42,0.0
54281_371_0,12.43,44.74,10790.8,12203.9,0.0
54283_371_0,12.06,43.43,14831.69,6707.63,0.0
54286_371_0,24.4,87.84,21985.07,11836.52,0.0
54293_371_0,0.04,0.15,17493.7,16914.03,1.0
54295_371_0,13.19,47.47,17227.86,6357.02,0.0
54298_371_0,13.84,49.81,13165.02,13002.49,0.0
54301_371_0,11.28,40.61,20575.27,17570.86,0.0
54304_371_0,6.78,24.41,20020.08,19093.18,0.0
54305_371_0,11.14,40.11,10504.88,15593.27,0.0
54308_371_0,0.47,1.71,19818.88,12960.16,0.0
54311_371_0,12.45,44.81,12745.14,13572.74,0.0
54314_371_0,0.01,0.05,23353.73,4969.17,3.0
54315_371_0,13.16,47.37,8525.68,12719.15,0.0
54317_371_0,28.53,102.7,17343.97,11053.02,0.0
54318_371_0,8.67,31.2,13706.37,14180.09,0.0
54320_371_0,10.67,38.42,11641.73,13711.14,0.0
54322_371_0,7.31,26.32,23315.83,14862.48,0.0
54329_371_0,27.58,99.28,23447.14,7701.24,0.0
54331_371_0,17.06,61.41,16912.98,10786.35,0.0
54332_371_0,25.26,90.95,23510.98,5925.99,0.0
54334_371_0,51.35,184.87,23649.41,7972.18,0.0
54336_371_0,11.75,42.28,21115.73,16793.16,0.0
54337_371_0,1.64,5.91,13989.28,15995.97,0.0
54341_371_0,11.02,39.68,6780.03,14262.61,0.0
54353_371_0,13.1,47.14,11725.82,14330.79,0.0
54355_371_0,17.85,64.26,18912.29,13023.09,0.0
54358_371_0,13.05,46.97,8505.39,12721.3,0.0
54361_371_0,1.02,3.66,18918.83,18898.84,0.0
54363_371_0,11.52,41.49,12951.15,20214.86,0.0
54370_371_0,10.71,38.57,9934.19,14084.44,0.0
54375_371_0,15.56,56.01,11506.44,17716.75,0.0
54380_371_0,14.29,51.44,20441.65,12953.15,0.0
54385_371_0,10.07,36.26,10052.7,20587.37,0.0
54387_371_0,13.02,46.86,17813.1,14111.0,0.0
54388_371_0,19.17,69.0,11796.81,6064.23,0.0
54396_371_0,24.31,87.5,14616.35,7689.91,0.0
54399_371_0,11.29,40.65,6544.89,15368.67,0.0
54401_371_0,10.52,37.89,20905.46,9007.73,0.0
54403_371_0,11.39,41.02,13826.83,16856.18,0.0
54404_371_0,13.05,46.96,11789.84,13381.1,0.0
54407_371_0,6.73,24.21,23763.87,4990.09,0.0
54409_371_0,7.51,27.02,14305.6,11865.44,0.0
54411_371_0,36.71,132.17,12868.99,8187.53,0.0
54413_371_0,12.8,46.06,11413.0,12536.97,0.0
54414_371_0,13.46,48.44,14394.81,15746.61,0.0
54415_371_0,10.91,39.29,11424.17,17766.2,0.0
54417_371_0,5.15,18.53,15314.34,13461.21,0.0
54418_371_0,14.46,52.07,15801.38,14714.17,0.0
54421_371_0,0.62,2.22,23271.9,18723.06,0.0
54424_371_0,0.0,0.0,12861.92,12305.13,17.0
54428_371_0,13.34,48.02,22152.0,8723.03,0.0
54432_371_0,12.3,44.29,15733.01,14626.17,0.0
54433_371_0,9.91,35.67,22616.45,7342.96,0.0
54435_371_0,7.37,26.52,12835.04,11437.32,0.0
54436_371_0,9.21,33.14,12264.09,14325.39,0.0
54440_371_0,8.08,29.08,14873.44,5846.85,0.0
54443_371_0,0.0,0.0,23807.1,11788.12,9.0
54446_371_0,11.13,40.07,22310.48,14624.85,0.0
54450_371_0,12.0,43.21,13488.79,11431.76,0.0
54454_371_0,0.07,0.25,19911.44,17293.83,1.0
54455_371_0,0.02,0.06,16495.29,14326.15,2.0
54458_371_0,0.0,0.0,13817.02,15376.58,3.0
54459_371_0,10.39,37.4,9975.94,23969.49,0.0
54463_371_0,11.72,42.21,9991.34,14024.16,0.0
54464_371_0,21.47,77.29,9508.0,20736.39,0.0
54469_371_0,0.0,0.0,6027.14,14312.18,4.0
54474_371_0,0.28,0.99,9505.44,16757.04,0.0
54476_371_0,10.68,38.44,17541.4,17732.86,0.0
54478_371_0,13.19,47.48,13080.21,17570.22,0.0
54479_371_0,14.28,51.4,10537.58,13110.01,0.0
54480_371_0,7.95,28.6,21676.86,8039.91,0.0
54481_371_0,12.67,45.63,24357.69,6666.94,0.0
54482_371_0,14.01,50.45,13062.73,21460.11,0.0
54484_371_0,6.8,24.49,9457.26,23753.23,0.0
54486_371_0,15.72,56.59,10321.07,15995.74,0.0
54494_371_0,0.0,0.0,11309.94,15699.15,8.0
54497_371_0,13.49,48.56,12504.31,17147.81,0.0
54501_371_0,0.0,0.0,16487.65,13719.4,7.0
54505_371_0,13.13,47.28,13843.84,16718.7,0.0
54509_371_0,7.04,25.33,23844.69,14911.64,0.0
54513_371_0,8.47,30.49,14755.99,16160.31,0.0
54514_371_0,13.89,50.0,21599.25,17801.28,0.0
54515_371_0,14.93,53.76,15103.35,14251.79,0.0
54529_371_0,0.0,0.0,13465.08,12116.97,19.0
54533_371_0,11.97,43.09,22022.97,12365.65,0.0
54541_371_0,0.0,0.0,8692.25,14151.2,21.0
54545_371_0,20.11,72.41,23493.45,6423.69,0.0
54547_371_0,11.91,42.89,20127.59,14294.48,0.0
54548_371_0,5.41,19.48,13329.18,13887.15,0.0
54549_371_0,17.53,63.12,18153.5,10307.2,0.0
54550_371_0,11.7,42.13,14231.24,8322.17,0.0
54561_371_0,8.95,32.2,13407.58,19261.6,0.0
54567_371_0,0.0,0.0,13998.48,15515.05,5.0
54568_371_0,13.47,48.5,14898.77,18644.86,0.0
54572_371_0,13.46,48.46,11100.76,26450.13,0.0
54575_371_0,12.15,43.75,10277.62,13518.05,0.0
54577_371_0,0.0,0.0,19399.38,18700.15,7.0
54579_371_0,0.0,0.0,18305.6,14168.85,6.0
54592_371_0,27.0,97.18,23455.75,7447.06,0.0
54593_371_0,6.4,23.05,15879.32,17642.08,0.0
54595_371_0,15.93,57.35,13671.26,14546.44,0.0
54597_371_0,3.44,12.39,19821.66,17285.77,0.0
54600_371_0,14.04,50.56,18344.28,6678.86,0.0
54601_371_0,25.66,92.38,10168.19,19877.97,0.0
54603_371_0,0.03,0.12,13973.88,16014.71,1.0
54606_371_0,12.78,46.01,23329.99,3688.2,0.0
54607_371_0,0.0,0.0,12816.37,11741.01,13.0
54614_371_0,14.71,52.97,10293.89,15652.46,0.0
54615_371_0,14.66,52.79,14390.66,13834.29,0.0
54617_371_0,11.94,43.0,23112.93,13914.44,0.0
54618_371_0,13.51,48.62,21285.95,13113.32,0.0
54620_371_0,14.29,51.45,11954.76,11546.85,0.0
54622_371_0,10.03,36.11,16400.66,13858.7,0.0
54625_371_0,7.28,26.22,6278.63,14597.06,0.0
54627_371_0,5.08,18.3,13525.63,16024.27,0.0
54636_371_0,8.0,28.79,21554.01,14287.01,0.0
54637_371_0,0.0,0.0,18456.66,14177.05,2.0
54641_371_0,12.48,44.91,13994.13,14925.69,0.0
54643_371_0,7.68,27.64,13950.44,13829.11,0.0
54645_371_0,13.38,48.18,12113.44,16636.03,0.0
54646_371_0,2.07,7.45,11556.77,11245.49,0.0
54652_372_0,13.72,49.41,6257.79,14117.75,0.0
54664_372_0,0.0,0.0,21198.58,10303.95,10.0
54667_372_0,7.96,28.66,19365.64,19606.79,0.0
54672_372_0,15.29,55.04,17436.9,18100.72,0.0
54675_372_0,10.62,38.23,10644.89,18407.0,0.0
54676_372_0,0.0,0.0,20230.96,17368.46,18.0
54677_372_0,0.0,0.0,19848.94,12966.01,17.0
54678_372_0,12.79,46.03,22622.86,7355.85,0.0
54679_372_0,13.52,48.69,23008.82,17010.16,0.0
54688_372_0,0.0,0.0,15667.46,8462.21,28.0
54691_372_0,12.5,44.99,11868.29,25899.04,0.0
54692_372_0,7.47,26.9,23101.47,17235.6,0.0
54696_372_0,8.85,31.87,13282.16,9899.8,0.0
54701_372_0,14.14,50.91,7279.03,18578.12,0.0
54707_372_0,15.5,55.82,12783.28,12997.85,0.0
54710_372_0,14.01,50.43,17553.82,18253.06,0.0
54714_372_0,3.53,12.72,6021.16,14128.71,0.0
54718_372_0,9.25,33.31,14667.26,18260.87,0.0
54721_372_0,24.27,87.39,15607.13,15545.42,0.0
54723_372_0,11.82,42.55,17348.54,16653.22,0.0
54726_372_0,11.29,40.65,22728.37,5000.49,0.0
54734_372_0,0.0,0.01,24411.87,4085.04,2.0
54736_372_0,0.8,2.88,22814.13,7986.98,0.0
54740_372_0,10.21,36.75,18063.88,15554.65,0.0
54750_372_0,21.1,75.94,16456.03,7247.74,0.0
54753_372_0,10.05,36.19,13035.27,12494.79,0.0
54754_372_0,9.64,34.7,12275.13,7392.81,0.0
54756_372_0,23.32,83.95,15703.78,15444.05,0.0
54758_372_0,13.78,49.59,21301.29,14503.06,0.0
54763_372_0,0.0,0.0,13976.2,15993.31,10.0
54766_372_0,0.0,0.0,17550.23,16789.7,8.0
54769_372_0,12.01,43.24,20497.83,17434.99,0.0
54772_372_0,10.43,37.57,20953.86,16801.97,0.0
54776_372_0,13.08,47.08,16287.83,7776.42,0.0
54777_372_0,1.37,4.93,16453.55,13727.96,0.0
54778_372_0,1.86,6.68,22803.86,6516.23,0.0
54786_372_0,13.36,48.09,10114.47,16420.65,0.0
54791_372_0,11.67,42.01,18021.47,4461.55,0.0
54795_372_0,12.7,45.72,10823.99,23926.37,0.0
54803_372_0,0.0,0.01,17303.87,7975.87,4.0
54805_372_0,11.1,39.96,13947.47,16196.34,0.0
54813_372_0,27.83,100.2,23312.78,7964.97,0.0
54814_372_0,11.6,41.77,8929.87,24911.46,0.0
54816_372_0,15.06,54.2,16932.11,13931.08,0.0
54817_372_0,0.0,0.0,16900.74,20700.1,6.0
54819_372_0,13.85,49.86,12309.35,15707.79,0.0
54820_372_0,13.12,47.23,10575.77,16723.77,0.0
54821_372_0,12.59,45.31,13780.32,17322.61,0.0
54824_372_0,13.68,49.25,14453.53,7728.82,0.0
54828_372_0,20.08,72.27,9769.0,22893.97,0.0
54834_372_0,12.43,44.75,14425.25,15766.9,0.0
54835_372_0,10.38,37.37,8635.45,21180.33,0.0
54838_372_0,11.71,42.17,14667.53,13227.83,0.0
54841_372_0,11.91,42.89,12434.82,15190.19,0.0
54845_372_0,7.53,27.12,16333.73,9205.28,0.0
54848_372_0,13.81,49.71,10100.93,18562.68,0.0
54851_372_0,13.15,47.35,13549.32,12505.35,0.0
54852_372_0,10.82,38.95,13701.8,6361.3,0.0
54854_372_0,29.46,106.05,14578.08,5391.24,0.0
54861_372_0,6.92,24.92,11881.28,11738.69,0.0
54867_372_0,0.0,0.0,13695.4,15411.65,4.0
54870_372_0,5.95,21.43,8329.29,21365.48,0.0
54872_372_0,0.0,0.0,16522.06,14116.58,8.0
54879_372_0,12.05,43.38,18821.05,14199.66,0.0
54882_372_0,0.0,0.0,20296.45,6648.37,17.0
54887_372_0,12.36,44.48,5515.65,14036.71,0.0
54888_372_0,12.77,45.97,5815.86,15909.87,0.0
54901_372_0,12.29,44.23,17617.2,17224.53,0.0
54906_372_0,0.0,0.0,24226.98,7622.34,2.0
54908_372_0,14.34,51.62,22596.08,7611.69,0.0
54909_372_0,14.05,50.57,11899.87,11727.34,0.0
54913_372_0,11.37,40.92,21131.63,12742.96,0.0
54914_372_0,1.57,5.66,20316.04,17394.26,0.0
54916_372_0,7.9,28.42,19997.56,5979.64,0.0
54921_372_0,24.82,89.36,23185.02,7972.94,0.0
54929_372_0,11.72,42.19,23908.85,4994.32,0.0
54930_372_0,12.4,44.64,11391.08,5193.43,0.0
54934_372_0,0.0,0.0,21202.78,10300.1,8.0
54935_372_0,8.14,29.3,13284.93,18025.11,0.0
54936_372_0,0.0,0.0,9247.01,12706.53,7.0
54940_372_0,12.92,46.5,13058.93,14906.7,0.0
54945_372_0,12.44,44.79,17810.87,14113.88,0.0
54957_372_0,0.0,0.0,11304.23,17667.47,15.0
54959_372_0,12.83,46.2,10978.11,10924.07,0.0
54976_372_0,16.39,59.01,17620.6,12509.48,0.0
54979_372_0,11.8,42.46,9225.63,17006.5,0.0
54980_372_0,25.94,93.39,19799.59,15532.16,0.0
54982_372_0,10.84,39.01,12994.38,11616.01,0.0
54983_372_0,17.7,63.71,11757.33,13402.88,0.0
54985_372_0,11.18,40.25,10169.38,20482.8,0.0
54987_372_0,13.2,47.51,22761.13,7988.05,0.0
54995_372_0,10.23,36.82,10702.05,15963.77,0.0
54996_372_0,6.07,21.87,18347.21,14067.95,0.0
55000_372_0,15.07,54.25,14615.47,15304.19,0.0
55005_372_0,12.15,43.72,22543.49,7968.24,0.0
55009_372_0,9.02,32.47,11052.44,15263.79,0.0
55010_372_0,13.6,48.96,14723.78,13876.78,0.0
55015_372_0,7.24,26.05,10493.74,25079.94,0.0
55018_372_0,8.3,29.89,12362.05,17095.9,0.0
55019_372_0,5.68,20.45,17069.97,14366.59,0.0
55022_372_0,12.18,43.84,12621.81,12770.67,0.0
55024_372_0,6.77,24.37,8308.86,21354.96,0.0
55025_372_0,7.73,27.82,8897.37,25495.43,0.0
55030_372_0,9.26,33.33,10599.93,16420.0,0.0
55032_372_0,12.19,43.88,9617.98,15637.38,0.0
55035_372_0,12.75,45.89,6275.72,13497.81,0.0
55044_372_0,13.23,47.64,10506.81,14027.18,0.0
55045_372_0,17.83,64.18,18310.19,18912.24,0.0
55048_372_0,11.82,42.54,17519.14,17856.04,0.0
55051_372_0,12.69,45.69,19401.08,20036.97,0.0
55061_372_0,2.14,7.7,12936.69,14855.33,0.0
55071_372_0,22.19,79.88,11054.2,4503.95,0.0
55074_372_0,22.93,82.54,15826.76,6087.01,0.0
55081_372_0,11.35,40.87,14211.74,13146.93,0.0
55083_372_0,5.63,20.28,11825.45,14644.61,0.0
55084_372_0,22.17,79.82,11667.77,24242.02,0.0
55085_372_0,7.94,28.6,14017.39,17162.08,0.0
55086_372_0,12.75,45.9,10542.81,13060.19,0.0
55090_372_0,10.93,39.35,18508.42,4814.44,0.0
55093_372_0,11.8,42.47,10192.92,16192.02,0.0
55095_372_0,0.0,0.0,16870.05,13936.58,21.0
55096_372_0,14.56,52.43,18830.14,11569.59,0.0
55097_372_0,10.91,39.26,7813.25,18043.89,0.0
55100_372_0,0.0,0.0,13743.05,17590.52,12.0
55106_372_0,6.04,21.75,16965.69,10982.71,0.0
55107_372_0,11.08,39.88,17263.74,18099.77,0.0
55108_372_0,13.47,48.51,9697.33,21058.25,0.0
55116_372_0,8.18,29.43,7883.05,28306.63,0.0
55119_372_0,12.93,46.54,14870.49,17230.7,0.0
55122_372_0,12.07,43.44,21920.12,8756.35,0.0
55124_372_0,12.18,43.86,10759.71,12476.65,0.0
55125_372_0,12.2,43.91,24337.06,4994.32,0.0
55128_372_0,10.84,39.01,13004.65,20128.47,0.0
55131_372_0,10.67,38.42,20272.87,14246.83,0.0
55156_372_0,4.2,15.1,12469.06,13036.68,0.0
55166_372_0,3.13,11.28,19947.42,17304.5,0.0
55168_372_0,9.59,34.53,14150.31,16958.6,0.0
55173_372_0,0.0,0.0,20296.04,6670.1,22.0
55177_372_0,12.97,46.71,7688.07,16897.31,0.0
55182_372_0,1.09,3.94,17139.63,15972.34,0.0
55183_372_0,16.85,60.66,11686.22,13741.35,0.0
55184_372_0,12.2,43.93,17327.57,18446.71,0.0
55188_372_0,15.76,56.75,14838.84,16902.47,0.0
55190_372_0,0.0,0.0,20727.55,7706.64,11.0
55197_372_0,10.83,39.0,11346.25,16302.02,0.0
55202_372_0,7.77,27.98,13911.92,17442.46,0.0
55220_372_0,13.98,50.31,23960.19,11755.41,0.0
55225_372_0,12.66,45.59,9904.91,15752.32,0.0
55229_372_0,12.63,45.49,21077.98,10584.97,0.0
55231_372_0,6.78,24.39,7351.45,14208.87,0.0
55238_372_0,2.96,10.66,13568.32,12366.39,0.0
55242_372_0,13.86,49.9,9778.19,23929.32,0.0
55245_372_0,10.58,38.1,20950.98,9249.89,0.0
55249_372_0,5.79,20.86,23276.3,3795.2,0.0
55250_372_0,14.13,50.85,21994.16,17482.19,0.0
55261_372_0,11.23,40.42,14787.78,16554.34,0.0
55266_372_0,13.03,46.91,23988.77,7378.11,0.0
55274_372_0,13.83,49.79,11062.5,13895.33,0.0
55278_372_0,18.77,67.56,9687.23,22753.66,0.0
55284_372_0,11.28,40.63,19711.51,13209.32,0.0
55295_372_0,5.86,21.1,11821.47,12110.06,0.0
55299_372_0,0.0,0.0,10982.33,20949.67,9.0
55304_372_0,0.0,0.0,16447.97,11412.14,8.0
55306_372_0,8.25,29.7,11333.82,14991.65,0.0
55311_372_0,8.88,31.98,13730.13,6722.02,0.0
55312_372_0,13.86,49.91,22578.94,10706.05,0.0
55323_372_0,10.13,36.47,5382.35,14307.25,0.0
55325_372_0,13.84,49.84,12999.44,12926.29,0.0
55327_372_0,14.46,52.06,9162.18,17962.64,0.0
55328_372_0,9.59,34.54,11173.0,13854.22,0.0
55331_372_0,12.95,46.62,9739.62,11703.36,0.0
55333_372_0,7.59,27.33,23134.57,4731.56,0.0
55337_372_0,0.0,0.0,20729.91,7692.4,8.0
55339_372_0,0.0,0.0,12013.73,12684.21,4.0
55340_372_0,0.0,0.0,18111.26,15454.32,6.0
55342_372_0,12.26,44.13,17254.18,14722.57,0.0
55345_372_0,4.11,14.78,12703.78,13906.13,0.0
55346_372_0,7.52,27.06,5223.59,15225.22,0.0
55357_372_0,2.36,8.48,9057.68,23585.24,0.0
55360_372_0,15.67,56.43,23562.99,7862.83,0.0
55361_372_0,15.71,56.56,11519.65,13537.93,0.0
55369_372_0,7.18,25.83,19746.35,17245.26,0.0
55373_372_0,29.08,104.68,23457.14,7396.43,0.0
55375_372_0,0.78,2.81,18925.67,16997.31,0.0
55381_372_0,0.0,0.0,6049.96,14280.58,7.0
55386_372_0,15.16,54.58,14760.5,16398.9,0.0
55390_372_0,4.11,14.81,17472.61,15055.31,0.0
55392_372_0,13.31,47.92,13893.88,16305.88,0.0
55394_372_0,12.64,45.5,21147.81,7980.44,0.0
55395_372_0,0.17,0.6,13829.0,16839.63,0.0
55396_372_0,11.99,43.16,14950.88,13359.12,0.0
55400_372_0,12.99,46.76,12080.16,13984.45,0.0
55401_372_0,7.86,28.3,12552.65,17541.7,0.0
55405_372_0,7.05,25.39,13288.05,18475.17,0.0
55409_372_0,13.15,47.33,14896.88,18667.9,0.0
55410_372_0,11.72,42.18,12777.53,12995.36,0.0
55411_372_0,0.4,1.45,14892.55,17544.76,0.0
55417_372_0,1.64,5.91,19053.78,13173.42,0.0
55421_372_0,13.69,49.28,6044.09,14175.6,0.0
55432_372_0,12.39,44.61,19343.3,17911.72,0.0
55435_372_0,13.37,48.12,10603.1,15795.74,0.0
55438_372_0,8.17,29.41,14927.56,13723.44,0.0
55439_372_0,14.63,52.66,19138.7,19282.03,0.0
55443_372_0,6.6,23.75,11897.86,15372.1,0.0
55444_372_0,11.87,42.72,14949.78,13803.85,0.0
55450_372_0,12.41,44.66,17035.89,13937.04,0.0
55452_372_0,11.54,41.55,12950.17,12979.98,0.0
55453_372_0,15.3,55.08,14920.17,17646.59,0.0
55455_372_0,7.0,25.21,8131.22,17095.7,0.0
55458_372_0,48.87,175.94,14507.18,4488.97,0.0
55460_372_0,13.88,49.95,11843.24,18640.6,0.0
55461_372_0,10.26,36.94,20748.47,7511.51,0.0
55465_372_0,15.68,56.43,9149.88,13080.69,0.0
55469_372_0,14.89,53.6,12990.39,14805.4,0.0
55473_372_0,29.11,104.78,23516.14,5814.72,0.0
55476_372_0,1.58,5.69,19986.21,15173.25,0.0
55478_372_0,10.6,38.18,13608.61,12501.16,0.0
55480_372_0,7.95,28.61,20443.88,19972.93,0.0
55481_372_0,13.96,50.26,23142.54,11343.21,0.0
55484_372_0,11.42,41.12,14943.88,5537.93,0.0
55487_372_0,0.0,0.0,20296.59,6642.94,15.0
55490_372_0,12.47,44.89,11046.06,23913.23,0.0
55492_372_0,0.01,0.03,13067.96,14310.82,1.0
55493_372_0,16.23,58.43,7228.73,17760.91,0.0
55495_372_0,10.42,37.51,13830.52,13136.35,0.0
55501_372_0,12.34,44.43,9509.0,21113.33,0.0
55508_372_0,6.59,23.73,22412.62,17605.74,0.0
55513_372_0,6.3,22.67,8205.89,16427.98,0.0
55515_372_0,13.92,50.13,12750.68,11350.18,0.0
55516_372_0,7.16,25.79,10475.18,25203.55,0.0
55518_372_0,13.85,49.85,6197.43,17684.39,0.0
55523_372_0,13.79,49.63,16234.98,17407.74,0.0
55527_372_0,12.45,44.81,17277.97,17295.11,0.0
55529_372_0,14.75,53.09,21616.87,3163.19,0.0
55536_372_0,13.47,48.48,11014.04,16989.21,0.0
55541_372_0,9.64,34.71,11910.79,14922.32,0.0
55543_372_0,12.08,43.49,22542.66,7917.5,0.0
55545_372_0,13.71,49.37,13969.47,12958.14,0.0
55546_372_0,6.13,22.07,13531.2,18511.76,0.0
55552_372_0,0.0,0.0,11022.0,15312.88,10.0
55556_372_0,12.71,45.75,15635.25,17132.27,0.0
55558_372_0,6.8,24.49,11718.85,15055.07,0.0
55559_372_0,8.59,30.92,6924.74,26573.27,0.0
55565_372_0,5.11,18.39,14886.24,18451.93,0.0
55566_372_0,0.0,0.0,11630.07,14827.1,14.0
55572_372_0,14.17,51.01,12107.24,12835.72,0.0
55573_372_0,13.8,49.68,6955.96,27222.88,0.0
55577_372_0,13.38,48.18,18837.1,14218.05,0.0
55580_372_0,15.88,57.18,16030.94,14756.91,0.0
55582_372_0,12.64,45.51,13777.51,17347.21,0.0
55585_372_0,12.78,46.0,19327.08,17734.87,0.0
55586_372_0,14.78,53.19,13039.58,13152.46,0.0
55587_372_0,14.94,53.77,16856.38,21313.97,0.0
55597_372_0,12.63,45.48,10394.46,20947.24,0.0
55600_372_0,12.62,45.45,11288.7,13091.53,0.0
55607_372_0,11.45,41.23,9844.43,15173.76,0.0
55612_372_0,14.35,51.66,10399.61,22525.39,0.0
55620_372_0,6.85,24.64,23883.9,14914.3,0.0
55621_372_0,11.94,42.98,20031.2,12973.84,0.0
55625_372_0,10.29,37.06,14847.39,13752.93,0.0
55626_372_0,11.83,42.58,14232.32,17744.95,0.0
55628_372_0,1.34,4.84,21237.4,10268.44,0.0
55635_372_0,7.17,25.8,21744.56,17342.78,0.0
55638_372_0,7.87,28.34,23541.49,12444.09,0.0
55640_372_0,12.53,45.12,8658.97,14153.46,0.0
55655_372_0,14.89,53.59,7458.53,14217.66,0.0
55661_372_0,12.82,46.16,4755.49,16437.58,0.0
55663_372_0,0.03,0.1,21471.5,14409.63,2.0
55665_372_0,7.96,28.67,11692.03,14086.36,0.0
55668_372_0,16.76,60.32,22811.14,11531.03,0.0
55669_372_0,14.27,51.39,11862.51,12682.65,0.0
55670_372_0,13.43,48.35,14460.41,9746.35,0.0
55674_372_0,4.59,16.51,11322.98,9865.88,0.0
55676_372_0,0.0,0.0,11841.29,14651.43,7.0
55678_372_0,0.54,1.93,13968.43,16022.3,0.0
55683_372_0,7.85,28.24,23794.74,4807.71,0.0
55694_372_0,0.26,0.92,10915.22,13454.12,0.0
55698_372_0,14.47,52.07,5529.41,16314.24,0.0
55699_372_0,8.24,29.67,17961.0,15759.34,0.0
55704_372_0,0.0,0.0,12483.38,13038.52,13.0
55708_372_0,12.43,44.73,10463.12,20977.12,0.0
55713_372_0,11.13,40.06,19083.23,15924.43,0.0
55717_372_0,12.3,44.27,14383.28,10227.89,0.0
55721_372_0,12.56,45.23,9899.52,23858.56,0.0
55726_372_0,12.9,46.43,12704.4,14045.17,0.0
55741_372_0,13.31,47.91,18114.37,12819.44,0.0
55748_372_0,6.84,24.63,13653.56,13974.95,0.0
55753_372_0,6.83,24.57,22396.49,8821.0,0.0
55754_372_0,13.21,47.55,8610.82,20772.44,0.0
55761_372_0,7.71,27.76,15076.89,16543.62,0.0
55763_372_0,12.63,45.47,16918.89,10928.93,0.0
55767_372_0,7.97,28.68,10537.58,11956.27,0.0
55768_372_0,11.19,40.29,15461.51,12538.25,0.0
55777_372_0,7.17,25.83,17085.82,16327.61,0.0
55780_372_0,12.32,44.34,11743.86,16349.27,0.0
55781_372_0,0.02,0.08,13200.84,13819.47,1.0
55784_372_0,11.51,41.45,13681.86,19285.6,0.0
55789_373_0,5.55,19.98,6048.86,14261.55,0.0
55801_373_0,11.44,41.2,15024.87,11124.61,0.0
55808_373_0,15.31,55.11,9455.48,23778.43,0.0
55813_373_0,0.69,2.49,13929.28,16153.31,0.0
55814_373_0,10.43,37.53,17089.05,19668.13,0.0
55819_373_0,14.75,53.12,15422.32,13207.39,0.0
55829_373_0,0.02,0.08,14309.78,11909.57,2.0
55842_373_0,15.36,55.29,12725.36,15713.51,0.0
55846_373_0,17.37,62.53,18205.64,10284.36,0.0
55849_373_0,13.61,49.0,23646.05,7496.49,0.0
55862_373_0,11.87,42.72,9741.46,17602.37,0.0
55880_373_0,3.97,14.29,14497.94,15782.67,0.0
55884_373_0,12.47,44.89,22630.48,7993.77,0.0
55887_373_0,5.7,20.51,17083.24,6936.61,0.0
55894_373_0,11.87,42.73,18116.71,6333.91,0.0
55900_373_0,12.68,45.66,14599.05,18811.27,0.0
55907_373_0,11.75,42.32,13584.86,6590.11,0.0
55909_373_0,9.5,34.21,17009.51,11119.52,0.0
55911_373_0,23.23,83.62,9081.13,21290.85,0.0
55912_373_0,0.0,0.0,12928.73,13022.27,11.0
55915_373_0,10.42,37.5,17398.73,16769.24,0.0
55923_373_0,14.53,52.32,13048.5,20042.04,0.0
55933_373_0,7.06,25.4,18677.87,19070.51,0.0
55934_373_0,14.53,52.31,16323.12,8747.64,0.0
55936_373_0,11.33,40.79,14080.04,23037.76,0.0
55941_373_0,5.29,19.05,7432.75,22319.95,0.0
55943_373_0,2.91,10.49,14445.33,12401.1,0.0
55955_373_0,14.25,51.3,19315.46,19907.35,0.0
55958_373_0,32.94,118.57,23499.35,6203.8,0.0
55970_373_0,12.02,43.27,20077.13,17343.02,0.0
55972_373_0,10.99,39.55,17033.57,13790.63,0.0
55974_373_0,13.22,47.58,20940.82,15384.28,0.0
55982_373_0,0.0,0.01,14141.4,16876.16,5.0
55983_373_0,14.9,53.64,16723.32,13333.48,0.0
55995_373_0,7.19,25.9,13845.53,10525.92,0.0
55997_373_0,14.87,53.53,14839.71,15658.55,0.0
55998_373_0,15.55,55.99,9600.73,22633.88,0.0
55999_373_0,13.38,48.16,10994.54,17017.04,0.0
56000_373_0,11.96,43.07,14361.53,13835.74,0.0
56012_373_0,13.04,46.95,10356.76,14590.41,0.0
56026_373_0,10.34,37.24,18196.24,15072.53,0.0
56027_373_0,11.87,42.73,8555.79,17131.14,0.0
56041_373_0,14.28,51.42,24264.71,7428.76,0.0
56045_373_0,15.36,55.29,15866.58,20554.35,0.0
56058_373_0,15.84,57.03,13084.61,23503.62,0.0
56059_373_0,2.64,9.52,6000.31,14130.35,0.0
56066_373_0,14.52,52.26,6681.92,26359.35,0.0
56075_373_0,4.34,15.64,14393.78,16817.71,0.0
56081_373_0,14.75,53.11,13676.83,15490.7,0.0
56085_373_0,3.94,14.18,17807.6,16014.06,0.0
56089_373_0,5.89,21.2,17669.83,16283.25,0.0
56090_373_0,12.22,44.0,16993.85,7493.67,0.0
56091_373_0,6.14,22.11,18959.52,9931.45,0.0
56093_373_0,10.21,36.77,16466.47,8993.96,0.0
56099_373_0,14.26,51.34,13787.79,10165.55,0.0
56100_373_0,7.5,27.01,14506.3,10999.0,0.0
56105_373_0,11.47,41.31,22753.6,4946.66,0.0
56108_373_0,14.55,52.38,5712.46,14150.22,0.0
56117_373_0,0.0,0.0,8645.38,21681.38,11.0
56118_373_0,13.83,49.8,10998.23,15331.16,0.0
56121_373_0,8.26,29.74,23100.59,12398.5,0.0
56125_373_0,12.75,45.88,12929.47,20244.78,0.0
56127_373_0,14.52,52.29,8595.81,12711.93,0.0
56143_373_0,0.0,0.0,15834.12,20684.19,0.0
56145_373_0,0.0,0.0,18855.23,18587.14,24.0
56160_373_0,7.74,27.86,9874.27,24259.66,0.0
56168_373_0,9.23,33.24,23797.71,4737.11,0.0
56175_373_0,4.45,16.03,16687.72,13117.85,0.0
56176_373_0,10.44,37.58,19244.84,19561.38,0.0
56177_373_0,15.22,54.78,11030.73,17352.48,0.0
56178_373_0,5.42,19.53,22531.66,7593.22,0.0
56181_373_0,14.54,52.36,21728.42,18603.01,0.0
56185_373_0,12.23,44.02,19393.52,18578.33,0.0
56189_373_0,8.29,29.86,13661.07,18510.53,0.0
56191_373_0,3.68,13.25,5363.59,14826.06,0.0
56193_373_0,14.53,52.32,16969.98,15238.53,0.0
56195_373_0,12.85,46.25,16977.79,15249.57,0.0
56196_373_0,5.3,19.08,6011.64,14129.46,0.0
56200_373_0,6.31,22.73,22728.87,14942.45,0.0
56202_373_0,7.23,26.04,13489.6,16886.87,0.0
56205_373_0,0.02,0.05,19889.12,17290.8,3.0
56216_373_0,9.76,35.13,6744.49,18734.02,0.0
56224_373_0,9.2,33.1,13359.09,19357.69,0.0
56234_373_0,14.44,52.0,21972.92,18047.77,0.0
56243_373_0,8.31,29.91,18112.91,15161.08,0.0
56248_373_0,7.09,25.53,14898.29,18446.81,0.0
56254_373_0,8.77,31.57,9233.73,23651.01,0.0
56258_373_0,7.28,26.23,20803.1,8737.23,0.0
56274_373_0,7.51,27.04,21379.31,9744.69,0.0
56276_373_0,15.06,54.21,11498.37,17370.89,0.0
56277_373_0,7.92,28.51,20515.05,14598.13,0.0
56278_373_0,7.3,26.28,6169.41,14275.6,0.0
56279_373_0,0.0,0.0,13850.38,16642.97,13.0
56281_373_0,10.42,37.5,7520.75,18240.92,0.0
56282_373_0,11.55,41.59,24344.42,6449.75,0.0
56284_373_0,6.06,21.83,10094.41,21700.27,0.0
56290_373_0,12.53,45.1,18525.85,6567.43,0.0
56295_373_0,27.15,97.74,20158.33,11891.86,0.0
56303_373_0,10.24,36.88,14019.86,7311.94,0.0
56304_373_0,10.22,36.81,17084.74,12440.77,0.0
56305_373_0,15.03,54.11,16222.71,15439.58,0.0
56307_373_0,31.33,112.77,16527.78,10156.13,0.0
56309_373_0,12.42,44.7,22553.1,7982.54,0.0
56310_373_0,6.93,24.95,16240.3,11753.43,0.0
56318_373_0,11.72,42.21,5746.87,14017.53,0.0
56319_373_0,7.9,28.46,7552.45,27803.43,0.0
56322_373_0,26.47,95.29,23519.42,5815.31,0.0
56326_373_0,11.5,41.41,16447.98,15543.62,0.0
56330_373_0,0.0,0.0,12140.02,14402.11,3.0
56336_373_0,8.97,32.29,4984.75,15688.76,0.0
56338_373_0,11.35,40.85,20134.93,12376.19,0.0
56339_373_0,7.88,28.38,22025.59,8686.14,0.0
56342_373_0,8.62,31.02,11058.61,25176.9,0.0
56346_373_0,10.98,39.52,9954.86,20569.35,0.0
56350_373_0,1.18,4.26,17262.76,8003.02,0.0
56358_373_0,15.61,56.18,5431.66,23274.44,0.0
56361_373_0,8.9,32.02,22350.91,8982.31,0.0
56366_373_0,13.34,48.01,20267.12,6514.3,0.0
56370_373_0,11.91,42.88,18032.98,4476.25,0.0
56397_373_0,10.96,39.47,14061.95,15175.84,0.0
56401_373_0,12.01,43.25,21206.7,7714.05,0.0
56413_373_0,3.0,10.79,11742.9,15661.4,0.0
56416_373_0,4.4,15.84,17090.02,14572.47,0.0
56421_373_0,7.91,28.49,14631.37,10907.73,0.0
56425_373_0,13.94,50.17,17512.25,17035.29,0.0
56435_373_0,13.19,47.47,24233.62,7588.05,0.0
56436_373_0,13.4,48.24,17159.37,12173.16,0.0
56439_373_0,0.5,1.79,11811.05,13316.49,0.0
56443_373_0,12.24,44.05,21584.33,3159.83,0.0
56465_373_0,12.63,45.47,14151.75,16978.82,0.0
56468_373_0,10.26,36.94,15460.22,14079.72,0.0
56469_373_0,0.0,0.0,21297.93,10195.27,13.0
56490_373_0,13.95,50.22,17832.63,15025.45,0.0
56496_373_0,15.2,54.72,11710.1,11109.66,0.0
56497_373_0,13.0,46.81,13093.68,11119.54,0.0
56501_373_0,15.6,56.17,16513.36,12828.95,0.0
56506_373_0,7.6,27.36,10050.92,16962.28,0.0
56509_373_0,10.21,36.77,20184.05,17377.52,0.0
56511_373_0,11.59,41.74,21478.78,10346.18,0.0
56529_373_0,8.5,30.59,10656.87,25087.88,0.0
56541_373_0,11.95,43.01,16478.67,14404.7,0.0
56550_373_0,11.51,41.42,20142.85,6412.54,0.0
56569_373_0,0.0,0.0,9272.33,14104.7,45.0
56577_373_0,0.08,0.28,10864.82,19491.84,1.0
56582_373_0,12.66,45.57,9601.36,20151.66,0.0
56595_373_0,0.0,0.0,16850.07,20711.55,3.0
56597_373_0,1.37,4.93,20206.23,6609.38,0.0
56606_373_0,9.99,35.98,13880.49,16354.45,0.0
56610_373_0,11.69,42.1,20724.7,18310.79,0.0
56617_373_0,0.0,0.01,14277.19,10978.16,3.0
56625_373_0,6.47,23.28,20027.88,17646.59,0.0
56633_373_0,11.1,39.95,21889.58,9389.32,0.0
56634_373_0,11.55,41.57,8300.34,16543.09,0.0
56645_373_0,13.27,47.78,12587.21,13793.43,0.0
56646_373_0,2.2,7.91,19839.72,12950.68,0.0
56647_373_0,15.23,54.83,15732.34,21025.36,0.0
56650_373_0,13.77,49.58,9258.7,19650.45,0.0
56662_374_0,19.49,70.17,17971.97,10444.71,0.0
56664_374_0,8.51,30.65,22192.99,16536.65,0.0
56672_374_0,8.93,32.14,15558.19,10152.74,0.0
56673_374_0,8.62,31.04,9425.61,24704.32,0.0
56699_374_0,15.03,54.12,18436.44,10064.91,0.0
56708_374_0,11.25,40.49,7348.14,18582.35,0.0
56712_374_0,12.53,45.12,10520.27,12069.3,0.0
56720_374_0,5.77,20.78,17638.79,16353.05,0.0
56734_374_0,13.01,46.83,9936.17,16430.28,0.0
56741_374_0,12.32,44.34,22555.94,7806.11,0.0
56750_374_0,0.0,0.0,15182.95,9203.68,11.0
56761_374_0,7.05,25.39,16819.77,13657.89,0.0
56772_374_0,12.56,45.22,11672.69,12114.53,0.0
56797_374_0,13.88,49.95,21898.34,9666.48,0.0
56815_374_0,17.6,63.36,18229.0,10245.44,0.0
56836_374_0,13.18,47.46,14202.44,8155.38,0.0
56845_374_0,14.66,52.77,15461.4,14141.86,0.0
56846_374_0,13.34,48.03,14182.67,17259.2,0.0
56851_374_0,13.44,48.39,7053.6,28328.19,0.0
56867_374_0,10.79,38.84,22025.39,9209.32,0.0
56876_374_0,12.84,46.23,9148.72,16049.74,0.0
56877_374_0,5.99,21.55,16357.93,9174.84,0.0
56880_374_0,7.81,28.11,11795.4,11792.76,0.0
56888_374_0,22.2,79.92,12042.07,16353.6,0.0
56902_374_0,12.91,46.47,14200.16,11386.37,0.0
56914_374_0,14.38,51.76,16778.76,20730.44,0.0
56931_374_0,13.06,47.01,15419.53,17845.08,0.0
56945_374_0,12.76,45.94,14131.93,11942.31,0.0
56949_374_0,1.16,4.19,16811.54,20721.23,0.0
56963_374_0,0.11,0.4,11940.04,12258.15,0.0
56968_374_0,7.98,28.72,22039.69,17797.91,0.0
56975_374_0,0.0,0.0,12937.44,14830.52,21.0
56977_374_0,12.92,46.5,18999.94,16142.29,0.0
57007_374_0,0.22,0.78,12882.75,17474.08,0.0
57016_374_0,12.7,45.72,20646.44,20649.35,0.0
57036_374_0,4.36,15.7,11703.87,15065.78,0.0
57038_374_0,12.56,45.23,14989.46,14055.72,0.0
57048_374_0,8.23,29.62,17468.54,15291.8,0.0
57058_374_0,1.93,6.95,18468.51,14187.19,0.0
57086_374_0,6.61,23.78,17724.53,10485.63,0.0
57092_374_0,0.75,2.7,12206.05,15329.83,0.0
57114_374_0,7.08,25.47,17912.69,15880.97,0.0
57128_374_0,8.22,29.61,22913.36,7668.33,0.0
57131_374_0,12.84,46.24,22772.56,7504.58,0.0
57136_374_0,15.84,57.01,22692.66,5084.31,0.0
57154_374_0,12.74,45.87,13730.87,7033.23,0.0
57168_374_0,4.92,17.73,16741.81,8241.22,0.0
57175_374_0,12.85,46.27,14341.94,13833.43,0.0
57189_374_0,7.8,28.07,23793.61,4832.53,0.0
57194_374_0,9.25,33.3,19171.28,14187.18,0.0
57197_374_0,19.13,68.88,18026.27,10422.88,0.0
57203_374_0,7.52,27.06,21387.67,13517.31,0.0
57206_374_0,13.46,48.45,19959.13,20885.06,0.0
57211_374_0,13.52,48.66,19784.24,20579.34,0.0
57215_374_0,5.35,19.27,20323.83,18663.25,0.0
57219_374_0,12.81,46.12,7100.22,13253.69,0.0
57222_374_0,6.07,21.85,17182.9,3702.08,0.0
57254_374_0,9.43,33.93,21085.72,10039.5,0.0
57259_374_0,12.59,45.31,10969.42,21904.87,0.0
57265_374_0,11.72,42.2,23104.51,4175.8,0.0
57267_374_0,1.64,5.91,13687.11,10549.21,0.0
57271_374_0,8.21,29.54,7375.29,15306.61,0.0
57272_374_0,13.97,50.3,11795.43,11579.52,0.0
57292_374_0,0.0,0.0,4546.57,14367.84,0.0
57312_374_0,13.22,47.6,16369.46,13857.72,0.0
57324_374_0,6.46,23.25,6500.71,13688.81,0.0
57339_374_0,9.86,35.5,21286.33,10200.45,0.0
57340_374_0,14.45,52.03,14921.86,18159.49,0.0
57345_374_0,8.11,29.18,23415.44,17408.26,0.0
57346_374_0,13.82,49.75,11785.37,11570.81,0.0
57360_374_0,8.04,28.95,24024.71,4240.88,0.0
57368_374_0,12.86,46.3,12447.78,12505.68,0.0
57370_374_0,12.53,45.1,11008.18,21758.94,0.0
57372_374_0,1.91,6.88,24381.09,4051.61,0.0
57376_374_0,11.04,39.74,4975.63,13869.8,0.0
57379_374_0,11.52,41.47,12762.32,11299.22,0.0
57380_374_0,0.0,0.0,12019.77,12731.81,10.0
57390_374_0,7.52,27.06,22392.49,8945.56,0.0
57402_374_0,11.44,41.18,13336.41,18241.82,0.0
57411_374_0,14.95,53.83,11452.01,5326.81,0.0
57415_374_0,0.07,0.24,17084.92,6942.91,1.0
57419_374_0,0.0,0.0,16482.55,13720.68,10.0
57425_374_0,13.42,48.31,8535.02,16421.92,0.0
57427_374_0,11.54,41.56,11807.34,9530.37,0.0
57437_374_0,6.73,24.22,15206.46,13536.49,0.0
57455_374_0,14.62,52.63,10361.58,13196.69,0.0
57459_374_0,19.42,69.9,17990.41,10422.56,0.0
57464_374_0,0.0,0.0,10852.78,14918.93,8.0
57470_374_0,12.6,45.36,18402.16,14180.16,0.0
57480_374_0,5.52,19.88,14232.79,12483.27,0.0
57482_374_0,6.17,22.23,9808.84,24535.11,0.0
57486_374_0,14.0,50.41,20953.95,9232.82,0.0
57493_374_0,11.78,42.42,11316.29,5042.12,0.0
57504_374_0,14.46,52.06,14791.54,13232.76,0.0
57510_374_0,11.32,40.75,10243.09,23066.67,0.0
57529_374_0,3.03,10.91,23800.12,4715.69,0.0
57549_374_0,7.22,25.99,10554.83,24877.92,0.0
57551_374_0,8.03,28.91,21578.87,14034.56,0.0
57569_374_0,24.51,88.22,23489.38,15209.53,0.0
57589_374_0,3.62,13.05,13241.96,12765.78,0.0
57603_374_0,15.6,56.17,11286.99,11168.97,0.0
57614_374_0,12.86,46.31,8836.96,17299.28,0.0
57619_374_0,16.0,57.6,6738.23,18661.28,0.0
57621_374_0,13.67,49.2,11849.47,11657.56,0.0
57622_374_0,0.0,0.0,5781.62,15641.2,0.0
57641_374_0,6.83,24.58,7116.65,27286.86,0.0
57645_374_0,13.55,48.77,14354.08,23467.96,0.0
57654_374_0,12.36,44.49,21180.75,8092.41,0.0
57667_374_0,6.93,24.94,9257.61,23492.69,0.0
57680_374_0,14.16,50.97,11388.83,18858.52,0.0
57702_374_0,13.92,50.12,16275.84,15861.37,0.0
57710_374_0,0.03,0.11,6422.44,14260.35,2.0
57750_374_0,0.0,0.0,12711.95,13706.31,10.0
57757_374_0,4.84,17.44,20841.89,8398.39,0.0
57774_374_0,14.77,53.17,10479.88,22712.35,0.0
57778_374_0,14.17,51.02,22305.18,9221.02,0.0
57782_374_0,13.91,50.07,10347.2,22502.69,0.0
57793_374_0,12.28,44.2,18113.91,6846.75,0.0
57798_374_0,18.32,65.95,17233.61,18726.24,0.0
57806_374_0,12.97,46.7,16387.09,11428.36,0.0
57819_374_0,11.55,41.58,14499.87,18574.35,0.0
57825_375_0,0.0,0.0,11152.5,15172.55,0.0
57836_375_0,13.16,47.36,17276.36,3809.2,0.0
57899_375_0,15.65,56.34,19956.47,20872.36,0.0
57908_375_0,17.16,61.77,17706.6,18467.96,0.0
57955_375_0,1.46,5.25,17713.32,10490.28,0.0
57994_375_0,16.01,57.65,12671.11,10935.29,0.0
58007_375_0,8.31,29.93,12005.62,11264.38,0.0
58049_375_0,13.95,50.23,14722.87,13237.41,0.0
58066_375_0,6.72,24.18,22365.46,8726.11,0.0
58067_375_0,0.0,0.0,20083.58,6108.62,5.0
58124_375_0,0.0,0.0,14722.74,16449.98,0.0
58142_375_0,12.21,43.96,20109.74,6321.93,0.0
58184_375_0,6.48,23.32,15993.36,8560.38,0.0
58216_375_0,0.0,0.0,10559.15,13002.17,15.0
58217_375_0,10.49,37.75,12667.47,13210.8,0.0
58226_375_0,6.35,22.85,17833.83,14119.08,0.0
58252_375_0,1.53,5.52,20572.53,18329.12,0.0
58263_375_0,7.06,25.43,14759.01,18773.04,0.0
58278_375_0,2.2,7.94,17545.72,14137.13,0.0
58304_375_0,5.8,20.87,11325.16,17331.91,0.0
58334_375_0,4.78,17.2,19354.75,18124.06,0.0
58335_375_0,4.29,15.46,11414.77,17584.41,0.0
58348_375_0,0.0,0.0,23108.74,18700.9,0.0
58351_375_0,6.95,25.01,20252.57,21015.19,0.0
58352_375_0,6.33,22.8,18440.99,16838.03,0.0
58361_375_0,7.19,25.87,19996.59,20532.46,0.0
58382_375_0,6.54,23.54,23097.88,17548.17,0.0
58384_375_0,12.77,45.97,18047.31,6031.55,0.0
58388_375_0,12.02,43.26,10335.12,16575.4,0.0
58413_375_0,13.61,48.98,7896.98,18701.87,0.0
58428_375_0,12.77,45.97,13695.66,10138.35,0.0
58436_375_0,10.29,37.04,18775.34,7065.03,0.0
58475_375_0,1.52,5.46,15783.97,9161.41,0.0
58477_375_0,8.2,29.53,12842.97,10393.39,0.0
58524_375_0,8.07,29.04,21006.94,13607.29,0.0
58542_375_0,0.76,2.73,18659.99,18592.48,0.0
58549_375_0,0.0,0.0,17150.57,15950.75,3.0
58551_375_0,6.46,23.25,5031.95,14068.19,0.0
58566_375_0,14.16,50.98,14344.53,13136.5,0.0
58580_375_0,12.99,46.77,18434.61,6500.8,0.0
58607_375_0,7.05,25.39,9462.53,21655.39,0.0
58623_375_0,13.65,49.15,17367.22,13992.97,0.0
58634_375_0,12.26,44.12,18314.38,14972.43,0.0
58652_375_0,6.05,21.79,22134.66,8091.05,0.0
58689_375_0,12.84,46.22,4896.59,14642.58,0.0
58694_375_0,11.34,40.82,14710.08,4243.82,0.0
58695_375_0,11.0,39.6,10513.02,17760.42,0.0
58705_375_0,3.85,13.86,19376.28,18127.51,0.0
58737_375_0,14.54,52.36,22897.75,18169.96,0.0
58772_375_0,7.94,28.58,24008.3,3964.49,0.0
58781_375_0,13.07,47.04,19600.19,17622.09,0.0
58815_375_0,10.96,39.47,17981.67,15926.28,0.0
58818_375_0,5.8,20.88,22376.05,8729.45,0.0
58823_375_0,12.29,44.26,20395.62,12849.89,0.0
58829_375_0,4.52,16.26,17144.0,16902.81,0.0
58859_375_0,11.86,42.71,12912.92,13540.97,0.0
58876_375_0,7.93,28.56,20552.29,15764.93,0.0
58881_375_0,13.24,47.67,15894.15,20484.0,0.0
58882_375_0,11.07,39.85,5524.4,14286.78,0.0
58921_375_0,7.63,27.47,14626.9,18546.64,0.0
58949_375_0,12.2,43.92,14587.44,18790.51,0.0
58982_375_0,13.15,47.35,23691.35,14901.54,0.0
58993_375_0,7.93,28.56,6528.22,26329.39,0.0
59013_375_0,14.09,50.71,17457.02,18042.39,0.0
59026_375_0,14.34,51.63,18544.77,12170.39,0.0
59029_375_0,9.13,32.88,16796.2,3968.24,0.0
59035_375_0,14.82,53.34,20106.43,18624.71,0.0
59039_375_0,9.29,33.46,19577.86,18200.08,0.0
59060_375_0,13.16,47.37,20633.89,17988.61,0.0
59101_375_0,12.29,44.25,7458.23,28845.37,0.0
59103_375_0,8.06,29.02,13689.07,16060.81,0.0
59105_375_0,7.92,28.51,9827.77,8962.95,0.0
59161_375_0,7.24,26.06,11632.39,11884.86,0.0
59229_375_0,7.46,26.84,20898.77,8129.24,0.0
59232_375_0,10.78,38.8,17725.65,16670.55,0.0
59286_375_0,2.83,10.2,9884.86,22276.22,0.0
59299_375_0,7.4,26.63,12813.19,18531.24,0.0
59345_375_0,7.25,26.11,8020.61,28580.07,0.0
59353_375_0,5.79,20.85,14025.72,17402.3,0.0
59402_375_0,7.7,27.71,14715.42,18493.14,0.0
59439_375_0,9.12,32.85,23775.57,3754.68,0.0
59451_375_0,13.4,48.22,18561.99,7277.05,0.0
59454_375_0,7.9,28.42,9010.31,21214.32,0.0
59456_375_0,7.78,28.02,12653.2,10522.91,0.0
59510_375_0,5.64,20.31,18797.3,14177.94,0.0
59518_375_0,15.1,54.36,15647.86,9487.2,0.0
59524_375_0,5.78,20.8,18864.81,6966.89,0.0
59528_375_0,8.82,31.75,10103.71,23227.31,0.0
